6.40738472440134e-06,-9.01424229200327e-06,8.65967732821994e-06,-5.0363141494396e-06,-1.83784953697516e-06,7.36880673235594e-06,-7.80667655391105e-06,7.05047594949945e-06,-8.63812276154263e-06,9.35254124125125e-06,-6.53096277572388e-06,1.130759119082e-06,4.83935483710582e-06,-7.51307626689654e-06,6.19170141359046e-06,-5.66906229987136e-06,6.31173123387899e-06,-4.63660476281343e-06,6.96090672118856e-07,1.5274769126775e-06,-1.26390979839487e-06,5.72407746724257e-07,4.81189402311362e-07,1.17546969579134e-07,-2.94820518733534e-06,3.41903108436116e-06,1.54611856323821e-06,-6.47408678220445e-06,5.02653518073853e-06,-1.79295123564049e-06,2.300370826105e-06,-4.31705337437874e-06,5.11765583510735e-06,-5.46733883089829e-06,7.40359416431255e-06,-1.04459399082341e-05,1.20536111599763e-05,-1.05451123926934e-05,8.24428952792838e-06,-6.91749874003313e-06,4.17262003596236e-06,-6.0395470000539e-07,8.49234954756676e-07,-4.96723833001122e-06,6.1269146742289e-06,-3.58257892050802e-06,3.8108367544425e-06,-5.07054834238157e-06,1.4156338860661e-06,2.98843588705219e-06,-1.7663592603271e-06,-4.09346374941506e-06,9.4008463721593e-06,-9.86717076488408e-06,6.83487874837913e-06,-3.15154143336234e-06,-9.43158862558449e-07,2.68662707493928e-06,-1.41493385498971e-06,2.95885668916297e-06,-6.31753286710584e-06,5.13488281677182e-06,-1.33940930609268e-06,-2.23527764917709e-06
-7.84646664386109e-06,1.26520313112525e-05,-1.19119365696441e-05,6.90573952655547e-06,-2.94082093493144e-07,-4.85411955469205e-06,6.60865695344257e-06,-6.71356421135747e-06,7.21154578384367e-06,-7.03005784087152e-06,5.26842102774883e-06,-2.26531310860972e-06,-2.34579110711752e-06,5.13598571109786e-06,-4.21592897584535e-06,3.98658039831222e-06,-4.79351075428049e-06,4.22619995336513e-06,-1.43442833344086e-06,-1.49913976581556e-06,2.15253041788093e-06,-1.36841411210564e-06,-2.70063524992741e-07,1.31334836847294e-06,-8.08395535181834e-07,1.41434888934782e-06,-6.04718665167824e-06,1.03612233680644e-05,-7.80210956563543e-06,3.24622185355498e-06,-2.84491701982571e-06,3.05469515406811e-06,-1.41416550335812e-06,9.03232610760791e-07,-3.98261505898426e-06,8.82167890708482e-06,-1.1299764605813e-05,9.29864436255464e-06,-5.5070414244801e-06,3.13256762756603e-06,-1.0113765235418e-06,-1.58129567585585e-06,9.39965870003758e-07,2.75826669349952e-06,-3.23450467021376e-06,1.03111338119987e-06,-9.45200187123931e-07,7.91645010885255e-07,2.64596552209499e-06,-5.29088969303617e-06,3.23357895439136e-06,1.4603774458788e-06,-5.58968786145802e-06,7.11983303220835e-06,-5.72443981326779e-06,1.93888401024594e-06,3.71693179640418e-06,-7.64320080943399e-06,6.79340245635533e-06,-4.89918156126386e-06,3.71028909299471e-06,-1.59502091533106e-06,2.90424840164512e-07,1.91871647040584e-06
8.25897756626169e-06,-1.31303781973433e-05,1.08795370807478e-05,-5.86245866710389e-06,2.74134856488854e-06,-1.81805147894486e-08,-3.52563968338431e-06,5.26687748256733e-06,-4.45425930126936e-06,3.30393239594906e-06,-3.67346721753042e-06,5.24390183727785e-06,-4.1874988429324e-06,1.37040777246187e-06,-8.87162827352855e-07,1.15048887514221e-06,-2.54621259824354e-07,-6.52839258729727e-07,-6.9572881024523e-07,2.6757389018801e-06,-2.28732126024397e-06,1.55725467664997e-06,-1.25064526586686e-06,-3.69827870291488e-07,2.85847174928758e-06,-5.43716695393455e-06,8.42034054696434e-06,-9.13361190466614e-06,5.32672091956698e-06,-2.35474604131968e-06,3.19381129253328e-06,-2.48903839424996e-06,-1.19570292075626e-06,2.73722627477928e-06,1.07422173989292e-06,-7.18116711683493e-06,9.56997554558408e-06,-6.14100610775552e-06,3.31664653460656e-07,3.97892775971236e-06,-6.69694127933142e-06,7.2184259064163e-06,-2.65881479924445e-06,-2.85024881380268e-06,2.70837215385893e-06,6.29012296656211e-07,-2.97752705276151e-06,5.40138211063477e-06,-8.72998643732317e-06,9.54242949633129e-06,-6.95060689849914e-06,4.08210302162317e-06,-1.77446907541074e-06,1.93150818020397e-07,7.11851900969773e-09,7.65472274042947e-07,-2.85329241712174e-06,5.70650989083626e-06,-6.19366509103354e-06,3.57843005861441e-06,1.22940470319258e-07,-1.94834029272793e-06,9.36434276502462e-07,-1.99949719539195e-06
-6.6550657389017e-06,1.06143940150939e-05,-6.82208396279765e-06,1.15046926877077e-06,-9.66716737353422e-07,1.46177329641589e-06,2.18527866621008e-06,-4.67540421790677e-06,3.36238189096074e-06,-1.87665855814996e-06,3.02200855906569e-06,-6.63065736724293e-06,7.73556117946987e-06,-5.47359710433921e-06,5.35376886885256e-06,-7.05938095316857e-06,5.73570166635351e-06,-2.85495500666239e-06,2.52115513047899e-06,-1.82829849810829e-06,-4.97855430038003e-07,-4.66048357084466e-07,3.22234953936139e-06,-2.52221133180606e-06,-6.66452453780375e-07,3.69242289079829e-06,-5.29973021805018e-06,3.90862208648217e-06,-5.20491869298925e-07,-6.76865206512268e-07,-8.51427492485136e-07,1.04622707051857e-06,1.30922857190628e-06,-2.97963201487746e-06,1.05828212458044e-06,2.68968045506651e-06,-3.04133288266667e-06,-1.0845213483699e-06,5.72103877407081e-06,-9.11424049668964e-06,1.17559963268978e-05,-1.01216001616093e-05,2.01724444176542e-06,4.63712215102736e-06,-4.17624499514854e-06,3.23802634132665e-07,3.64940765653951e-06,-7.46280030100371e-06,1.09753457783572e-05,-1.1567380123048e-05,9.69480107423311e-06,-9.07354863846302e-06,8.08120161865172e-06,-4.63550904721622e-06,1.59499462805494e-06,-7.35883102339172e-07,1.06688169032696e-06,-1.84090501935325e-06,2.37851482947956e-06,-1.57163970769886e-06,-7.76947740756098e-07,1.99228086664345e-06,-8.82446362933406e-07,1.46660774254182e-06
3.29287830730158e-06,-6.45570731839053e-06,2.5818315982456e-06,2.23915588568943e-06,-5.44027990167166e-07,-1.36895219067877e-06,-1.61953543452791e-06,3.97627872026678e-06,-3.72880541732048e-06,3.42845685236071e-06,-3.86579748221677e-06,5.47468657534389e-06,-6.17380475988295e-06,5.23950235774874e-06,-6.39327673530775e-06,9.09228855594534e-06,-7.79958301246341e-06,3.82305464064365e-06,-1.77674807787361e-06,-6.39041820336156e-07,2.59788077319122e-06,1.58009462002407e-07,-3.6635696387236e-06,4.11379267714776e-06,-3.60690422270554e-06,2.66586057602446e-06,-1.45521063501392e-06,1.61195996830451e-06,-3.12166536661794e-06,4.32603564045218e-06,-4.06699819321571e-06,2.21068679600045e-06,3.32632675032075e-08,-1.82039327239065e-07,-2.21496071534274e-06,4.93066314415882e-06,-7.97039248840966e-06,1.0873784926197e-05,-1.14438196966086e-05,1.16513068212517e-05,-1.28492365775273e-05,9.9522114918135e-06,-1.94979758571918e-06,-2.90428238281003e-06,2.25242171267784e-06,-4.40336675337909e-07,-6.86766641551382e-07,1.38032221893477e-06,-3.83304954899933e-06,6.39874701506468e-06,-7.47713477866498e-06,9.82807326029321e-06,-1.11701749483341e-05,7.66464943974387e-06,-2.82646982759779e-06,1.40241894473496e-06,-2.13066973749162e-06,1.59361010445519e-06,-5.05844657307704e-07,5.28848480466483e-07,5.35921893787664e-08,-1.10263494098743e-06,2.16350627807981e-07,3.22307103589497e-07
-8.94920383085818e-08,3.41608675785495e-06,-7.11227789209254e-07,-2.53042462175815e-06,7.72553871759133e-07,4.52271344144641e-07,1.19282412100756e-06,-2.43682628248239e-06,3.75257535744742e-06,-5.08297395743273e-06,4.93340691099589e-06,-4.40116364892261e-06,4.24222599120021e-06,-3.81710141526396e-06,3.98365052470403e-06,-5.34923177144463e-06,5.11169152132253e-06,-2.64197087175997e-06,4.46502257987532e-07,1.65373956959589e-06,-2.53465065531409e-06,6.78267201852591e-07,1.51332275213873e-06,-3.81261040816047e-06,6.31354487944814e-06,-6.1135116579498e-06,4.14769110736871e-06,-3.25866992741438e-06,4.07759812387678e-06,-6.37567877569812e-06,7.43908888464935e-06,-3.75487560553194e-06,-2.67801877485059e-06,4.84710016363981e-06,2.12907079203863e-07,-7.68637032682376e-06,1.32001001532096e-05,-1.46552040733713e-05,1.27928677164187e-05,-1.19209969811877e-05,1.15937212350202e-05,-6.97872939334213e-06,9.61315429272012e-08,1.45627589464237e-06,1.02084472242572e-06,-1.27562409139461e-06,-2.79142465611288e-06,7.98799230402144e-06,-6.75699337287256e-06,5.93132767975766e-07,3.819565487813e-06,-7.67975817052265e-06,1.14817248745336e-05,-1.08177159363219e-05,6.10655995608568e-06,-3.05664120018962e-06,3.09526941134752e-06,-2.13689430323863e-06,-4.14016787711002e-07,1.19590900613669e-06,-7.29999870312344e-07,6.19256552279731e-07,1.05184419126165e-06,-2.74454547934141e-06
-2.55246610067843e-06,-1.77105725854213e-06,1.76098604391426e-07,4.05630057760608e-06,-4.46227730955736e-06,2.96941201762261e-06,-1.64473500770219e-06,1.63363051504968e-06,-3.23209030387887e-06,3.71411597918726e-06,-3.69999711463538e-06,4.58544200518576e-06,-4.73455749290485e-06,2.80604511972312e-06,2.85662903922347e-07,-1.4620228515419e-06,6.34471994693562e-07,-4.96559331688611e-07,3.34094456183999e-07,8.64469214787028e-07,-7.32211227893205e-07,-9.06841943071727e-07,9.79201951213749e-07,2.10044631968193e-06,-5.63876394077298e-06,5.34800907921067e-06,-2.9051868949593e-06,1.87982804514586e-06,-3.02961540067823e-06,6.68118721995053e-06,-8.7738229007194e-06,3.87469269792807e-06,4.33601833084826e-06,-7.44226066376546e-06,4.05455277679097e-06,1.69506729403593e-06,-6.91279599747865e-06,8.70481528126693e-06,-8.28718259714882e-06,9.29621023013325e-06,-8.59997556532466e-06,2.75807363694617e-06,3.48152546212274e-06,-3.23888472745895e-06,-7.36579770333462e-07,1.35459633169375e-06,4.73548327452106e-06,-1.33478907253217e-05,1.33021527272388e-05,-4.74958109604983e-06,-1.77253578165037e-06,4.86707466306952e-06,-8.69853094203881e-06,1.05752695106973e-05,-7.67105630747883e-06,3.79528210151574e-06,-2.22137863333515e-06,1.11734407742981e-06,1.38044806730152e-06,-3.03542211913795e-06,2.26262015057156e-06,-3.57114879171698e-07,-2.45408580500785e-06,4.90070709644952e-06
3.34682429204804e-06,2.23767027661494e-07,6.05314677877134e-07,-5.65031338487692e-06,8.19996311959345e-06,-6.00998962221469e-06,2.24057565733663e-06,-1.77508926048731e-06,2.73898762121653e-06,-1.26113921947045e-06,1.69044155515228e-06,-5.04602267194127e-06,5.55851781075174e-06,-1.70353652591148e-06,-3.2819592472132e-06,5.04145806536425e-06,-3.41590644690945e-06,2.20563549259021e-06,-1.66921850990469e-07,-4.46084356858248e-06,5.43232011948308e-06,-1.28494042300894e-06,-1.25845082868063e-06,7.81226211851269e-08,2.13166475299217e-06,-2.22092016954171e-06,6.89550830554124e-07,1.86096918468364e-07,9.25920424619391e-07,-5.22272306966692e-06,8.7155025290509e-06,-5.60734235889519e-06,-1.33160552904698e-06,5.46997402556985e-06,-6.69812823861105e-06,6.09448143149835e-06,-2.59338960557447e-06,-5.03883421337405e-07,2.22640574904374e-06,-4.57060108393783e-06,4.27720857197925e-06,2.91185462545377e-07,-4.99185161778952e-06,5.22794962810286e-06,-2.31015720195903e-06,9.89222407180322e-07,-5.12895669777237e-06,1.25149703545116e-05,-1.30664968690791e-05,5.56457803132077e-06,9.49235268157903e-08,-1.06947544427878e-06,2.63997826837442e-06,-4.72581700000372e-06,3.93369145897607e-06,-1.22506803309518e-06,-4.41814941973984e-07,-1.83462738924643e-07,1.02816769761343e-06,-4.69547522403595e-07,-3.00609553993866e-07,1.81036403490483e-07,1.41703632292521e-06,-4.00998102188e-06
-2.08451945148696e-07,-1.54646715591993e-07,-4.89368332747834e-07,3.78239822647044e-06,-7.7496891595546e-06,7.6046767279805e-06,-3.85905220876529e-06,2.43357270588813e-06,-2.11624923049138e-06,2.06872892181417e-08,-2.99536447984105e-07,3.37274589636312e-06,-3.58133854216598e-06,-7.04982261299528e-08,3.52385223732346e-06,-3.79753658231597e-06,2.5919949878476e-06,-2.200978629829e-06,-1.95231497447062e-07,5.13010623663687e-06,-5.70476909865471e-06,8.87291698961639e-07,2.51045109805442e-06,-2.85623295254042e-06,2.74076662626671e-06,-2.59216278666316e-06,1.83541205798939e-06,-1.62945275400104e-06,1.0508189236425e-06,2.75702951900344e-06,-7.54541654585036e-06,7.99215422375867e-06,-3.93998816785772e-06,-1.16543078047423e-06,6.04254088821043e-06,-7.8027259992687e-06,4.65472419212307e-06,-1.80066208077923e-06,1.36648189182489e-06,-5.97393397945889e-07,4.35508165081052e-07,-2.06155360151164e-06,4.0809091601987e-06,-3.90588365295243e-06,1.48365666623661e-06,-5.2730240978174e-07,3.96724915761169e-06,-8.54231972559284e-06,7.31928833866873e-06,-1.9828568886137e-06,-4.67995595110101e-07,-5.90446250474581e-07,1.62758161571483e-06,-1.20334213963795e-06,8.53100038246563e-07,-2.10386845669096e-06,2.76957642411229e-06,8.43662859762006e-07,-6.09416630069884e-06,6.87854444883821e-06,-2.94880051397377e-06,-1.26947069009155e-06,2.48728803703502e-06,-9.50443876186757e-07
-4.17909744774277e-06,1.51032054019152e-06,7.228068098079e-08,-1.7853529914474e-06,6.6009203638126e-06,-8.87892490783639e-06,6.05307586331284e-06,-3.61178823057563e-06,1.96453611154093e-06,-1.2922319948606e-07,-6.01964547809086e-07,9.32211141118047e-07,-2.42016908150887e-06,4.73264802862282e-06,-5.36271839301428e-06,4.23343278639939e-06,-4.6459465588252e-06,5.21148950919061e-06,-2.56975955572879e-06,-4.95715658199874e-08,-1.88728293120591e-06,6.19984746523598e-06,-7.3749270988663e-06,5.7020207114194e-06,-5.60573221987227e-06,6.09461066234603e-06,-4.11567620299475e-06,2.67905989039054e-06,-3.15355601858492e-06,5.89252105338898e-07,5.3484490248458e-06,-8.01026742661247e-06,5.66629324297836e-06,-8.68174824681063e-07,-4.11997087712243e-06,4.12968462908685e-06,2.80920029436456e-07,-1.91132410599335e-06,-2.98387056973784e-07,2.45928346152368e-06,-3.03601013854251e-06,2.50590653644041e-06,-1.57141317051433e-06,-1.20827204565276e-06,4.85369540156774e-06,-3.64545042811941e-06,-3.01658325657523e-06,6.83433928843887e-06,-2.82888984397145e-06,-1.89057981742819e-06,2.05100230435528e-06,-5.76995875100208e-07,-1.09634656758184e-06,8.58589677857514e-07,1.23349880691343e-06,-5.53278305790291e-07,-8.20040276652065e-07,-2.57590720668716e-06,7.2002820446222e-06,-5.92175593559223e-06,3.3596825330972e-08,4.19978432373254e-06,-5.14712758782076e-06,5.21756786949215e-06
5.50869752511778e-06,-2.88717010112802e-06,2.38593444688528e-07,2.12675289448789e-06,-6.88806436037437e-06,8.53065134664135e-06,-5.75454828212445e-06,4.15395772105645e-06,-3.54314328514161e-06,2.80619961145611e-06,-3.33699164135154e-07,-4.54290618827114e-06,8.61999699354245e-06,-1.07775972899375e-05,9.7462062012403e-06,-6.90856753824268e-06,7.3199697964367e-06,-8.61540993300077e-06,7.63886979415367e-06,-7.91666700911519e-06,1.06784080323798e-05,-1.23323768516902e-05,9.41612079553638e-06,-4.28887476202059e-06,2.82212726511739e-06,-4.07251937304341e-06,2.80886210036623e-06,-1.06300689322875e-06,2.61106498368181e-06,-2.12953923922776e-06,-3.00675995892062e-06,5.83412813657506e-06,-4.57436277218106e-06,9.89033988137476e-07,3.09837945931023e-06,-1.79908930129498e-06,-3.51612834957678e-06,6.12390468526531e-06,-4.67876722956551e-06,1.15447307402069e-06,1.17574963927835e-06,-5.11177181197664e-07,-1.43464591954034e-06,4.98658712071356e-06,-8.78795254919409e-06,5.97436819395695e-06,2.95816168756354e-06,-7.11654101738117e-06,2.30617069379766e-06,2.10335168970838e-06,-1.41857059492855e-06,1.47407516652633e-07,2.58992725491268e-07,2.60476886718095e-06,-6.8200720626101e-06,5.00331370916559e-06,-9.91513638826906e-07,1.32150981180339e-06,-2.67026580357222e-06,3.86916865561591e-07,3.60112660610156e-06,-4.52308241835898e-06,3.28372283707349e-06,-4.44583448867131e-06
-3.23721221153736e-06,3.85242221703728e-06,-2.52327107395943e-06,-1.12152924918376e-06,6.05826462400085e-06,-5.89827118512448e-06,1.97884731399847e-06,-8.455540837405e-07,1.77500052279513e-06,-1.77352568597866e-06,-2.04188055801787e-06,7.43487355501462e-06,-1.01117985611228e-05,1.16697180378198e-05,-1.05533600819953e-05,6.87481052878177e-06,-6.19416489663069e-06,8.11502151376238e-06,-9.49495514562057e-06,9.72838764098688e-06,-9.48959844409024e-06,8.67613104804575e-06,-5.1530822464587e-06,5.52380254899037e-07,-1.13703740138076e-07,2.58632638089964e-06,-1.61132219533269e-06,-1.87883228092389e-06,1.97539745396191e-06,-1.02317274861305e-06,2.60643187564281e-06,-3.67110758604463e-06,3.44636007670048e-06,-1.22886322232525e-06,-2.42528056744556e-06,2.01721798458028e-06,2.63042266610457e-06,-7.14491462382608e-06,7.85543602629641e-06,-4.58981383767652e-06,2.09629155730251e-06,-2.01857832220361e-06,2.16848226207753e-06,-3.86214470884176e-06,6.60270083994785e-06,-4.70928295434339e-06,-1.92995623886881e-06,5.66049301892358e-06,-2.99599664479412e-06,4.66278695929426e-07,-1.8822452322142e-06,3.62312236124031e-06,-3.1029517903155e-06,-1.62785158511893e-06,6.12142411537784e-06,-3.04478741974295e-06,-2.69276654909385e-06,4.7704153542972e-06,-3.65862188978924e-06,1.81380921930705e-06,-1.84476926279777e-06,1.8475547359872e-06,-2.66549904195393e-07,8.00605772769802e-07
-5.01154521595048e-07,-2.68979415239533e-06,4.61150452888342e-06,-1.49136675102503e-06,-3.48824586796436e-06,2.34717069185197e-06,2.66753435962489e-06,-5.12276396686747e-06,5.21629195740116e-06,-5.76338936137524e-06,8.34352327294907e-06,-8.82600978143659e-06,6.80871576997744e-06,-7.53184691652705e-06,7.87623373648983e-06,-5.52043779275049e-06,4.24237122893325e-06,-5.55179639236831e-06,6.77900788584498e-06,-4.1673394076983e-06,8.77540443133967e-07,-1.28522661720068e-06,2.02905704157318e-06,-1.00907230678668e-06,1.57572997795197e-06,-3.20666266262374e-06,1.88152188264539e-06,1.80562499940018e-06,-3.5586578065404e-06,2.82684655622734e-06,-1.61577837812921e-06,1.53053350292971e-07,9.27751873394922e-07,-1.95649127112267e-06,2.84718649650129e-06,-1.90797437413963e-06,-9.7647778423758e-07,4.84586991490187e-06,-5.81720891083165e-06,3.26737552448751e-06,-2.09703177423601e-06,1.33815027633891e-06,2.35389602004501e-07,7.89299601254626e-07,-2.76637171720911e-06,2.70337579965855e-06,-6.03043366537607e-07,-2.3514798837976e-06,3.52273203747543e-06,-3.85928979272763e-06,5.47177040891882e-06,-6.80877825338984e-06,5.68693583427337e-06,-1.55589090358709e-06,-1.6105364008118e-06,-9.00661727551623e-07,6.46774715233758e-06,-9.70513923167665e-06,6.83243054893123e-06,-7.11495348564943e-07,-1.25667761994345e-06,-1.57071572193348e-07,-1.8287516766231e-08,1.33242637841376e-06
2.84509560642272e-06,1.8344172537516e-07,-4.35130209464466e-06,3.72928697600007e-06,-8.56769837194536e-08,7.97142076676719e-07,-4.30193306065358e-06,6.85194280745701e-06,-8.30892021376355e-06,8.41935041312082e-06,-7.66830937873412e-06,4.79678934809761e-06,-2.51548731791297e-06,5.10902339880258e-06,-7.58038872684933e-06,5.47180913535655e-06,-1.66580174593744e-06,1.46284864593978e-06,-3.12005278643268e-06,-1.24420841582959e-08,3.50085231643382e-06,-1.14268345007224e-06,-2.18377304545997e-06,2.84138074515259e-06,-2.96524370995228e-06,3.20062184747522e-06,-2.77457423400463e-06,1.3751024243479e-06,-2.78004189242022e-07,9.07393391170861e-07,-2.71044041557074e-06,5.20975414907148e-06,-7.31944672854279e-06,6.68752059851889e-06,-3.25466816771161e-06,4.70949079398682e-07,5.53291973182469e-07,-2.2799598854591e-06,2.87099708179335e-06,-6.21119842871659e-07,-9.981862454388e-07,2.09961836918419e-06,-2.47577537276785e-06,1.15257597198444e-06,-1.24126373317569e-06,7.50151761266622e-07,1.09127403731671e-06,4.12998171537535e-07,-3.40937458774174e-06,4.60518828789195e-06,-5.13429880402428e-06,5.29508037751536e-06,-4.11281983848898e-06,1.5844690476136e-06,4.81379992348333e-07,9.0836169564145e-07,-5.80034706966369e-06,8.3623461307522e-06,-3.81435118582087e-06,-2.28021622421856e-06,3.68993894941936e-06,-2.05718269242256e-06,8.96234168170342e-07,-2.06806220491301e-06
-2.11769741090583e-06,1.81832950367748e-07,5.09936416109478e-06,-7.0861449627918e-06,4.27542129162757e-06,-2.72465774954045e-06,3.22398605474801e-06,-4.25002305441317e-06,4.96365429224777e-06,-3.25835525369827e-06,6.41631755586582e-07,6.6942743710023e-07,6.10345493249731e-07,-5.41873068337976e-06,8.40550615926071e-06,-3.85744915319791e-06,-3.95459574477442e-06,4.83625808246618e-06,3.3536080382685e-08,-6.98889644986855e-07,-8.66665558920882e-07,-2.24317458777703e-07,7.66556801893597e-07,-4.993074843157e-07,1.33654677186562e-06,-2.48476906830442e-06,3.26146535681654e-06,-3.50313140679419e-06,3.54832384871956e-06,-3.757745039172e-06,4.13591804620385e-06,-5.43156242648168e-06,6.41342799247673e-06,-4.00864399251406e-06,-4.02454302641253e-07,2.04032367233094e-06,-1.24113129045225e-06,1.64583343496287e-06,-2.64667633629649e-06,1.01231008184229e-06,2.15149906113563e-06,-3.34276879613684e-06,1.96734196603206e-06,-2.22429812968377e-06,5.7741344057171e-06,-5.99816255346485e-06,2.39072403062282e-06,-1.69287615726798e-06,3.11731830598353e-06,-3.07500985876622e-06,2.12084398393903e-06,-1.5819551133696e-06,2.01567517645301e-06,-1.22665105526101e-06,-1.5564512797169e-06,1.5576887423481e-06,2.32180283512588e-06,-2.82266963556397e-06,-1.39319003018682e-06,3.75745061340912e-06,-4.18265167214501e-06,3.98766044023744e-06,-2.21922409668717e-06,1.43521934833461e-06
-2.48456790626529e-07,6.75621132564925e-07,-5.82157233790989e-06,8.969412704747e-06,-6.18146013332853e-06,2.79591388231991e-06,-2.52627710546394e-06,3.1637986604094e-06,-1.52658489938092e-06,-2.25749647054907e-06,4.34842085144349e-06,-3.40307095637794e-06,6.88796571366e-07,4.36979388967659e-06,-7.07669162819513e-06,8.88759518182095e-07,8.51351721952976e-06,-9.33094620560669e-06,2.46674874635995e-06,2.35955447358283e-06,-3.879945827421e-06,3.89215213803851e-06,-1.37748742090855e-06,-7.05248737131008e-07,-1.3857257209513e-06,5.39943361843005e-06,-6.79253309787888e-06,6.12366159893687e-06,-5.15707627403246e-06,2.48454533869631e-06,8.19430667365402e-07,-1.56631006297138e-06,1.34206328408405e-06,-2.87790129490396e-06,4.16699185212893e-06,-3.10224541239664e-06,1.60988517032499e-06,-1.49963924078011e-06,3.18424038747381e-06,-3.608764300515e-06,9.45642614310619e-07,3.33685660272609e-07,8.81746572195978e-08,3.06437900824183e-06,-7.66476186868524e-06,7.13926405624448e-06,-3.59953775557491e-06,2.27322043168678e-06,-2.76034921206225e-06,2.76334088386213e-06,-9.26432611815786e-07,-1.1370652020744e-06,1.92450718956051e-07,1.30801488032266e-07,3.11893240501432e-06,-4.26598807530769e-06,1.65976197790612e-06,-1.31617406423986e-06,1.88382347960587e-06,-3.25093894170388e-07,1.03567930637757e-06,-2.15235620108265e-06,8.07436424858332e-08,1.51403364085438e-06
-1.86632882634467e-07,-5.50923339449846e-07,4.61205387457017e-06,-7.36718297942861e-06,5.74579862071733e-06,-2.69353534234956e-06,2.06704111371414e-06,-1.95418819925301e-06,-1.4449320296111e-06,6.06309578655612e-06,-7.71941404230953e-06,6.92670198994618e-06,-4.73970099877016e-06,-5.48552033134275e-07,4.80015081792455e-06,-1.12036002934552e-06,-5.81822740275444e-06,6.74610879107633e-06,-2.13792368101644e-06,-3.11918143932664e-06,7.29459772896553e-06,-8.60263171909879e-06,5.76428701127304e-06,-2.45665623467037e-06,4.11423543092152e-06,-8.16871398959852e-06,8.06600756561942e-06,-5.78311944978144e-06,4.12518214895165e-06,-3.82035651267865e-07,-4.05648101110358e-06,5.3250585778124e-06,-4.88384847155704e-06,4.50649777527494e-06,-3.52146372799366e-06,2.27733196474247e-06,-1.11224709769394e-06,2.15525102065711e-07,-2.18908185900527e-06,5.11495961117349e-06,-4.83407632233354e-06,3.91581721743044e-06,-2.24161034385814e-06,-2.51491533631427e-06,4.53104197402697e-06,-1.01271299308686e-06,-1.26616991123509e-06,-7.51853150294539e-07,3.88859424644073e-06,-5.27974515386224e-06,2.64798083868523e-06,2.08354338320523e-06,-3.21445613745205e-06,2.22700693302235e-06,-3.55505274258278e-06,5.14859076703746e-06,-3.95153950538907e-06,1.0516157361051e-06,2.9002944032116e-06,-5.51892065037034e-06,3.34377635325575e-06,-6.909539195703e-07,1.12395016317712e-06,-1.23769002912098e-06
3.90427426343548e-06,-3.1468591419181e-07,-3.88952770740733e-06,5.98854141600628e-06,-5.95602828295979e-06,3.9169313785897e-06,-6.10953488448629e-07,-3.12851455364945e-06,6.90306976507381e-06,-9.87423496407712e-06,1.10659097654477e-05,-1.08247037575347e-05,8.7333120802488e-06,-2.97175723203208e-06,-3.63480248934826e-06,4.85998630968602e-06,-2.52577999970771e-06,1.71824183080191e-06,-2.17471109878193e-06,4.72607241689861e-06,-9.07159381954705e-06,1.0489280808878e-05,-7.51395042653249e-06,4.29357781713989e-06,-4.95959518372885e-06,6.39161349743144e-06,-3.47609128121496e-06,-7.74521060261198e-08,5.53741148333493e-07,-1.29955619195285e-06,2.8771412525153e-06,-3.45217967515151e-06,3.86209592598734e-06,-3.70933883981941e-06,3.16733807569728e-06,-2.97844053597354e-06,9.52432068798981e-07,2.24773994477592e-06,-1.69567358328319e-06,-2.48274018816949e-06,5.47516594093108e-06,-6.10213553920315e-06,3.87453682741354e-06,3.56897747555346e-08,6.81566346399439e-07,-5.2299317156697e-06,5.34006539315731e-06,-1.6236987334819e-07,-5.23431939807985e-06,7.55040271434935e-06,-4.65275614171581e-06,-9.46780189873582e-07,2.71025608706455e-06,-9.68373860359928e-07,1.27682364363636e-06,-4.02927471812528e-06,4.16427437906366e-06,9.64651624380691e-07,-6.64702112626377e-06,7.69569829441351e-06,-4.82739429700973e-06,1.85853396257663e-06,1.24795220522219e-07,-2.98043924257038e-06
-5.05141380855822e-06,5.2405332313333e-07,4.2739235703379e-06,-6.57518053931317e-06,6.77811745213192e-06,-4.4436898160185e-06,-6.97918456028817e-07,6.84618771744527e-06,-1.05336658208618e-05,1.12176773842079e-05,-1.06094521861652e-05,9.92172733959857e-06,-8.75850766980533e-06,4.93241453284321e-06,1.26235618167191e-06,-5.5145162993795e-06,7.19427097792552e-06,-7.74124677100281e-06,6.37182561904496e-06,-6.59727112523171e-06,9.12848464671225e-06,-8.72519550484823e-06,5.30688093842484e-06,-2.99369468653773e-06,2.91970160600906e-06,-1.73730547911442e-06,-2.12909380472064e-06,4.23458703223996e-06,-2.58109753207973e-06,1.3172300696186e-06,-1.97857128399227e-06,3.42332955020881e-06,-5.4142079397562e-06,5.85906945599339e-06,-5.02634319993068e-06,4.59546357115794e-06,-2.07326063379765e-06,-2.35701143919444e-06,4.25948600485103e-06,-1.87472282828027e-06,-1.53571774614806e-06,2.98946157754516e-06,-2.95298011623733e-06,2.37723320597216e-06,-3.00212029330625e-06,4.24037083205895e-06,-3.1709218168215e-06,6.00539744257955e-07,2.62188394714848e-06,-5.30029504651611e-06,3.56902829154725e-06,3.23392254333602e-07,-2.48590316892478e-07,-2.36054123166254e-06,1.59941173215398e-06,2.20946900429858e-06,-2.44049816812368e-06,-3.05491563762432e-06,6.64558178174939e-06,-4.52660543384933e-06,1.80219697736207e-06,-1.60614378148146e-06,9.28057171099835e-07,3.32347302895581e-06
3.07375752759201e-06,4.32068095079799e-07,-5.18528802599454e-06,7.69848873610101e-06,-6.55063433561551e-06,2.96523143050909e-06,8.61831877748651e-07,-5.02694619835722e-06,7.76056633970256e-06,-6.72363913540797e-06,4.56632025768479e-06,-4.82737802519564e-06,6.47419377788931e-06,-6.6297132894686e-06,4.06900414147838e-06,-6.46664957254697e-07,-2.49845994336385e-06,5.32803533594437e-06,-5.72378759364002e-06,5.79167403386206e-06,-6.21682614180967e-06,4.49763125895617e-06,-2.6952311977499e-06,2.49238140264719e-06,-2.52885787026273e-06,9.49230089219267e-07,1.40691856654586e-06,-1.34666032862021e-06,-1.09180404841916e-06,1.7934719681658e-06,4.66609775975139e-07,-3.87446478510497e-06,7.11376512724698e-06,-7.50428134223169e-06,5.60538768645826e-06,-4.67604649793951e-06,4.11491549127974e-06,-2.8647636013525e-06,1.16335374715639e-06,4.63922517762078e-07,-1.9679074583075e-06,2.04499153327915e-06,1.49362493690625e-06,-4.31072608742161e-06,2.4476099344999e-06,6.28153867769524e-07,-1.01391321710493e-06,-1.6347608034731e-06,2.21015851651635e-06,6.76982802613198e-07,-9.85242113458312e-07,-1.19264679959228e-06,7.33734320580508e-07,2.23234693844427e-06,-2.46354050215638e-06,-5.14837615223961e-07,-8.49702835550399e-07,6.88490604150218e-06,-7.41180733725919e-06,1.38333867630002e-06,2.20776193563473e-06,2.79738932827739e-07,-2.60838522826753e-06,-7.2979481050133e-07
-2.20156192078807e-06,-5.73944284679341e-07,5.10557224240022e-06,-6.67743304866314e-06,3.97522445150264e-06,-5.74549577986663e-07,-3.17536295648767e-07,8.337363193176e-07,-1.70456424035636e-06,-6.29619680919036e-08,1.14199238696592e-06,1.98470896111109e-06,-5.35436861490223e-06,6.93288621266164e-06,-7.01429342581334e-06,6.46574952713469e-06,-5.56839004672722e-06,2.50196467101616e-06,5.68839258586967e-07,-2.50461779607019e-06,2.29904876892311e-06,-3.72198448744759e-07,1.17261480923815e-06,-3.24891603694943e-06,2.71401851811464e-06,6.97876423723178e-08,-1.45882461983746e-06,-6.94134730891751e-07,4.33384071833061e-06,-5.15143958004235e-06,2.24781979581946e-06,1.87873672973554e-06,-5.30019454782208e-06,5.78502643427811e-06,-4.17293171037462e-06,3.31683476217115e-06,-4.6312827246578e-06,7.65139933353297e-06,-7.93688240387737e-06,3.1358826136983e-06,2.18680632209585e-06,-2.27851081239346e-06,-3.2657573275164e-06,6.42210999159579e-06,-2.48021831132201e-06,-2.31136934589746e-06,1.57163822165581e-06,3.98939238964523e-06,-6.82222052467436e-06,4.00986667116598e-06,-1.82682078579143e-06,2.77686792222213e-06,-2.73369051452905e-06,-4.28239784529808e-07,2.12546677947617e-06,-4.88539765426701e-07,3.13784640729782e-06,-9.5295187248937e-06,8.37592874371474e-06,-2.52199908027749e-07,-4.42890256748391e-06,1.88661249466597e-06,1.58417168341451e-06,1.67339759449867e-07
1.2064083355816e-06,1.53169143227021e-07,-2.66729410026017e-06,2.18950387324469e-06,5.96464967118847e-07,-1.55415685310771e-06,-6.03835203834727e-07,2.47325319704917e-06,-1.86327015527108e-06,1.54174492258138e-06,3.72364620139049e-07,-4.72690922204523e-06,5.83061070076707e-06,-4.45942093923571e-06,4.28363436894447e-06,-6.20007365271749e-06,9.08068277255037e-06,-8.68203115267981e-06,5.3565859244315e-06,-1.07067781875845e-06,-1.19561216424096e-06,1.42978262024458e-07,-6.89073198663317e-07,2.82161769462986e-06,-2.81209638568237e-06,6.84670648771954e-07,4.84990435419782e-07,1.15041700964466e-06,-4.05535680292891e-06,4.74256789104731e-06,-2.73887851642598e-06,-1.98467677817289e-07,3.25230325136236e-06,-4.66761301724376e-06,4.03613511556088e-06,-2.82789629155102e-06,3.86521459970598e-06,-7.77585004792165e-06,8.29138782807835e-06,-2.52579937433288e-06,-2.036355395564e-06,5.98346682584558e-07,4.05771332095191e-06,-6.4161600834252e-06,3.99662791173492e-06,-7.49883206543667e-07,1.70475514297883e-06,-6.67448356416286e-06,9.31635242320346e-06,-6.6143513450043e-06,3.91151329922603e-06,-4.35988177297598e-06,3.65491603552696e-06,-4.12520907888329e-08,-1.68244663690801e-06,6.53827951412491e-07,-2.90664027515383e-06,7.23273283986934e-06,-5.69722620499133e-06,-3.37215777207589e-07,4.30878449025438e-06,-3.64427709985437e-06,6.23755173174309e-07,-1.2641312061031e-07
6.84837762020858e-07,-4.53718023257673e-07,-1.52834363588867e-06,4.46984973978352e-06,-5.53890230447872e-06,3.14271746647837e-06,1.01698643672369e-06,-2.89947741937488e-06,2.27442645172269e-07,3.48309298325096e-06,-6.57254890480194e-06,8.51205897034939e-06,-6.17437324618563e-06,1.903134350717e-06,-6.38216469827619e-07,3.35791274152003e-06,-7.69228053808378e-06,9.37506485847493e-06,-7.63743537776749e-06,2.75409552219135e-06,1.90418697341154e-06,-1.77873261424361e-06,1.78974847783244e-07,-4.30463183677555e-07,1.46303188924343e-06,-1.50108404657491e-06,1.33451485890035e-06,-2.62792581697604e-06,3.61452524448343e-06,-2.77751390624887e-06,2.03031609323929e-06,-1.09802961162584e-06,-1.76651603010577e-06,4.1128389427254e-06,-4.02661869430528e-06,3.08400634786771e-06,-3.31284394190879e-06,5.24866001298131e-06,-4.98287393238686e-06,7.80396418680166e-07,1.30150852017674e-06,2.00083490920885e-07,-2.17709373954743e-06,3.96297108788972e-06,-4.72122462967255e-06,4.51092052912913e-06,-5.67149639712602e-06,8.32895663316576e-06,-8.01350355882498e-06,3.49918866234719e-06,-6.05021631864089e-07,1.80162636684928e-06,-2.38710623840936e-06,1.166798080549e-06,-7.27752915926242e-07,-8.66784571832889e-08,2.63242980972748e-06,-3.74605227798343e-06,1.75643268333078e-06,6.2649384151322e-07,-2.86766692068575e-06,4.54758944430532e-06,-3.28956792492033e-06,7.03834338282583e-07
-1.3524837224891e-06,1.38772467853285e-06,4.05541067626184e-06,-8.2493542048246e-06,6.65796795187329e-06,-2.4780936170865e-06,-3.44281312876083e-07,-4.0996225729032e-08,3.85724681991795e-06,-7.55367086142458e-06,8.02845185873685e-06,-6.07321401081835e-06,3.41779425525714e-06,-1.48122245067681e-06,8.40260201890169e-07,-1.91652545656332e-06,4.66306263792901e-06,-6.72558297970054e-06,6.54922095891199e-06,-3.44596774627132e-06,8.84736273114225e-08,8.34077275806217e-08,1.24338468143878e-06,-1.92584665634172e-06,6.9512607641956e-07,1.65165612714553e-06,-3.72423930855873e-06,5.56897600500537e-06,-5.3233234059781e-06,3.39666307187072e-06,-3.01140831731111e-06,2.82781533390583e-06,-9.5605942849591e-07,-2.22839591259436e-07,1.08472705226885e-06,-2.59193695934846e-06,2.129899929873e-06,-1.25200988860324e-06,8.98308313308725e-07,8.16412303721391e-07,-6.05525686637905e-07,-1.84984606431223e-06,2.99681926933515e-06,-3.4061092199414e-06,4.58865417039282e-06,-6.13111432653382e-06,7.66500737694403e-06,-7.94799030914389e-06,3.62160349875637e-06,3.56046617439678e-06,-6.83317673130502e-06,5.03242293429009e-06,-1.42788476892675e-06,-2.27642656972521e-06,3.81015032749283e-06,-8.92649102483168e-07,-2.91507420204275e-06,2.49350642717272e-06,-2.9740891469593e-07,-5.18170044457787e-07,2.35415868662581e-06,-5.48961740665885e-06,6.0521398041209e-06,-2.85828023808334e-06
1.06646470339248e-06,-1.94209607603554e-06,-3.07366069659975e-06,5.76628286677734e-06,-2.15608804392996e-06,-1.10427979600246e-06,2.14521527815712e-07,2.50780817257382e-06,-5.29235787026113e-06,6.37798357710612e-06,-3.6097974010108e-06,-8.94826769826486e-07,2.50737076943299e-06,-3.9707970261897e-07,-6.8256748730705e-07,-1.29472330560278e-07,-1.58030625373216e-06,4.96127188054945e-06,-6.68708768614558e-06,6.03417449942997e-06,-4.88719202833707e-06,4.14269765290991e-06,-2.93267874265846e-06,2.42289163223764e-06,-1.82179346622783e-06,-6.20086467424688e-07,3.75338945048158e-06,-5.61584126064608e-06,5.08075306815341e-06,-4.08816587675473e-06,3.80386172583562e-06,-2.16613531691145e-06,7.91044727653539e-07,-1.76444657996245e-06,2.9177058199651e-07,2.81604563033722e-06,-7.66110917350286e-07,-2.39381964548194e-06,2.49834831591537e-06,-2.81118902449514e-06,1.51507596409365e-06,2.9996950338497e-06,-6.05817122531406e-06,5.69473078584116e-06,-5.21231785242477e-06,6.14871576175715e-06,-6.35759551088724e-06,3.36497025008767e-06,3.53927665781403e-06,-9.62292328684418e-06,1.05055144598529e-05,-8.07795552852511e-06,3.59331294700735e-06,1.97146258525738e-06,-4.68031797611307e-06,2.29791905199668e-06,8.49978797614598e-07,-7.41988813465182e-07,2.80580811539318e-07,2.41626699004374e-07,-2.93062839360398e-06,6.28304909112207e-06,-7.13634899943636e-06,3.93764031516021e-06
-1.23644479467049e-06,1.41243901993212e-06,1.40997986398218e-06,-2.0836565893952e-06,-1.00593964547672e-06,2.31307057746484e-06,2.51401792261595e-07,-2.67186020015418e-06,3.73249626066447e-06,-3.8295160119903e-06,5.77464216203115e-07,4.20942674052458e-06,-5.69099803383969e-06,3.47680943276213e-06,-2.19940470753397e-06,2.31395273159114e-06,5.95443743328068e-07,-5.03421053279552e-06,7.47090294489682e-06,-7.9654557941198e-06,7.86947972733895e-06,-7.24159588047431e-06,4.58122779971806e-06,-1.84915050014177e-06,1.15245280138984e-06,2.58290336365424e-07,-2.50495153024807e-06,2.41194098319501e-06,-9.26187644474209e-07,1.44615648353004e-06,-2.11254357864189e-06,-5.58116195312093e-07,2.09622838738903e-06,2.00005615827378e-07,7.41154243087777e-08,-1.59434815433022e-06,-2.02610836066696e-06,5.87347710551771e-06,-6.06300248317918e-06,5.80181114407309e-06,-3.70017852324235e-06,-2.02624166926448e-06,6.65831451927742e-06,-7.16180358630008e-06,5.98125026979157e-06,-4.80952709663101e-06,2.59092287769233e-06,1.94949570665271e-06,-7.37967972455494e-06,8.81011226191711e-06,-5.90601526398469e-06,3.14431084886669e-06,-6.74377343346452e-07,-2.31452679928773e-06,3.4650762321673e-06,-1.92064871448277e-06,1.54819717261215e-06,-2.56884246052619e-06,1.62249820508133e-06,-2.17870640433116e-06,5.40281971537059e-06,-7.58750850649359e-06,6.6768625570304e-06,-2.60979062213652e-06
1.42041724951134e-06,-1.20944114829608e-06,-3.39707366022259e-07,1.12184997489463e-06,1.07691773453825e-07,-6.11952665944713e-07,-1.03364565758079e-06,1.67375553725514e-06,-1.57921411089666e-06,2.13053303105448e-06,-3.08310478640982e-07,-2.79683315079391e-06,3.89658633590127e-06,-3.68603903593696e-06,2.9406698212347e-06,-5.59056249443527e-07,-2.90397653858664e-06,4.4447873690654e-06,-4.63959695888674e-06,6.02335726778215e-06,-7.61000401797146e-06,8.08101907159362e-06,-6.01916350091964e-06,2.46742518122007e-06,-1.13249606348015e-06,3.9662021550692e-07,2.11362581208733e-07,1.78852395382827e-06,-3.68569167811121e-06,2.05059503078908e-06,1.78443917541242e-07,9.32371510212631e-07,-1.24634141416562e-06,-1.74064117307935e-06,2.85167957834503e-06,-2.96204198940749e-06,6.08751021440054e-06,-9.10859531554168e-06,9.94102831509317e-06,-9.72387421055416e-06,6.67274074374672e-06,-3.59357032183669e-07,-4.92322308697494e-06,7.45709217432455e-06,-6.96524641917109e-06,3.32595815626722e-06,1.86033911590879e-07,-1.74003876710955e-06,1.81741648308201e-06,3.01502530482572e-07,-3.250425972809e-06,3.86997683477276e-06,-3.08577309818361e-06,2.63175839659794e-06,-7.54241073908062e-07,-2.29991627879194e-06,1.18477683834975e-06,2.79624737080275e-06,-3.96013432545272e-06,5.33947237458492e-06,-8.14834810419715e-06,8.69761857060765e-06,-5.92016097626229e-06,1.33080948384595e-06
-4.68951065962329e-07,1.6876376700043e-06,-6.74119936085645e-07,-1.56696611886543e-06,1.54332416605581e-06,6.90181836970294e-08,-5.24484411405801e-07,1.63583543745868e-07,4.20275938566924e-07,-9.46888083055175e-07,3.79938326342221e-07,-2.72655055100711e-07,5.38421623996869e-07,6.32763224259237e-07,-6.42070667006079e-07,-2.60970610426287e-06,4.58769640340848e-06,-2.0160114216738e-06,-8.55850942227383e-09,-2.1671069059204e-06,4.65824151969623e-06,-5.884633889383e-06,5.13275340721403e-06,2.73398742727949e-05,-0.000216891123608186,0.000540367154581682,-0.000574147187614354,0.000255957337915186,-3.31433368004379e-05,-2.35512200502926e-06,-1.31272490028849e-06,2.27507020822531e-06,-3.05154888774645e-06,6.27722544681501e-06,-7.91425651834033e-06,7.01191034776902e-06,-6.92644269223305e-06,8.61343353329266e-06,-1.08666624647192e-05,1.13482423183906e-05,-7.97991541329726e-06,1.30750774240717e-06,4.47502938740371e-06,-7.99387425862651e-06,7.54233397939783e-06,-3.25398149000507e-06,4.86677874042586e-07,-2.11267371723158e-06,5.55369127658267e-06,-7.91805817844083e-06,8.0228659088461e-06,-5.96069775117721e-06,3.61982544454461e-06,-2.40495521593687e-06,-9.46259222961009e-07,6.41726501836696e-06,-6.91288480365899e-06,8.33218041624819e-07,4.01252178850857e-06,-6.00371169731805e-06,7.29675958059166e-06,-7.13005334588214e-06,5.03144364053031e-06,-2.1005493213211e-06
-8.00695711539179e-08,-1.40957428650542e-06,2.50279084973451e-07,3.88084743526227e-06,-4.5862865778852e-06,1.31477370735934e-06,1.68836106277876e-06,-1.63026500409145e-07,-1.8881470687951e-06,1.56444633619653e-06,-7.31057814792901e-07,3.27813983115859e-06,-5.67511381362682e-06,4.14499486162667e-06,-1.60478029567495e-06,1.804740976904e-06,-1.81168090552684e-06,-3.43795669144019e-07,7.24638680150524e-07,1.14777134089372e-06,-2.01928699155526e-06,3.46766316866077e-06,4.35877453375982e-06,-0.000406310749781033,0.00281919934991936,-0.00688648728252552,0.00726325072925035,-0.00327055862212867,0.000490001826958155,-5.45361097287588e-06,2.49254200756321e-06,-4.15628977364746e-06,5.00748615135335e-06,-8.71386572678168e-06,1.06160061437414e-05,-7.43830993476446e-06,4.54541823503691e-06,-6.0392932360381e-06,9.79321217928772e-06,-9.59218382666147e-06,5.83652302953153e-06,9.44202572731602e-07,-5.12160491430785e-06,6.25418391370655e-06,-3.99604896865736e-06,2.09071018496741e-06,-1.11702748521228e-06,3.05514102437397e-06,-5.17312801360842e-06,7.00781291310449e-06,-6.19927414679076e-06,4.17562478970574e-06,-1.66869738239861e-06,1.78681028642675e-06,1.6114690036508e-06,-7.52690571726594e-06,9.68334986890329e-06,-3.30542382746216e-06,-2.31009073336673e-06,3.91688576630326e-06,-2.79863328828613e-06,2.09007622373775e-06,-1.60182807861012e-06,1.9934887884562e-06
-1.7310198457078e-06,4.81214827199543e-07,1.10151864097305e-06,-6.22963139907062e-06,6.75876168668675e-06,-3.47872503837299e-06,-1.00953882083317e-06,-9.58915112188839e-07,3.43255016498328e-06,-2.93790321717353e-06,1.21916907157901e-07,-2.67088855477964e-06,6.55170338988365e-06,-6.03159919921187e-06,1.52555092115243e-06,2.02494852744899e-06,-3.41268702840959e-06,1.85334603947414e-06,2.14761289817481e-06,-3.81414884403457e-06,2.65690354521171e-06,-4.53435023795262e-06,-2.76623195758622e-05,0.00148947752129516,-0.0101216899306392,0.0244468624152776,-0.02557529316516,0.011455993431241,-0.00172557240530369,2.65344804600718e-05,-1.53229023768006e-06,2.21421181916478e-06,-1.68817709809044e-06,5.3593645270378e-06,-7.63475717132995e-06,3.74493903280574e-06,-1.45882142797336e-06,4.45548564187784e-06,-9.43880387164163e-06,6.33781034741279e-06,-1.66481864879824e-06,-4.77867011654341e-06,4.38852127597434e-06,-2.40392883265011e-06,-2.12866097902483e-06,1.57918100243078e-06,-1.71941759601137e-06,-1.36376049085586e-06,1.06676130620588e-06,-3.36499176316919e-06,3.2986265409956e-06,-3.40333477017803e-06,-6.2943486996397e-07,-1.33661913823266e-07,-2.87705224238629e-06,5.85195013403164e-06,-8.49788423934981e-06,3.26215542657046e-06,2.0211399711853e-08,-2.4275187897895e-06,-4.19633142992554e-07,2.17571398046454e-06,-3.59924529541503e-06,1.11350558127638e-06
4.37831042240998e-06,-6.12707778325408e-07,-8.98538875278789e-07,4.60298753021409e-06,-4.45323089244424e-06,2.66289189087849e-06,1.91266643068469e-06,-1.51189067529658e-06,-5.563006172612e-07,1.61023094303204e-06,2.29095630472752e-06,-2.1703200306809e-06,-1.52610851826069e-06,3.54323928986654e-06,-6.38401135562038e-07,-3.93903672139324e-06,6.60276574429423e-06,-3.6641552558834e-06,-2.58543942491916e-06,4.59077962466501e-06,-3.52272940187386e-06,6.75781153919308e-06,4.22123253058454e-05,-0.00221912992426484,0.0148705251505445,-0.0355416853588579,0.0368769845499588,-0.0164097073455364,0.00246233055707348,-4.08492651531359e-05,1.70551926981572e-06,-2.38460197779835e-07,-3.49803190530435e-06,2.16047993050459e-06,5.33707552971251e-08,2.54361514631479e-06,-2.46521366537716e-06,-2.84548690129664e-06,9.49332730432184e-06,-4.6557198418451e-06,-2.24997016318607e-06,9.17667462638303e-06,-4.98908872661758e-06,1.02563634181169e-06,4.8296336163808e-06,-4.59662284366203e-06,4.43107748676958e-06,1.60159253786578e-06,-1.58867207036124e-06,3.67646530460249e-06,-3.16003707432078e-06,4.22277168387101e-06,1.11654456170612e-06,-8.46669707250253e-07,2.97595714449875e-06,-2.84500951727284e-06,5.95179353199372e-06,-3.4322978802459e-06,2.30572093593701e-06,2.08042061515448e-06,-4.82684690477709e-07,-8.00770134082433e-07,4.13338734568764e-06,-3.57795400263655e-06
-4.05660643279689e-06,8.91965639336209e-07,4.83212591803742e-07,-1.94159309194994e-06,1.16387080585509e-06,8.86749958029127e-07,-4.91221598526281e-06,5.85783821631554e-06,-4.91055417543244e-06,3.15593239651364e-06,-4.81457822430363e-06,5.71623435162037e-06,-2.87061906950362e-06,-1.93175693816189e-06,2.60764638554596e-06,1.06934973662713e-06,-5.11594195261788e-06,5.15319322357123e-06,-1.32347024522348e-06,-1.18201130386935e-06,2.91904674400484e-06,-7.37671260080596e-06,-2.53046394348877e-05,0.00145579387511059,-0.00961528253095155,0.0227161065057335,-0.0233515916457347,0.0103089397943908,-0.00153526215689418,2.55810467379814e-05,-1.60372231668153e-06,-2.22228791409053e-07,4.68653009612612e-06,-5.82329014078288e-06,4.86335557281517e-06,-5.83450650073239e-06,3.84332669261123e-06,2.79593354646918e-06,-9.6442362052182e-06,5.78544746011878e-06,3.49455930032973e-06,-1.12018334585268e-05,6.82507055458021e-06,-1.4679122872902e-06,-3.66355336243234e-06,4.60638405505007e-06,-3.71714182487399e-06,-2.84369325662339e-06,4.83377011864907e-06,-5.75381935391359e-06,4.43781763961432e-06,-4.15433382861475e-06,-1.96042649357376e-07,6.14492101400337e-07,-1.60729409385283e-06,1.39061485617421e-06,-4.41824358965621e-06,4.61418673912764e-06,-4.10018548494939e-06,7.97907972124867e-08,7.9707953495894e-07,-2.19682349511665e-06,6.10234211833407e-07,1.7888940585995e-06
2.2450813507722e-06,-1.35374370923169e-06,-5.97394553381212e-07,2.09375834822561e-06,-5.30072663781849e-07,-3.80438644883229e-06,6.59553151251117e-06,-5.85026723030858e-06,5.8811683606207e-06,-6.1694147811583e-06,5.53542858883118e-06,-5.15176808744516e-06,3.10961627170393e-06,1.97247221286208e-06,-4.38000128284848e-06,1.94466817883619e-06,2.09257957710086e-06,-4.66574170754779e-06,3.51182989494131e-06,-2.99665691212843e-07,-3.33439746002277e-06,6.39885909686067e-06,3.41741466678563e-06,-0.000374089218035395,0.0024194596830964,-0.00561439282613417,0.00568781620108309,-0.00247697362826144,0.000360731133156404,-3.10788198672274e-06,-2.00333461655892e-07,-7.63988798804208e-07,-8.12642554171266e-07,2.26045630018089e-06,-2.18827590282697e-06,1.81097636267929e-06,3.49041123381711e-07,-4.59897674324507e-06,8.14276518849378e-06,-5.86143505390546e-06,-1.97824447647479e-06,8.44979506778418e-06,-5.90210960511005e-06,4.7545445852154e-07,3.14981390815557e-06,-3.92485445072508e-06,1.85768937002248e-06,3.7774055004242e-06,-7.14972671052679e-06,6.64394876757471e-06,-3.86933606767501e-06,1.40604573307726e-06,9.74013728373752e-07,-2.75429155859551e-07,-6.42944524291596e-07,-5.35621690006842e-07,4.11292291911409e-06,-5.29482879589463e-06,3.81039812163563e-06,-1.82560176099098e-06,1.23303236699455e-06,1.62261195689674e-06,-3.78713345537053e-06,1.2531081137739e-06
-3.53291386915714e-06,3.33777761906438e-06,1.81237106305104e-07,-3.30194723043117e-06,1.48374156089198e-06,3.51041341230916e-06,-4.94401064715815e-06,2.30731412142511e-06,-1.86725089945097e-06,3.72675093098727e-06,-3.46915969981955e-06,2.530813736549e-06,-1.91879854865851e-06,1.52113710743636e-07,5.01495372409462e-07,6.69963563816065e-07,-1.37125228861306e-06,1.18824650389726e-06,8.10711470769882e-07,-3.59977618691696e-06,4.77500960946309e-06,-3.81700023537413e-06,9.01889132966943e-07,2.17698493021433e-05,-0.000130543630754369,0.00028256358149669,-0.000267582234671999,0.000106135858579035,-8.52235430232512e-06,-5.81718056531313e-06,2.0252911023235e-06,1.34854284480241e-06,-1.45040948577915e-06,8.17504554339151e-07,-2.18371595098892e-06,3.86953357220442e-06,-4.37003742000662e-06,4.21392902603391e-06,-3.99589725999701e-06,2.93498140867924e-06,9.61208137393219e-07,-5.37145945312974e-06,4.41150863437708e-06,7.21489656979084e-07,-4.7463948115292e-06,5.66606499905516e-06,-2.15033419495538e-06,-5.01059181870136e-06,9.58508333984758e-06,-7.72226400759706e-06,2.55176722931999e-06,1.84005305287234e-06,-2.79824514504811e-06,-7.67074348275762e-07,3.79401455194346e-06,-3.32503130707327e-07,-6.28985342658587e-06,7.39226449288782e-06,-3.29967374338312e-06,1.19412185250558e-06,-2.36054908423537e-06,1.37246708734313e-06,1.40048783387418e-06,1.10134228760151e-07
6.57489555215482e-06,-3.72727819245337e-06,-1.6392641335889e-06,3.77573340098481e-06,-1.31029926380622e-06,-1.40652678448467e-06,1.70439562605333e-06,1.2644578206019e-08,-1.38873923393665e-06,1.13060379461067e-06,-1.43383958890383e-06,2.16577978770466e-06,-1.10184690539005e-06,-1.20301723821469e-06,3.28903691354835e-06,-3.24385192562973e-06,9.47379484983418e-08,3.5742702046751e-06,-6.04492687654283e-06,6.50574743009442e-06,-4.28205770976413e-06,9.28752252769807e-07,7.01526847631154e-07,1.67601543275065e-06,-6.24445305974274e-06,9.80025210095124e-06,-1.05840684927415e-05,9.22702239337582e-06,-9.16390967155102e-06,8.3756710221922e-06,-4.08356218330015e-06,9.19050430379273e-07,-1.24219300692672e-06,6.14341247510583e-07,2.65830608064023e-06,-4.57054553315853e-06,3.60005969689818e-06,-1.58746731512394e-06,6.46473874127255e-08,2.45541538063087e-07,-1.27870060416592e-06,3.81042004303197e-06,-3.0400846285444e-06,-2.13555493000124e-06,6.79408306702769e-06,-8.25534242930803e-06,4.21083767719464e-06,4.43292607978515e-06,-9.47887916764215e-06,6.97453605746581e-06,-1.01362175155274e-06,-3.39737298713884e-06,2.54506592472846e-06,3.31888297832302e-06,-7.19808766983357e-06,2.1778981882577e-06,6.83868873739508e-06,-9.02344842447591e-06,4.75230651485524e-06,-2.20535763574381e-06,4.49198626264672e-06,-6.57817225504113e-06,5.47375111344058e-06,-5.63778765360001e-06
-9.040564157989e-06,2.42591174633323e-06,4.7085648080595e-06,-3.56238168770604e-06,-4.78868790519085e-07,-3.1796745405716e-07,1.8743741065851e-06,-1.85378052116617e-06,3.35900296492694e-06,-5.92484764228939e-06,7.76377095961266e-06,-8.12732540263823e-06,6.03177119338345e-06,-2.2378212488e-06,-8.14588413572777e-07,-3.88639073999198e-08,4.50320980275968e-06,-7.78582096583609e-06,7.41720210356488e-06,-5.09618313718489e-06,2.55758146827265e-06,-6.43933290461026e-07,1.5243525716739e-06,-5.67930009254549e-06,8.56303784566213e-06,-6.31757873902578e-06,3.30781856694891e-06,-4.2589820843762e-06,6.92202793975003e-06,-7.42858465490295e-06,5.40779003062269e-06,-4.45738245720096e-06,4.87990452155474e-06,-2.35440811024286e-06,-1.61086651738564e-06,2.62735329643437e-06,-1.99365790428015e-06,4.29274197640985e-07,2.5155951669743e-06,-3.4808880045266e-06,1.88325983207059e-06,-1.26128194376929e-06,-2.74645290216723e-07,5.00226133031657e-06,-9.00594995673555e-06,9.50250273372998e-06,-5.22953581874401e-06,-1.94658674454265e-06,5.38149577314282e-06,-3.00105621829594e-06,-1.91618935997976e-06,4.77528294398075e-06,-1.63065444713253e-06,-5.97282772400743e-06,1.12770171667403e-05,-8.60229149648608e-06,1.2778338323171e-06,3.02237205664113e-06,-3.68665640589489e-06,4.57175381904348e-06,-8.36041565100175e-06,1.23275100549695e-05,-1.22546138127211e-05,1.08594176711497e-05
1.01273852327824e-05,-1.75505134753204e-06,-6.3735577456988e-06,3.45590924627912e-06,1.63996191405268e-06,5.18133192716983e-07,-3.2090828862491e-06,2.89778078393802e-06,-4.31175735833387e-06,7.95229149779489e-06,-1.02945869784092e-05,9.55753767647707e-06,-7.2576763757513e-06,5.52704739547946e-06,-4.30276919825013e-06,5.47597141950702e-06,-9.30092330669411e-06,1.07226940514825e-05,-7.22534306932237e-06,2.70984111367862e-06,-5.4310778643453e-07,1.94980285729027e-07,-2.73769520762003e-06,7.41991526301615e-06,-8.61183574850856e-06,3.85515696520835e-06,1.0455626915661e-06,-8.22815778551804e-07,-2.04976629573148e-06,4.07703360946397e-06,-5.56690392385698e-06,7.67628393078665e-06,-8.11572700368052e-06,3.93409529407283e-06,3.85337250469036e-07,-1.77949549914661e-06,3.10662004085014e-06,-2.02098935395124e-06,-3.06161635790598e-06,5.34091317811348e-06,-1.82622284238529e-06,-1.92777527770736e-06,4.40631595643486e-06,-7.92758927926152e-06,1.01424338056301e-05,-8.53774291410519e-06,3.99164683273479e-06,1.37203922168517e-07,-9.22064292518462e-07,-9.36701539432827e-07,3.96192582039627e-06,-6.12415405886372e-06,3.52331367244601e-06,4.39477633747105e-06,-1.17274341372224e-05,1.25866233615176e-05,-9.20477430610656e-06,5.56905110588439e-06,-1.29671136266024e-06,-2.79745319059048e-06,6.61312697098896e-06,-1.052227531655e-05,1.2091997408763e-05,-1.20128628699547e-05
-8.89920743405956e-06,1.38303080935629e-06,5.13817463250604e-06,-2.74840152201241e-06,-1.08877148655563e-06,3.1080741136185e-08,1.77605908236002e-06,-2.76394650283706e-06,4.60513678767613e-06,-6.3259976407006e-06,6.16405589421273e-06,-3.25291268313246e-06,1.15694001717216e-06,-3.69879241101495e-06,6.84663437302128e-06,-8.19096439322075e-06,9.35900735143334e-06,-9.08064628592603e-06,5.7002098422541e-06,-5.91693904536381e-07,-2.89093720921732e-06,3.32388478555953e-06,-6.45202539994322e-07,-3.7575868329182e-06,5.26617939025643e-06,-7.30377294527173e-07,-5.00434741756084e-06,4.68158317058142e-06,-7.08210857226843e-07,-1.42095789302283e-06,3.62424042187671e-06,-7.97418841294084e-06,9.72526889080063e-06,-5.17088510289972e-06,-2.59379575140783e-07,3.58160243657981e-06,-6.56937869714488e-06,6.21930482533651e-06,-1.58233384167732e-06,-9.69491187530857e-07,-1.37530557739668e-06,4.9237278177524e-06,-7.65833254070649e-06,8.98860232610792e-06,-7.88744398403176e-06,4.92203923888581e-06,-1.61810060431217e-06,-2.48816030824828e-07,2.38006173395843e-07,2.96609311430437e-07,-2.39204990751027e-06,7.05675216199241e-06,-8.42745432846507e-06,2.38348050570775e-06,4.36962777171945e-06,-5.90736275605948e-06,6.11828727039107e-06,-6.45803599985221e-06,4.01773666468339e-06,-1.69772538767295e-06,1.9369150209022e-07,3.58900070069014e-06,-7.74324812132726e-06,1.01214676144473e-05
7.1150801821358e-06,-2.6260176136067e-06,-3.59212543433426e-07,2.22799673196502e-08,-1.5756315732058e-07,1.58302618319188e-06,-2.79869675045612e-06,4.91445380952417e-06,-6.82515220673247e-06,5.51704782093592e-06,-7.06941453001962e-07,-5.96782589149123e-06,9.10441753921837e-06,-4.15895920768768e-06,-3.16178105662592e-06,6.00741045494669e-06,-4.8215034720709e-06,3.42330970210971e-06,-2.77293373073595e-06,7.36775099638162e-09,3.49924079479489e-06,-4.24735280297864e-06,2.76998398668951e-06,1.31575377873757e-08,-3.06923809837146e-06,1.76426340796939e-06,3.43656220320566e-06,-3.97984938909077e-06,8.65541623345808e-07,-9.27957108975894e-07,7.80107260167317e-07,3.37535230490632e-06,-5.91596404225454e-06,2.14758481898574e-06,3.02412490571983e-06,-6.26858920865474e-06,8.92387195189847e-06,-9.59888325026622e-06,7.28022979749458e-06,-5.651257222046e-06,5.98174516004565e-06,-6.74062942085122e-06,8.03507778744988e-06,-7.73583106932395e-06,5.27441221637002e-06,-3.01601441796282e-06,9.87401229043388e-07,8.6816511675235e-07,-2.36884722845037e-06,3.9614655214926e-06,-1.48252020977065e-06,-6.60999620695175e-06,1.04638902832052e-05,-5.88684441725854e-06,1.77887785921739e-06,-2.15784773105781e-06,1.93973466441609e-06,-1.82392903044154e-07,-9.70802655690571e-07,2.95315137361872e-06,-2.78195073738159e-06,-2.50369130761502e-06,7.8402150593299e-06,-9.24543880518129e-06
-4.92054407474185e-06,4.85966669701534e-06,-5.09731541262421e-06,3.50284516651376e-06,2.88775483237236e-07,-3.68353542815126e-06,5.31461017847985e-06,-6.91049946258489e-06,7.84280282175813e-06,-5.29732363942872e-06,-1.34194712905113e-06,9.51439600857249e-06,-1.38487643667924e-05,1.01952592897029e-05,-2.60642170265525e-06,-1.35072582034126e-06,1.44652281895584e-07,1.16038601467329e-06,1.36494303783179e-07,-1.21235901759801e-06,4.32973302264967e-07,1.419126674742e-06,-3.03905777197256e-06,2.42350706133878e-06,2.49545381634133e-07,-1.83364357561748e-07,-3.13977214811979e-06,3.57259191270072e-06,-2.13780663367651e-06,3.32011690152188e-06,-3.94145029640027e-06,1.91614800124594e-06,-1.43995762936943e-06,3.88119428493827e-06,-5.26105564830132e-06,5.54353051609885e-06,-7.06647931145156e-06,7.54761133334101e-06,-5.38584246013448e-06,4.37111241634109e-06,-5.10169824610292e-06,5.01200279054216e-06,-4.72815573155995e-06,4.31600749274989e-06,-3.76928958708065e-06,3.08623386355058e-06,-1.16759251568089e-06,-6.2035089432846e-07,2.28624491779141e-06,-5.01301197740296e-06,3.44829301162194e-06,3.77301269540538e-06,-6.4287128867525e-06,2.18814471616206e-06,2.67329211451961e-07,2.23239181491989e-06,-6.48108017080477e-06,7.73788894895069e-06,-3.35743661301907e-06,-2.4882803741275e-06,2.47975240139672e-06,3.13665411536268e-06,-7.40587168515309e-06,6.81253004016456e-06
1.75875531172609e-06,-5.26604219166747e-06,7.023461038641e-06,-4.59217274719609e-06,3.0672094153735e-08,3.16612210069808e-06,-3.4510596742666e-06,3.01835860556989e-06,-2.87237583330835e-06,1.71018584349389e-06,9.33253848478372e-07,-4.93661350648762e-06,7.93384175194819e-06,-7.06886219577104e-06,4.30511495557555e-06,-2.6898149786117e-06,2.97995216669886e-06,-3.0746421830529e-06,6.86171670355248e-07,3.01959735022187e-06,-3.42168136102065e-06,-6.82608217170441e-07,3.3278506597422e-06,-9.28008606313842e-07,-2.52452740237173e-06,2.7703359051796e-06,-1.2768629586215e-07,-3.05216920441982e-06,5.62198558077112e-06,-6.93867183751027e-06,5.58477351077381e-06,-3.98656824599673e-06,5.68470599632183e-06,-7.26103729678901e-06,4.94432672677075e-06,-3.17842669348719e-06,4.78217988261107e-06,-4.16522316984159e-06,-2.63806790592192e-07,1.95262717167956e-06,6.58789749296346e-07,-2.54361423757182e-06,1.5058329179654e-06,6.10949852203955e-08,3.72187558793811e-08,2.13762388846138e-08,-1.6201035478711e-06,1.80570231197388e-06,-1.26841999886639e-06,2.85026386694251e-06,-2.40070608062697e-06,-1.37586340829385e-06,8.95462891670102e-07,4.15824590690311e-06,-6.38163407907367e-06,2.94651249322128e-06,4.52956620140049e-06,-7.83079314064605e-06,1.78912109358002e-06,4.97116779503878e-06,-5.12854978692683e-06,1.45211018912494e-06,1.33477144701634e-06,-1.18840347648153e-06
-7.69225474775547e-07,4.09704770416894e-06,-5.28165926255131e-06,3.24899046389559e-06,-1.17114362535261e-06,1.05074273892467e-06,-3.05176560905811e-06,5.07287710857273e-06,-5.62308873693521e-06,3.79909523683881e-06,1.44947398248547e-07,-1.52317655239999e-06,3.28599275600408e-08,2.11219895487731e-06,-5.41288587371731e-06,6.91725515014333e-06,-5.98269445212004e-06,4.14316401174882e-06,-1.25622008589576e-07,-4.63172175689945e-06,4.03746512957319e-06,1.09709773706195e-06,-1.24799909446421e-06,-5.04518535649714e-06,9.29749748893153e-06,-8.47797117658827e-06,4.93183027149547e-06,1.26791660762276e-06,-7.47282775851633e-06,9.23967511243282e-06,-6.30940939762957e-06,3.64570460421965e-06,-5.18215166933551e-06,6.85424440509466e-06,-4.46254141432593e-06,2.63210267004834e-06,-4.59509156988137e-06,4.08101509166358e-06,7.36446071649255e-07,-2.41084057198087e-06,-8.74299960574718e-07,2.86978708288706e-06,-5.99696529834133e-07,-2.70015600667789e-06,3.5711808262177e-06,-2.9486600874118e-06,3.24842020035512e-06,-2.47546327150572e-06,5.78560779376924e-07,-1.53422939834471e-07,-1.14559181482125e-06,2.67013392196832e-06,1.63946054706259e-06,-9.1141029176087e-06,1.23671800848065e-05,-9.98013211382455e-06,3.58222321912993e-06,-3.48648150857128e-07,4.1551553226877e-06,-7.89003267460575e-06,7.71374673497432e-06,-5.59003825457221e-06,2.70331771546105e-06,-9.4969153044516e-07
1.26375909201131e-06,-1.90970591204869e-06,2.36834476290163e-06,-2.90656294755847e-06,4.98337828519554e-06,-7.12728453680509e-06,8.72607040856946e-06,-1.03893927092572e-05,1.07329671779005e-05,-6.38055674752003e-06,-1.41424423937683e-06,4.67550296501226e-06,-2.65709432036126e-06,-1.75858660063998e-06,7.5442040750423e-06,-9.44053798282125e-06,6.70323125194099e-06,-3.00116515030827e-06,-1.0854565905123e-06,4.80858678479719e-06,-4.1476956468031e-06,4.01775053851642e-07,-1.71560213938833e-06,7.99571756090408e-06,-1.22775845662795e-05,1.37085044798553e-05,-1.15485399726508e-05,3.33881448596923e-06,4.48290890501062e-06,-6.21057297607779e-06,4.527072093642e-06,-3.41915374532134e-06,4.79396272987459e-06,-6.47324335816053e-06,5.15764012139071e-06,-3.3680886293406e-06,4.57788632374166e-06,-4.87412510525052e-06,2.13978563013781e-06,-1.57866908648972e-06,3.60706053033071e-06,-2.74737112033633e-06,-1.19140072057924e-06,4.66151417210011e-06,-4.69836687522663e-06,1.30648030330711e-06,8.24177537487654e-07,-9.74088507405401e-07,8.75137434864914e-07,-1.07603079478837e-06,3.49225574502155e-06,-4.67592281617414e-06,-7.40754192535649e-07,8.93015093903184e-06,-1.43091410754058e-05,1.54362618399971e-05,-1.1898154578894e-05,7.79104600322511e-06,-6.6947096876353e-06,6.78392251304168e-06,-6.51421465385609e-06,5.08095623801736e-06,-1.77402439285482e-06,-7.78424565055776e-07
5.93465821328087e-07,-8.22306878150151e-07,-6.10968191055515e-07,4.43201469504858e-06,-9.47349738833334e-06,1.15364056129341e-05,-1.03482381956898e-05,9.4429055965863e-06,-8.58875526410366e-06,4.95258794333553e-06,2.92164839132066e-07,-2.30510619107586e-06,6.49105249203122e-07,2.79744088617487e-06,-6.656674642258e-06,7.14258218582872e-06,-3.46772136461338e-06,-7.58022010021097e-07,2.73958247464138e-06,-3.52219978501314e-06,2.88045641860202e-06,-9.49590682835432e-07,2.41149173698339e-06,-6.21461336735133e-06,8.44577898573271e-06,-1.08103688305332e-05,1.05984860015606e-05,-3.81605334911617e-06,-2.13623779368192e-06,2.39119220948491e-06,-1.84576550290617e-06,3.33719539560169e-06,-5.86163064569035e-06,6.80845507444048e-06,-4.61939289957913e-06,2.59463297238814e-06,-3.50483944813812e-06,3.89976718074919e-06,-2.08753459377739e-06,1.93015846605781e-06,-2.63448591929521e-06,-3.5673710212222e-07,5.01584645163695e-06,-7.10340409211028e-06,4.46400214384168e-06,1.64381818962424e-06,-5.03591848557422e-06,3.62527546134686e-06,-3.12004771737816e-07,-1.50858358334272e-06,-5.73582655380579e-07,2.76996630684678e-06,-6.75198118878784e-07,-4.00789318997256e-06,9.36189054107107e-06,-1.33159591841699e-05,1.28232455181736e-05,-8.76744641743945e-06,4.71390706818484e-06,-3.34387002636894e-06,3.49295894513978e-06,-2.21055248546975e-06,-6.18463001083645e-08,5.64098956257252e-07
-2.8041852020206e-06,7.9001627037117e-07,1.67078905788158e-06,-6.16427919401804e-06,1.19366639267751e-05,-1.33587539608084e-05,9.30752315735357e-06,-4.70235139688239e-06,2.44404810011805e-06,-2.36454922576011e-06,2.93635889643565e-06,-2.72124685740301e-06,2.32722248916226e-06,-2.23807981995775e-06,2.31581079515228e-06,-2.07639086458287e-06,3.79101640691126e-07,2.08935265548032e-06,-2.25361309276175e-06,1.29833076426883e-06,-4.83872910511444e-07,-4.57923313972687e-07,-1.71123155866725e-06,5.17097217629399e-06,-7.28560608951987e-06,9.38037042953392e-06,-7.96858814577372e-06,1.83586799462657e-06,1.85793641395463e-06,-1.28142006253814e-07,-1.46473308427439e-06,-6.4250966992337e-07,3.72088531874709e-06,-3.08364977924588e-06,-1.24443987422924e-06,2.85046530115331e-06,2.51785375230949e-07,-1.28996635458971e-06,-9.90986184902894e-07,1.17605235879174e-06,-8.47664634283598e-07,3.86286692539592e-06,-6.94378676886485e-06,6.50129708914142e-06,-2.92086678070836e-06,-1.33571723570715e-06,2.83003654999387e-06,-8.1372691251448e-07,-2.12299052175006e-06,3.60156668303283e-06,-2.77261983535282e-06,7.14604044760378e-07,7.86871653606678e-07,-7.59725050314635e-07,-1.68868968773093e-06,5.05862911685608e-06,-6.37833817541664e-06,4.80704599190228e-06,-1.9325121235398e-06,1.22001568735367e-06,-1.61636362883025e-06,-9.37473269094555e-08,8.20094780795067e-07,1.69556849777047e-06
2.67314705786717e-06,1.15142375574154e-06,-2.77850066261647e-06,5.48155751094513e-06,-1.01241742205873e-05,1.03939507276399e-05,-4.02578446262801e-06,-2.57916502346697e-06,3.57131295777666e-06,1.32313024038762e-07,-3.38488308506926e-06,2.68903905552915e-06,-5.48096882765466e-07,-4.33435927511258e-07,8.10504120246292e-07,-2.26416111572274e-07,-8.00788917796069e-07,6.9060602340591e-07,-9.05146834630883e-07,7.21776844405004e-07,-2.07609373017675e-07,5.58337711884886e-07,1.72484628226459e-06,-5.00101364186204e-06,6.30589186069999e-06,-6.23825529616974e-06,3.52215843190454e-06,-3.06536020025115e-07,8.01348106669563e-07,-4.75351240172372e-06,6.8118929126875e-06,-4.17053246461554e-06,1.69455769311928e-06,-3.97333023118215e-06,8.9114852369249e-06,-9.10101133663989e-06,3.23008042666925e-06,-8.27533854682284e-07,2.69262106932397e-06,-2.48234898124733e-06,3.07860676856758e-06,-5.87575978877691e-06,6.06410102359762e-06,-3.03447024684139e-06,8.76814451583489e-07,-1.55484708248445e-06,2.58139408833036e-06,-2.90402938909155e-06,2.97155629203738e-06,-2.8203943618559e-06,3.06673076862293e-06,-2.46577966302968e-06,8.11985687812769e-08,2.1405456578584e-06,-2.35838311190008e-06,1.4436622333793e-06,1.744493115999e-08,-1.74716961467219e-06,1.57151551613434e-06,-9.7832263840404e-07,1.4892033942895e-06,-1.00072922377023e-06,1.38041607008773e-06,-3.72720032650153e-06
-3.39224614700893e-06,9.25313011769568e-07,3.04658860847734e-07,-2.55869023708083e-06,5.53550993426956e-06,-5.05291779823347e-06,-1.492937517904e-06,7.77035937666258e-06,-6.37265366133352e-06,7.30796632794975e-07,1.59315321306467e-06,1.57170708032625e-06,-4.90153349141396e-06,3.42730360235228e-06,-4.56717449380125e-07,-1.26418902019387e-06,3.19098555721083e-06,-4.41032224664474e-06,3.95715731848005e-06,-7.0029112916689e-07,-2.72007855874592e-06,2.55288968315058e-06,-2.74878499455327e-06,3.28864511938631e-06,-1.32696676921483e-06,-5.83558135777064e-07,1.01674698322638e-06,7.8061507278024e-07,-5.38632565803779e-06,1.00297462269773e-05,-9.74108192987517e-06,5.47475263642034e-06,-4.72787946761272e-06,8.70785915698949e-06,-1.24131655324058e-05,1.1036033488548e-05,-4.72868545078267e-06,1.90816587181539e-06,-3.01988393809941e-06,3.20383320120743e-06,-5.36772726785489e-06,8.39354437813575e-06,-6.98509201350523e-06,1.9306873524923e-06,8.92827332734782e-08,3.31322129204222e-06,-5.10098017919658e-06,3.73922566441318e-06,-3.5109530919833e-06,3.62617450587956e-06,-2.7266638929307e-06,1.7991338102328e-06,-9.55925918970362e-07,-8.46927751347751e-08,9.8750218603482e-07,-2.40447441525403e-06,2.09759299956583e-06,1.6248592055355e-06,-3.06699428045635e-06,1.20285445192234e-06,-1.93460399646529e-06,4.82021377486363e-06,-6.33072852669953e-06,5.85483934653618e-06
6.35216558776723e-06,-5.5300615909863e-06,2.31264492624153e-06,1.76329432026788e-06,-3.94400203657439e-06,4.70386285527785e-06,-1.00852965325282e-06,-5.06914827134694e-06,5.86702450396206e-06,-2.51544761421319e-06,1.36407793584372e-06,-4.70443837599989e-06,8.01879975869604e-06,-5.74858455428087e-06,1.23128991751685e-06,1.28595104540413e-06,-3.9364516949575e-06,6.48009550218037e-06,-5.79969517429256e-06,-3.7459700208573e-07,7.75738645940125e-06,-8.37369956149494e-06,4.68937851583218e-06,-9.29780583586065e-07,-3.4161773477421e-06,4.66850202448421e-06,-6.97003397499825e-07,-4.82228397920705e-06,9.24998103678547e-06,-1.04525509833932e-05,5.99180823487599e-06,-1.50390052922812e-06,4.69095832866164e-06,-1.08698301249082e-05,1.27746790843797e-05,-1.04054967661809e-05,5.67278514531512e-06,-3.20195777794742e-06,4.00693072357428e-06,-5.50381904235125e-06,7.69082878783385e-06,-9.31488999758391e-06,7.53898397934292e-06,-2.02088196785956e-06,-2.47050950864129e-08,-4.26516320811295e-06,5.88617613905303e-06,-4.48652308245826e-06,6.12055225524615e-06,-6.71332268407533e-06,2.1563165397757e-06,1.52456092287676e-06,-5.41591885836035e-07,-1.2916363839046e-06,1.80383582139539e-06,-8.24573162909639e-08,-1.41403874237578e-06,-9.27235875426578e-07,2.30702963388632e-06,-2.69729145327052e-07,1.36304255049435e-06,-6.77813476145058e-06,1.00162436193628e-05,-8.38377050432469e-06
-7.56669303604956e-06,5.8390253000474e-06,-5.632303689826e-07,-4.29039327365486e-06,5.44484933434898e-06,-6.34977471518805e-06,4.19029281044148e-06,2.46861861312041e-06,-7.15167781368547e-06,6.50134158713936e-06,-3.68600395459714e-06,3.3707807999297e-06,-5.3176541511317e-06,5.20922508231484e-06,-3.33692213522226e-06,1.98310815102977e-06,9.03400192157067e-07,-4.63352556097755e-06,4.47939080971829e-06,2.40432659301711e-06,-1.14224666527312e-05,1.19816497668025e-05,-5.06186699787626e-06,-4.56492732929557e-07,3.13018732179362e-06,-1.47676130931386e-06,-5.08040020134177e-06,9.95983959127769e-06,-9.94964303618928e-06,6.27029646810326e-06,1.73057173226476e-07,-2.55683732883364e-06,-3.82866588267538e-06,1.06132766224071e-05,-1.12737792553105e-05,9.55989894642108e-06,-7.20134746783006e-06,4.07913654773389e-06,-2.44692000630646e-06,3.72492679768756e-06,-5.34259785599599e-06,5.27548481984294e-06,-3.6247716639943e-06,6.55643627444428e-08,-2.23583381864611e-07,5.02579798468436e-06,-6.04148133353978e-06,4.8865142947084e-06,-6.69485649756095e-06,6.28099438611083e-06,-1.13825322750889e-07,-4.58573798533853e-06,3.374320325786e-06,-6.74292437837711e-07,-1.53216035663534e-06,1.90756382801928e-06,-2.11426812775418e-07,-1.45267939408482e-07,3.19629110170788e-07,-1.30359532282439e-06,-7.33917064402431e-07,6.38432373342004e-06,-1.05599621802471e-05,9.64636108025415e-06
4.52709914529955e-06,-1.98024595979563e-06,-3.12204592378793e-06,6.69411694292925e-06,-6.33559156110141e-06,5.14908137753748e-06,-1.67842846873924e-06,-4.46838916566311e-06,8.77176269774415e-06,-7.05901752828981e-06,1.22247705599219e-06,2.41861797299015e-06,-1.81535672576895e-06,5.34296501517341e-08,1.97772798627696e-06,-4.093864144673e-06,2.88105731088191e-06,9.75389163927673e-08,5.00887292001204e-07,-5.80837975855012e-06,1.14697453278715e-05,-9.47009970567023e-06,2.31832783724364e-06,1.07337864181981e-06,-8.60413113417572e-07,-2.52932668426254e-06,8.65447534589054e-06,-1.07965228414814e-05,7.57298524158643e-06,-2.98529288367189e-06,-2.0673460074454e-06,3.73170933500839e-06,1.09665807646695e-06,-6.05348459653441e-06,6.78090662932029e-06,-7.45940729405205e-06,7.75373116997364e-06,-3.79362468138293e-06,-1.09415049968201e-06,1.61215883129434e-06,1.62186834283587e-07,-1.075881694028e-06,8.41036572127528e-07,5.49780741168557e-07,5.76465377465585e-07,-3.72878652312354e-06,4.03590966156146e-06,-3.47635639761462e-06,3.62771990224197e-06,-1.54262677838947e-06,-2.36219481862603e-06,4.20179858390442e-06,-2.97406076999335e-06,1.32907034239364e-06,5.09739585060401e-07,-1.52843979939117e-06,5.42421079192347e-07,1.04819956534458e-06,-3.14366958408837e-06,3.12394377345578e-06,8.36826396398542e-07,-5.28779823550983e-06,7.53074370735209e-06,-6.65678079691286e-06
-1.25958927709951e-06,-9.54811915816139e-08,4.52781950752146e-06,-7.7236834489538e-06,7.3166621067059e-06,-5.27929892124838e-06,8.57884494993524e-07,4.94402411902807e-06,-8.10976803576634e-06,5.21510132660471e-06,1.18825341895973e-06,-5.71826170302719e-06,6.54368918093562e-06,-4.67161195822229e-06,1.3445899876454e-06,1.8022054818808e-06,-2.31009085986776e-06,2.04649878249399e-06,-3.84637234215137e-06,6.42483636117562e-06,-7.68404404267766e-06,5.14322007541716e-06,-1.50151186707839e-06,7.81991693377935e-07,-1.23885743398976e-06,3.51272895213162e-06,-7.58570362518119e-06,8.19423764270712e-06,-6.04732898879862e-06,4.42165683479255e-06,-5.74751734267074e-07,-3.62325604009332e-06,2.91911078791555e-06,-2.69385112730841e-07,-8.26341315836179e-07,3.52180973507887e-06,-5.49362993843811e-06,2.04858564839941e-06,2.56025273866573e-06,-3.29596509719461e-06,1.05932325972909e-06,1.77580815749498e-06,-2.45282470836818e-06,2.27871622317214e-07,1.03616941458351e-06,-3.7392487986219e-07,-5.1362453810451e-07,1.8217541358786e-06,-1.50348637185769e-06,-1.51179175657339e-06,3.40921329970791e-06,-2.24545629226175e-06,-8.22543581822008e-07,3.32701829780992e-06,-3.12141922355237e-06,7.55846034964146e-07,1.12387382964048e-06,-2.86449698182032e-06,5.82839004351337e-06,-5.35281383211232e-06,2.48081811108407e-07,2.8632820197891e-06,-2.4281640285872e-06,1.51286694282872e-06
1.79370537204547e-06,-1.93812104815204e-06,-2.28444291052021e-06,6.65279576407859e-06,-8.05953017350749e-06,7.47674416108897e-06,-3.65044244149623e-06,-2.87474936179828e-06,7.18088390381503e-06,-5.62886409397545e-06,6.35622844043622e-07,4.36998484558492e-06,-6.67072562910964e-06,5.28103358455853e-06,-3.62386105820411e-06,2.93963699445347e-06,-1.44864424190568e-06,-1.12313185057127e-06,3.30119735634357e-06,-3.2230544513519e-06,2.34802710432143e-06,-2.47242029300555e-06,2.85732454167438e-06,-2.6261125479709e-06,1.52832109708915e-06,-1.84802148642637e-06,3.47810606809832e-06,-3.59439907614744e-06,4.84518158611463e-06,-6.93339041989334e-06,3.30105299455702e-06,3.30213116913409e-06,-4.81790729590591e-06,3.33290259650021e-06,-2.44728318284169e-06,-5.55493982527486e-07,1.93401504155458e-06,1.40382262026468e-06,-3.79326192146614e-06,2.26957364622141e-06,2.3473017604826e-06,-6.8209324432239e-06,6.13548549978714e-06,-1.02743696611118e-06,-2.83239881411756e-06,3.56689954016788e-06,-2.61753381605637e-06,2.00723254773239e-07,1.12607817034592e-06,1.37608546174424e-06,-3.69808864035929e-06,1.90613074845246e-06,3.72072450501196e-06,-9.19422953314455e-06,8.4683407447892e-06,-3.02449963391824e-06,-7.97892183855539e-07,3.1473449819425e-06,-5.56683533865889e-06,4.57138234590584e-06,-3.310681829761e-07,-1.56390691002688e-06,3.94335445179786e-07,-9.2171488648778e-08
-1.88158840428833e-06,3.54312590478017e-06,-1.56808268207732e-06,-2.61628988089924e-06,5.94379661472998e-06,-7.14710049136715e-06,4.68592633591394e-06,8.16581568816015e-07,-5.2316073442635e-06,5.54590874273315e-06,-2.08063145093736e-06,-3.01237020056809e-06,5.36031763079322e-06,-4.49918547773033e-06,5.32402131405169e-06,-6.95974425572682e-06,4.49972970629883e-06,1.89454482455476e-07,-2.41638683386909e-06,1.04123370724841e-06,-2.42303775814793e-07,2.66062562917437e-06,-3.29650983023363e-06,8.0320046831937e-07,6.45284332369086e-07,8.68993447921314e-08,-1.64005715237457e-07,-1.65464284680349e-08,-3.71118930550611e-06,7.77370443033677e-06,-5.10111839082715e-06,-7.27467375926189e-07,2.31479710760076e-06,-2.18730580829748e-06,2.42041690889198e-06,1.37936211058726e-07,-5.12767693861371e-07,-2.9422547754355e-06,3.82512273457707e-06,-8.06780401559446e-07,-5.58798153636245e-06,1.14173089694604e-05,-1.07089395940577e-05,5.56803304870462e-06,-1.33581839238962e-06,-1.17326192953713e-06,3.04819162167766e-06,-2.20174280521595e-06,-7.64328483684925e-07,4.72722902659298e-07,1.64551292483077e-06,-5.40030481408905e-07,-4.6349979284441e-06,1.06623424529122e-05,-1.11139527883671e-05,6.07551418792288e-06,-1.60680025655887e-06,-1.32452244607273e-06,3.02477015686234e-06,-1.25210102760541e-06,-2.02808460029391e-06,2.99130736149614e-06,-1.52503873975371e-06,3.91265057038396e-07
-8.0812529727196e-07,-2.21753298728284e-06,3.23502090887898e-06,-7.80316665969445e-07,-2.43555371970402e-06,3.05597682014249e-06,-1.00287693138323e-06,-1.42465405712188e-06,2.66957049322955e-06,-2.48884366091645e-06,1.20363222529343e-07,3.35033288377311e-06,-3.99608870067048e-06,3.0081804549234e-06,-5.01231175781477e-06,7.62628592640197e-06,-5.10038955132334e-06,-4.3400954263828e-07,3.4668997318198e-06,-2.77880312170333e-06,2.94126129009133e-06,-6.11544915988406e-06,5.16480942060552e-06,-2.67528746091728e-07,-4.31587186514077e-07,-1.01392480570668e-06,-6.07072851101183e-07,6.77965521413336e-07,3.84158100545259e-06,-7.51160119913677e-06,6.50281544570651e-06,-3.57006046074136e-06,2.49723936975511e-06,-1.31755047586769e-06,-6.37328585166811e-08,-8.11523666180491e-07,3.77084908248791e-07,1.14771125097274e-06,-6.37304253077687e-08,-2.44469214037607e-06,6.86613889309255e-06,-1.20813044614572e-05,1.39284067911331e-05,-1.23012190289934e-05,8.67383819307122e-06,-4.07005607265863e-06,-3.59760802366354e-08,8.57564348071833e-07,1.89369278330003e-06,-3.32684967758796e-06,2.53056864454763e-06,-2.71377024839528e-06,4.82309125442095e-06,-7.97449049675146e-06,8.48068847272728e-06,-5.07493826887094e-06,1.99876759992344e-06,1.04634772099695e-08,-2.15334311218358e-06,1.68171629967568e-06,1.29376483480789e-06,-3.19956413638823e-06,1.53405682781729e-06,1.39099325424639e-06
1.91606378902544e-06,1.91804676706482e-08,-3.11456053976485e-07,-1.27337202958768e-06,1.62182731417449e-06,1.6456446128821e-06,-5.00643372102902e-06,4.53045200065386e-06,-1.59983038084949e-06,-4.9429204433194e-07,1.80421499915766e-06,-3.29153685485659e-06,2.91136715397683e-06,-7.99091489138293e-07,1.03364812873615e-06,-3.07735749059386e-06,2.27962160836882e-06,8.75406885834362e-07,-4.03535268217289e-06,5.37680149682561e-06,-6.03812165952981e-06,8.40572695025196e-06,-7.6489834440665e-06,3.45890343455843e-06,-2.60370368444851e-06,1.78090090552384e-06,2.8674262253031e-06,-3.69704883089703e-06,-7.69504223535591e-07,4.27342640774244e-06,-5.04503989575383e-06,4.34250777243269e-06,-3.94984987803164e-06,4.192596177103e-06,-4.09063755262181e-06,2.14031474948007e-06,5.55049455211165e-07,-1.57399316747907e-07,-2.10338064340211e-06,4.02040963834647e-06,-7.38407325162839e-06,1.1431829949293e-05,-1.42653244682286e-05,1.47238937887684e-05,-1.13834739860534e-05,6.87551141649671e-06,-4.21387405579954e-06,3.22272520863764e-06,-3.37734972544181e-06,3.20149137089275e-06,-2.21647772397094e-06,2.19675031188973e-06,-3.43654795578569e-06,4.62968819852425e-06,-4.25789933556201e-06,2.30684034005379e-06,-1.18447295370951e-06,2.13820610156319e-07,2.99546040450528e-06,-5.43157885981452e-06,2.97856373014063e-06,1.53203270988185e-06,-1.15640962550096e-06,-2.08881716813605e-06
-2.82782639455128e-07,1.16778192801854e-06,-4.24542191522314e-06,5.99180359215241e-06,-3.32995412287486e-06,-2.84192132250157e-06,6.80472998553435e-06,-5.78599893049496e-06,3.31742124362209e-06,-2.54327262902681e-06,1.74199262339374e-06,1.21739410517417e-06,-3.55856168564979e-06,1.6780786116493e-06,1.79570267979382e-06,-3.30801816632948e-06,3.00486683698119e-06,-1.64495943340175e-06,2.44922984255002e-06,-4.79020599635803e-06,5.7440250904766e-06,-6.69558539752536e-06,6.78200129149402e-06,-4.76690332480702e-06,3.60901723360153e-06,-1.06929649434037e-06,-6.19832823901063e-06,1.01675382043467e-05,-6.28350844444594e-06,1.10755234725685e-06,1.2622503709571e-06,-1.39035559343711e-06,1.18805706741293e-06,-3.62469429156391e-06,6.38600572512828e-06,-2.99585579451871e-06,-2.3618081798323e-06,2.71226045083732e-06,-1.9663122485678e-06,5.09405518797269e-07,4.61591540090941e-06,-9.50471374366914e-06,1.21442832590671e-05,-1.22704944520365e-05,8.94072035931288e-06,-6.22080455979325e-06,5.76519721382499e-06,-4.15248222150007e-06,1.34622984543551e-06,4.89621952810327e-07,-1.21090079072397e-06,5.26976677707592e-07,1.51890006143975e-06,-2.45128406132655e-06,1.05826062597618e-06,1.94160211970689e-07,2.98034388133577e-07,-4.85608683645085e-07,-2.17983911906821e-06,5.69724237188586e-06,-4.43363679607955e-06,-4.86424879742099e-07,1.39013072005961e-06,4.65471340990123e-07
-2.49298910375485e-06,1.11907607526159e-06,3.20376802639634e-06,-5.23981797390711e-06,2.82858607696738e-06,1.55487935525627e-06,-4.05518170775634e-06,4.33274909222671e-06,-5.92128227172513e-06,8.91627540285343e-06,-8.07772239832655e-06,1.62581049886407e-06,5.51558018204496e-06,-7.00175548026863e-06,2.0315839953979e-06,4.18286429477814e-06,-5.88473144375683e-06,2.66868700314232e-06,-1.27822682288109e-06,3.29846235518089e-06,-4.10262564057592e-06,3.46087661853759e-06,-2.95607553701821e-06,1.59527572524072e-06,-1.51087689166123e-07,-2.59379686298418e-06,9.37587595843053e-06,-1.35417224695762e-05,9.50083617716432e-06,-3.44618850465846e-06,1.02120211615276e-06,-1.31576847808034e-06,1.60865723196282e-06,1.83859720899977e-06,-5.8837715668493e-06,1.97936870156142e-06,4.94775562860641e-06,-6.50466307157182e-06,6.6388030929517e-06,-5.49913376327776e-06,3.60549074475529e-07,4.72541150036971e-06,-7.72699155821787e-06,8.03173994005478e-06,-5.61351603020145e-06,4.50537044677531e-06,-4.47880673336196e-06,1.99499788317361e-06,1.28199240812244e-06,-2.64260223159597e-06,2.52911536421913e-06,-1.3035675301804e-06,-6.38934694989825e-07,7.52988425179545e-07,1.6232694331394e-06,-2.91705876539179e-06,1.2503372244688e-06,1.46726283720213e-06,-1.38640415665982e-06,-1.57693620864978e-06,2.43104361172276e-06,-4.39177022724108e-07,-5.06855277684805e-07,9.97441841099539e-07
4.77946376307094e-06,-6.11382108367256e-06,3.48902036457915e-06,-1.21265785785505e-06,1.35557953731023e-06,-2.53048037879945e-06,3.21776905750924e-06,-3.09292196933074e-06,5.21079755613216e-06,-9.34344307847221e-06,9.24585862994175e-06,-2.97873534086159e-06,-5.4538570407825e-06,9.79610809469457e-06,-6.39679118317414e-06,-1.08900543589671e-06,4.79741430540859e-06,-2.10900679944866e-06,3.34226875592765e-07,-2.60492508353122e-06,3.19074308748203e-06,-1.14795307224396e-06,-2.0231225288205e-07,1.12617367689651e-06,-2.1781408303729e-06,4.2173094495802e-06,-7.72800403758724e-06,8.89141697143544e-06,-5.24136565801816e-06,7.02677231978106e-07,2.13046284494232e-07,1.22962980016613e-06,-7.33351069296753e-07,-3.89493450703357e-06,7.46710544767406e-06,-2.57658640078869e-06,-5.03805371516385e-06,6.42856198927492e-06,-5.07945148142429e-06,3.91179417016372e-06,-1.58395167328089e-06,-1.01414888699081e-06,2.96991695821283e-06,-3.50093614625038e-06,3.26585313319611e-06,-3.67950017893181e-06,3.2517779261766e-06,-9.18959521679126e-07,-1.09078610049354e-06,2.26394215727533e-06,-2.9044737010096e-06,1.79539187088707e-06,-3.17944289569873e-07,9.08780904901104e-07,-2.77529530782956e-06,3.48429251639226e-06,-1.71756443974865e-06,-2.21645163022421e-06,3.60747301315203e-06,-9.10554431386668e-07,-1.22885571817473e-06,1.39240418463357e-06,-7.78940200683114e-07,-1.19865904244866e-06
-4.03512391907286e-06,7.88657443260832e-06,-7.70910943299648e-06,5.94514223700904e-06,-5.08989557390929e-06,5.04752767090566e-06,-4.55693550197242e-06,2.54388954250153e-06,-2.32616787939148e-06,4.74886658087892e-06,-5.50625029841257e-06,2.95880689201846e-06,1.88110197191704e-06,-5.29005700167201e-06,3.77660637410857e-06,1.14511915411054e-06,-3.53712941107401e-06,1.88484699694209e-07,2.37760986810448e-06,1.29189307410537e-07,-2.21210818332236e-06,1.37972189914617e-06,-5.83864034019626e-07,5.55317895344659e-07,4.00499190756984e-09,-1.4521215440111e-06,2.22155334824321e-06,-1.64283253346715e-06,-5.82978768950282e-07,3.63106463711581e-06,-3.81400102100345e-06,2.14323128549676e-06,-3.91503247174378e-06,9.00000791497064e-06,-1.12519811624836e-05,6.21269182784065e-06,6.52990002959033e-07,-1.60693185623696e-06,-7.46950125003053e-07,1.37326980336896e-06,-4.47424888552432e-07,2.64090623652074e-07,-6.46909871136578e-07,5.73445683137728e-07,-1.71750014399193e-06,3.17960497314504e-06,-2.22385279471681e-06,1.90529663163412e-07,5.62486155412278e-07,-1.30605404923495e-06,2.18400766173424e-06,-1.97218872528165e-06,2.00028737039844e-06,-2.10599196351074e-06,1.55855056160722e-06,-1.29306647931889e-06,2.6087952245269e-07,2.28416397856835e-06,-2.21920382664006e-06,-3.16365841859334e-07,8.52389203534443e-07,-3.33882922804758e-07,6.94468447558982e-07,6.20976741505343e-08
1.06433650930296e-06,-4.57637112926703e-06,5.79686943565831e-06,-5.8958239515858e-06,5.84620963484911e-06,-5.08993593120125e-06,2.98963408541994e-06,-4.92999491057302e-07,1.92222266344572e-07,-1.50417081487813e-06,2.42431573417782e-06,-2.64682409420506e-06,1.84476521455507e-06,-9.86303973753046e-07,1.37674912319975e-06,-2.62276252351041e-06,2.00240238876755e-06,1.6947711762154e-06,-4.20510526917327e-06,2.12201203981011e-06,1.74581439093118e-06,-3.96017464635135e-06,4.50667461710253e-06,-4.58119558137123e-06,4.31273020314949e-06,-3.29007417672962e-06,2.61450348874422e-06,-2.25700550381458e-06,2.74256063994642e-06,-4.64526675740521e-06,4.78706674827347e-06,-3.86062838659278e-06,6.11677562440901e-06,-9.98410263359018e-06,1.08466664967905e-05,-7.44125445009658e-06,3.18969193996215e-06,-2.14292373592866e-06,3.8187327737779e-06,-4.70681242408548e-06,3.29347526613276e-06,-2.05558422809901e-06,1.25591777887229e-06,1.51014627097565e-07,8.1942571451139e-07,-2.80771785485474e-06,1.41149005302729e-06,6.80675249035173e-07,-4.88638888902026e-07,1.6761040691556e-07,-2.99500030809475e-07,9.3226489020799e-07,-2.35383637924537e-06,1.49961509295036e-06,8.03218364314896e-07,-6.35310695782123e-07,5.68463393272724e-07,-1.91061849648361e-06,7.95584771889474e-07,6.74258142919476e-07,8.4587642030769e-07,-1.70135559354587e-06,-5.08758451421757e-07,1.69892997434029e-06
1.35374058039588e-06,-1.30769458595652e-07,-1.49936518228266e-06,4.5197374296054e-06,-5.56261067409393e-06,2.32040102760211e-06,2.47412540337469e-06,-4.18299020814376e-06,2.44061788397565e-06,-4.30682017318178e-07,-3.1490834563834e-07,2.80005050696765e-07,-9.17833080032515e-07,2.45876855744188e-06,-2.9900274002295e-06,1.44889647336389e-06,1.57981384589905e-06,-4.03468814399873e-06,4.06113366883727e-06,-1.92704511914966e-06,-1.15497481734947e-06,4.23735186463106e-06,-5.89070276538484e-06,5.84394846673484e-06,-5.88040321725795e-06,5.72733787796435e-06,-4.7320051142311e-06,3.09893273130157e-06,-1.75995521843223e-06,1.58352304860245e-06,-1.31972882901135e-06,1.45081218442022e-06,-3.23734114391864e-06,5.30222382805136e-06,-5.45103519956572e-06,3.53989448589931e-06,-1.27357141082201e-06,-2.44764528571844e-07,-6.95330761861297e-07,3.8152814265813e-06,-5.37391044358141e-06,4.34992097690094e-06,-1.37890390368639e-06,-1.7167706755378e-06,8.04309966931866e-07,1.52166300851053e-06,-2.88769853681631e-07,-7.92884108595625e-07,-5.40590784696688e-07,1.32019200731073e-06,-1.44931745176844e-06,1.12776973418086e-06,-1.45111027639761e-07,1.03536471623332e-06,-2.86593239200477e-06,1.84891816837611e-06,-7.91417378802478e-07,1.92667778452473e-06,-2.23284166279288e-06,1.79424576772142e-06,-1.91379477197482e-06,7.77977790442611e-07,2.14238400489178e-06,-3.06879368661739e-06
-3.01813906663313e-06,3.56916714594418e-06,-1.4598066782498e-06,-2.93600335315277e-06,3.54878663400844e-06,1.43168583113334e-06,-6.61306667829093e-06,7.3653435796477e-06,-5.02235636053799e-06,2.86173505261883e-06,-2.85732154251661e-06,4.19028606555163e-06,-3.24219412901006e-06,-2.21930233888359e-07,2.01537386464089e-06,3.6210035533972e-08,-3.55469011724101e-06,4.92819916999858e-06,-3.31120158956714e-06,1.55682198285282e-06,-1.14696766019222e-06,-1.34914694811538e-07,2.26362378370572e-06,-3.12730254953518e-06,3.50301210528562e-06,-3.88147368275785e-06,3.45840239220867e-06,-1.77879977559143e-06,-4.6074981829909e-07,1.81793807365979e-06,-1.75337793288813e-06,6.51317349435424e-07,1.74653032349233e-07,-7.42379373653668e-07,3.54174626578668e-07,1.83226600867603e-06,-3.91542464945128e-06,5.1476199837494e-06,-3.82932419472398e-06,-6.92032182442816e-07,3.83878214443625e-06,-2.47939708717941e-06,-1.73643671551314e-06,4.12853973326685e-06,-2.30100300800446e-06,9.06525409932657e-07,-1.90239283060083e-06,4.07255316547269e-07,2.49631959761496e-06,-2.89334926085797e-06,2.6339197807446e-06,-2.94941700995438e-06,2.73382199269098e-06,-2.80037662151501e-06,3.68530587116817e-06,-3.03262295558225e-06,1.65847600687912e-06,-2.39363206878566e-06,3.51849973977958e-06,-2.38641609934855e-06,2.52216496376041e-07,1.05016918800932e-06,-2.22697395912649e-06,2.8078276245723e-06
3.52865312697856e-06,-4.43143827528587e-06,2.23107100564091e-06,3.83076921784853e-07,5.72435775521321e-07,-3.92383385470148e-06,5.79584843949607e-06,-5.7421696954716e-06,5.09775106901744e-06,-4.51635199167265e-06,5.32644928547223e-06,-6.73977563426418e-06,5.36787856542401e-06,-1.1996253307457e-06,-2.22041221759997e-06,2.25857370024431e-06,1.43395970017798e-08,-1.49509858894099e-06,1.0588015310093e-06,-1.32946558243823e-06,3.53254030956392e-06,-4.23417450172727e-06,2.13322237439521e-06,-1.81639992201806e-07,-4.97872564267853e-07,9.65884314723916e-07,-9.8800216481245e-07,-2.12645610283338e-07,1.68486544194539e-06,-2.3725790154704e-06,1.86827416708629e-06,-7.68783152297931e-07,7.83900480876508e-07,-1.08661715107571e-06,1.92753762812713e-06,-4.26188569536581e-06,5.37291808135042e-06,-4.93298531579147e-06,3.56457241379887e-06,-1.02025045012224e-06,-2.935181055437e-07,-1.12810195481085e-06,3.19427899280487e-06,-2.94095225346898e-06,1.70345601338523e-06,-2.94294391313494e-06,3.5171968995473e-06,3.35659142168436e-07,-3.66234370476275e-06,3.39276237579113e-06,-3.07259712621143e-06,3.64697047997239e-06,-3.2394642837819e-06,1.93767082115572e-06,-1.19061673234339e-06,3.69800069845516e-08,7.46378698643951e-07,6.91496616703834e-07,-9.30348484499042e-07,-1.53777509908836e-06,2.26588974259758e-06,9.24845616748154e-08,-1.19802190181718e-06,-7.67082756595043e-07
-2.89514508504697e-06,3.66332427069914e-06,-2.11863821862285e-06,1.53998603373922e-06,-3.01769994691728e-06,3.73209952091945e-06,-2.6228285311999e-06,2.05300188973116e-06,-2.80964180596289e-06,3.51623823380999e-06,-4.21825703852815e-06,5.16146388188896e-06,-4.33930514488225e-06,9.95882286449386e-07,3.63017481712033e-06,-6.66096316855471e-06,5.81197795017857e-06,-3.60381601999204e-06,2.55160801824545e-06,-6.19836322232442e-07,-3.0617519474288e-06,4.96149054207898e-06,-3.65993136257948e-06,1.92575318838575e-06,-1.12181028341176e-06,8.03356385328702e-07,-1.09902634929088e-06,1.29090854510998e-06,-8.33270402500656e-07,1.09686201539928e-06,-1.72575793315715e-06,1.54611692466682e-06,-1.62228901930969e-06,1.50731444802638e-06,-1.08511116684687e-06,1.32559271021334e-06,-6.25724054203869e-07,-5.58579766224401e-07,4.29987858633008e-07,5.94178945143856e-08,-2.81665373169276e-07,3.75125578161069e-07,4.14340262665593e-07,-1.45320169138667e-06,-6.19786485849415e-08,3.51087743565258e-06,-3.47558666374799e-06,-5.6834396908047e-07,3.05373524774862e-06,-3.29424880051102e-06,4.16567496398574e-06,-4.86886807076133e-06,3.29012895053226e-06,3.21858803864741e-07,-4.02356686714709e-06,6.83202762320989e-06,-6.27922674111671e-06,2.51408628917079e-06,-1.87142846363322e-06,3.95405349769331e-06,-2.15964692542884e-06,-2.5872226454001e-06,4.0083512571877e-06,-8.06216913124941e-07
2.29482266835991e-06,-2.97029696144548e-06,2.46570833949926e-06,-3.32999738404436e-06,4.65400728777397e-06,-3.57347585762036e-06,9.29298505564875e-07,7.01770768702473e-07,-4.80994061014935e-07,-4.15401831480795e-07,5.43526878430779e-07,-7.3204005249644e-07,1.04970872202174e-06,-2.09380831870578e-07,-3.30515235033607e-06,7.76323885640014e-06,-8.42665127452128e-06,6.40503349211932e-06,-5.14406160983933e-06,3.53378575237669e-06,-4.75738185713709e-07,-1.69283973014415e-06,1.46899244667094e-06,-4.47509464599793e-07,1.21450167578032e-07,-9.46633321176035e-07,2.00853863834376e-06,-1.07732495682727e-06,-7.6332301274832e-07,-2.0668789292466e-07,2.80577186882956e-06,-3.66382275288446e-06,3.05531487936937e-06,-1.22370316677164e-06,-2.02857888869053e-06,4.45237016005205e-06,-4.64306858968054e-06,3.47904524699038e-06,-1.90550994129353e-06,1.33604789149115e-06,-2.07734288093076e-06,2.98943674685429e-06,-4.2010257393041e-06,4.47341962200537e-06,-1.83801471372321e-06,-1.4751319266645e-06,1.87862201906423e-06,1.93619515062422e-07,-2.04931967003024e-06,3.73958465961766e-06,-6.05374284696028e-06,6.86937193190038e-06,-3.92070117800696e-06,-1.6107585978197e-06,6.69331091696673e-06,-9.60011734562724e-06,8.32373669049129e-06,-3.6761803417226e-06,9.20876577921158e-07,-4.31587767633305e-07,-1.72001908479695e-06,4.7238191575446e-06,-4.59785001244516e-06,1.0271608194525e-06
-1.2079331546648e-06,1.83586965770821e-06,-3.00928917977162e-06,5.5341538473548e-06,-6.29508939383418e-06,3.70068796803536e-06,-3.52706175071338e-07,-2.19729506420582e-06,3.10864205471351e-06,-2.05446905715592e-06,2.10740457535021e-06,-3.52641155361588e-06,3.145037908161e-06,-9.0903386011382e-07,6.72077661932902e-07,-3.84796579872107e-06,6.27022753362769e-06,-5.99318751165681e-06,5.29386999058703e-06,-4.937030093406e-06,3.6191546517738e-06,-1.87864761356537e-06,1.87364468454728e-06,-2.93607165642326e-06,2.00620090311832e-06,1.40367568302503e-06,-3.37007601586014e-06,1.36083013210241e-06,8.69818563602704e-07,6.17952126393627e-07,-3.70410721077536e-06,4.62329039573125e-06,-2.84792435791505e-06,-5.19527050583493e-07,4.81516084571989e-06,-7.25404671103855e-06,4.90022221535188e-06,-7.74705389551803e-07,-1.00082316815289e-06,-3.38012055382986e-07,2.98680936869093e-06,-4.46635101605507e-06,4.8844903324354e-06,-4.36460332631259e-06,2.68386041375158e-06,-8.80278768333684e-07,-1.05183654885614e-07,-5.0529060169587e-07,1.99199876189902e-06,-3.72691165192619e-06,5.91418390502049e-06,-6.51439631107764e-06,3.36762648259358e-06,1.47807029301386e-06,-4.79360242676398e-06,6.21317181033649e-06,-5.22706818342754e-06,2.085401777579e-06,1.01345298007917e-06,-3.27766843778833e-06,4.94481364067751e-06,-5.72306121968318e-06,4.43871912917961e-06,-1.21975462106216e-06
-1.8702083210462e-07,-4.16671460904758e-08,2.58824400365498e-06,-5.45340074810349e-06,4.67778483621849e-06,-1.41944626238219e-06,-4.2453094665517e-07,1.58008517486161e-06,-2.67559375273199e-06,1.95806614825366e-06,-2.53117007157914e-06,5.63554197932499e-06,-6.26298415551811e-06,2.59546615795959e-06,1.13546517469849e-06,-5.48124225830984e-07,-2.8579351661386e-06,4.58035463089562e-06,-4.60091276211203e-06,4.51270862307263e-06,-3.04984108435986e-06,8.68813946340943e-07,-1.11532099790987e-06,3.10995715372838e-06,-3.04806095273596e-06,6.73993903467886e-07,6.49226412326571e-07,8.28226976790086e-08,-2.09163676096285e-07,-1.37416947457647e-06,3.25163273666561e-06,-3.53776058967532e-06,9.41490399127736e-07,2.87946051034524e-06,-6.11903423663897e-06,6.85230852702399e-06,-3.08625659228213e-06,-1.51756237838918e-06,3.10169171121792e-06,-1.4892557727934e-06,-1.82379029209954e-06,3.91425981309573e-06,-3.03826652586662e-06,4.74700830088895e-07,6.78838020634943e-07,-4.00859984516715e-07,-2.82418941632412e-07,2.20772036086526e-06,-3.60974882560332e-06,3.37197360207239e-06,-3.00223945553239e-06,2.49923210254055e-06,-1.03083247889287e-06,-3.09808817826042e-07,7.90867323847902e-07,-1.47273422597524e-06,9.62460578502322e-07,8.70582751718719e-07,-1.8506775392006e-06,2.67620204301201e-06,-3.96254954234003e-06,4.46000893193542e-06,-2.97754787338455e-06,7.54692791834072e-07
4.88768373534045e-07,-1.08596121085941e-06,-1.26644222048772e-06,3.35886776880707e-06,-2.22421156498321e-06,2.25893396852692e-07,-1.13759729506366e-06,2.28999578876111e-06,-1.16085914689582e-06,5.30663777555121e-07,7.24044801792648e-07,-4.39140872273458e-06,6.75990833166676e-06,-4.80507560781431e-06,1.04120007793829e-06,-4.04415141121007e-07,2.59523698474855e-06,-3.55488895436558e-06,3.65583542045254e-06,-3.6426532024723e-06,1.35394139135251e-06,1.7912085729046e-06,-1.84412652222781e-06,-1.16025356955865e-06,4.13694231233589e-06,-5.36311615424292e-06,4.32226740492684e-06,-2.07851235939357e-06,3.03007537256227e-07,5.16400903205716e-07,-1.35528536005334e-06,1.8956338342553e-06,2.07872186617e-07,-3.62414098295325e-06,5.86451731372849e-06,-5.82839614008849e-06,3.32288590145562e-06,-1.23046472001572e-06,-2.95980688885239e-08,8.21414202645281e-07,4.74440514309406e-07,-1.9884970318208e-06,-1.57758388337158e-08,4.35496451411183e-06,-6.28361622752361e-06,5.04111265241506e-06,-1.27155109308966e-06,-3.87214743085019e-06,5.97757335741972e-06,-3.78277709389456e-06,2.15280192555301e-07,1.80278370302122e-06,-1.43713322506534e-06,-3.1793601680783e-07,1.46669718489394e-06,-6.71981368009947e-07,1.00294332701637e-06,-2.96762597898775e-06,2.80007524097529e-06,-1.86958848841791e-06,2.5860427451735e-06,-2.69921400615859e-06,5.59498578977349e-07,8.39996276323044e-07
-1.14955276886883e-06,1.62696279776807e-06,2.28304778871843e-07,-2.45361832085294e-06,2.86564444932985e-06,-2.42974598790983e-06,4.08806092535182e-06,-5.09648426273348e-06,3.09865076532588e-06,-2.12015563030562e-06,2.48399232697675e-06,-2.42903887149349e-07,-4.27380052613427e-06,6.72149243810004e-06,-6.04635185671965e-06,5.02979170336381e-06,-3.48996289153606e-06,1.21315457756093e-06,-1.47601424053425e-06,3.58539271520716e-06,-3.73818419324228e-06,1.20116263420474e-06,1.01320976400885e-06,1.95308870679091e-07,-4.29203196415794e-06,7.59326425899573e-06,-5.83028378358035e-06,1.45039899880136e-06,-1.19810405486295e-07,1.05380535306277e-06,-6.50575084829312e-07,-7.69972652928626e-07,-1.45815411713552e-07,2.74740028340868e-06,-3.98397602136117e-06,3.66037912742846e-06,-3.68690795575418e-06,5.06987849484289e-06,-4.43264149373949e-06,1.02365919307103e-06,9.33259468813648e-07,-1.00252584922957e-06,1.76636033612237e-06,-4.09611378429704e-06,7.33120888643897e-06,-8.63861897666492e-06,4.26480086883655e-06,3.0120973833131e-06,-6.40877127420019e-06,4.29725037142087e-06,4.10301130251366e-07,-3.23692073598849e-06,2.46202636460551e-06,-4.07365103757675e-07,-7.27115644877328e-07,3.45149400210357e-07,-1.10657268232078e-06,3.58735930801742e-06,-4.18759224568051e-06,3.97726990151101e-06,-4.9781701892629e-06,4.10887478703151e-06,-9.13067700943761e-07,-3.13675910786605e-07
2.71210742370132e-06,-2.41369484157202e-06,3.61608146940312e-07,2.29498416120285e-06,-2.99990330292599e-06,1.83921830504233e-06,-2.25614450011311e-06,2.31784468468247e-06,1.0894977656725e-07,-1.56851277601956e-08,-3.67800307995083e-06,3.6932862666489e-06,2.69530028297607e-06,-9.20376467823942e-06,1.10036400307192e-05,-8.46166157074601e-06,2.85058236065167e-06,1.61761878093199e-06,-4.97192149630267e-07,-3.97615639447584e-06,7.37660572021778e-06,-6.13846372200393e-06,1.32261995924978e-06,1.25505620973949e-06,7.3195581557264e-07,-3.54191292494551e-06,1.5039019638863e-06,2.65705559748575e-06,-1.9529499817789e-06,-1.21132840927539e-06,1.8177802927923e-06,-7.11271735311844e-07,8.40924435725792e-07,-1.90596434548187e-06,1.59998555043665e-06,-4.96126112062227e-07,1.00612776082097e-06,-3.16265639557006e-06,3.53843668051644e-06,-8.14121306629601e-07,-2.19589981278498e-06,3.5554961774708e-06,-2.54721739129309e-06,1.43140596504781e-06,-4.42251120138925e-06,7.81384500620516e-06,-4.73464784875095e-06,-1.86788596529945e-06,5.34462543816929e-06,-4.30970865916261e-06,4.56647533780585e-07,2.16875565878045e-06,-1.74290751922197e-06,8.32364971922227e-07,-7.88147425068855e-07,1.3722635882586e-06,-4.80199684116384e-07,-2.52010067586239e-06,4.84993048283204e-06,-6.97333454658857e-06,9.18840199291273e-06,-7.77210165633831e-06,3.79427833245445e-06,-2.14242807078997e-06
-3.03633458598851e-06,2.46073311114717e-06,-1.31864443853682e-07,-1.38546885926567e-06,-3.59128697322176e-07,3.11702253114303e-06,-2.14312253513428e-06,8.22811212208409e-07,-3.22340135117349e-06,3.06503354570767e-06,2.2451323015475e-06,-3.42639145817904e-06,-3.44377370001687e-06,1.07812859032868e-05,-1.27054181321011e-05,9.10857972580491e-06,-2.28266385519185e-06,-2.27051476786401e-06,1.0769098280807e-06,2.91073599335514e-06,-6.08059049480212e-06,5.42613906543441e-06,-1.48091619556921e-06,-1.95715339550376e-06,3.56670484831303e-06,-3.87968935605448e-06,5.24330619497229e-06,-6.98765038714364e-06,4.3873159288996e-06,1.16189878066968e-07,-2.05749121670976e-06,2.84693017204477e-06,-3.41183982441337e-06,2.7114615308686e-06,-8.84848291482617e-07,-6.76187541946106e-07,1.75401742148339e-06,-1.80167849496924e-06,5.04685453215622e-07,-1.59567908768128e-07,2.01498596719745e-06,-4.11273161521911e-06,3.65032988556543e-06,-1.69851656837771e-06,2.65998791782029e-06,-4.58234516594923e-06,1.90814421035301e-06,2.91906855886148e-06,-4.67840575173506e-06,3.03492806433186e-06,1.84136279426388e-07,-1.81149314834824e-06,1.52741709433883e-06,-1.66013698542342e-06,2.58710907541789e-06,-4.07693400036729e-06,3.39124722078021e-06,5.77746231547076e-07,-4.13743063348097e-06,7.01188156766241e-06,-9.71131535679703e-06,8.74862516845838e-06,-4.80120200779681e-06,2.69669630466925e-06
3.18610353810654e-06,-2.04190625900019e-06,-1.39940533172678e-06,1.76273957225563e-06,2.54962142234425e-06,-5.63825843059054e-06,1.94866721063013e-06,1.80801888941347e-06,5.09890574795514e-07,-1.86733632101765e-06,-1.14651244044615e-06,1.42689745659952e-06,3.53632082079822e-06,-8.38547057102728e-06,9.58442257945046e-06,-7.39309890057118e-06,3.03624176488102e-06,-1.47236898781293e-08,5.30066919477939e-07,-2.07269467781662e-06,2.74812938699313e-06,-2.59520498220581e-06,2.66529729146548e-06,-2.12561281127525e-06,-1.20071520791918e-06,4.9425596431974e-06,-6.98758311048472e-06,7.59701709978131e-06,-5.21626789724259e-06,1.87377778695725e-06,3.08114233275107e-07,-2.94613539993274e-06,4.45900407731123e-06,-3.17767996044598e-06,2.16808903922025e-06,-2.66729915982829e-06,1.18680642077425e-06,8.1739387018283e-07,4.91055475879965e-07,-2.19621715993824e-06,7.00358689456706e-07,2.56048538083078e-06,-4.53593499486383e-06,3.34708228552199e-06,-2.00429667046781e-06,3.14094111491192e-06,-1.9536793617913e-06,-2.25468746279054e-06,3.34926907549921e-06,5.24449579050018e-08,-3.7424599773004e-06,4.15359996941101e-06,-3.20654404571348e-06,2.86789472386263e-06,-2.65354241914878e-06,3.42869671244463e-06,-2.26509729344269e-06,-2.24182131992316e-06,4.3976273690828e-06,-4.08413478364604e-06,5.36798583173116e-06,-5.6568816061803e-06,3.0299697826887e-06,-1.88703394131142e-06
-3.3980226429369e-06,1.47155681490772e-06,2.45513658418301e-06,-2.54373200041866e-06,-1.82382029431831e-06,3.97011964106801e-06,1.70768049632283e-06,-7.81927009478333e-06,6.78548878664147e-06,-2.76246115825576e-06,-1.57023979668393e-07,2.15479506421461e-06,-3.5811775722363e-06,4.40436625878663e-06,-4.63647905306796e-06,4.75066433123378e-06,-4.11573853528133e-06,3.55001318992297e-06,-4.36416497575444e-06,4.46278705852223e-06,-2.9041285186022e-06,2.25406623737983e-06,-4.51294182993259e-06,6.32475393099898e-06,-3.54859832871481e-06,-1.17868168839781e-06,4.43004030092358e-06,-6.13996119339715e-06,6.00561863365472e-06,-4.66524460591009e-06,2.26632074576585e-06,1.13079484447695e-06,-2.31609312912645e-06,1.0520122835844e-06,-2.92516894171637e-06,7.08498929022535e-06,-7.18206149841165e-06,5.64629479328111e-06,-6.71971622064039e-06,7.36412150147847e-06,-4.33340379589414e-06,-1.3148077769846e-06,6.21399065608296e-06,-5.66479557619917e-06,2.53819030552771e-06,-3.71335867661952e-06,3.98458091169262e-06,3.50979185416845e-07,-1.5217284685305e-06,-2.9454045082093e-06,7.08303377247763e-06,-7.29792830533698e-06,5.66414401557805e-06,-2.9172143526681e-06,-6.32546273480148e-07,2.02691962551592e-06,-3.72687310558943e-06,7.30642463566742e-06,-6.77749599215627e-06,2.34289866304806e-06,-8.57003259184787e-07,1.55817122805361e-06,-6.75132646441402e-07,1.35903131628286e-06
1.08425708772959e-06,7.44364168363848e-07,-1.71632580435516e-06,8.86852098010179e-07,1.22056363318578e-06,-1.66277162860109e-06,-3.73656356973254e-06,1.0533191301095e-05,-1.14890372493401e-05,6.25446785731334e-06,7.93662107941632e-07,-3.71158180682738e-06,2.12357012498606e-06,-2.25253638789372e-07,-3.32533459791679e-07,-1.04498503024528e-06,3.01994461077678e-06,-4.81164180188786e-06,6.91151447714424e-06,-7.35610445997808e-06,4.99728526920103e-06,-2.44951106756518e-06,2.43333444675424e-06,-3.34910894218519e-06,3.2054429536403e-06,-2.23401624855473e-06,-6.41669968005936e-07,4.91902544779143e-06,-6.93635549709836e-06,5.1207356210903e-06,-1.28540600506225e-06,-1.54104415485733e-06,1.38365912250554e-06,5.2708765648359e-08,2.45044203673915e-06,-7.78355099873427e-06,1.0511143271863e-05,-1.11424240744141e-05,1.12253446407589e-05,-9.64544927049377e-06,4.67501373277785e-06,3.27896325749737e-06,-1.00302592376748e-05,1.01024203150952e-05,-6.12275350988275e-06,4.79204914210444e-06,-2.94453353922065e-06,-7.25322420423742e-07,-3.44093241037935e-07,5.48813412965592e-06,-8.67904971925256e-06,8.07253339441504e-06,-5.50068151207997e-06,1.11427852648459e-06,4.01521217904786e-06,-6.28159956404419e-06,7.40207951127394e-06,-8.98193740236878e-06,7.07438636778151e-06,-1.51845382600727e-06,-1.58047487064739e-06,1.07510010876028e-06,-4.37455950761798e-07,-7.48767632794973e-07
1.02914803761004e-07,-2.98319291989333e-06,1.36176826711658e-06,9.3439454254171e-07,-2.09679452127752e-06,2.13804807483575e-06,1.23829678247223e-06,-6.36163292529405e-06,9.09638642519971e-06,-7.21383533008679e-06,1.98138928065749e-06,2.60005679687994e-07,1.9819744468102e-06,-3.81970831746865e-06,3.84442660196247e-06,-2.23382722211332e-06,-2.51473840596087e-07,2.9785554051938e-06,-5.41743345947475e-06,6.1968328593108e-06,-5.1046114632619e-06,2.67126234576233e-06,1.77807859245612e-07,-2.03668788811121e-06,1.58621132753722e-06,-6.47826763621612e-07,2.53112452142388e-06,-5.38454466684765e-06,4.64089832584076e-06,5.17970487440451e-08,-4.34561779161353e-06,4.63177344942622e-06,-2.81475314053595e-06,1.72350193445945e-06,-2.36530261311433e-06,5.33528796647059e-06,-9.76841137381163e-06,1.22986203330211e-05,-1.0649955408414e-05,6.97090158251437e-06,-2.05373297590916e-06,-4.44394595731853e-06,9.77955328484434e-06,-1.05098175718863e-05,7.7947661468171e-06,-4.51082482932723e-06,-6.07735978952483e-08,2.59310308804418e-06,1.87989749144343e-06,-8.2878645194399e-06,9.45933345944082e-06,-5.49118196810389e-06,9.18250763760197e-07,2.42741607433179e-06,-5.21167244906656e-06,6.02792723865992e-06,-4.85889005912922e-06,3.39453422497225e-06,-1.68397127815898e-06,-1.14180319670686e-06,2.4842960928455e-06,-6.4379492757926e-07,-2.09353355604916e-06,3.02211916339873e-06
3.35000301790715e-06,1.40655445660208e-06,-9.12963627819085e-07,-2.05592185141745e-06,4.25728911771495e-06,-4.99117564452666e-06,3.35684707008973e-06,-7.48414315278906e-08,-3.7976924946067e-06,6.08865758147427e-06,-4.29702041809833e-06,2.56967111102372e-06,-4.23615566702871e-06,4.95255395103382e-06,-3.39910423459856e-06,1.91121462390043e-06,-4.82763570416729e-07,-1.74853370078835e-06,3.33422936968573e-06,-3.69869175044047e-06,4.54175394952632e-06,-4.57503263391416e-06,1.86660199226556e-06,1.37735547695094e-06,-2.72866257154873e-06,3.97745301764687e-06,-5.91118898230594e-06,4.67420002933055e-06,4.77438316736439e-07,-5.9600547323932e-06,8.52046397564843e-06,-6.45461880301097e-06,3.51561322267104e-06,-2.99215211659899e-06,2.35983186578281e-06,-2.22861284633065e-06,5.03081600822745e-06,-7.05274450561042e-06,5.26366732201891e-06,-2.716287844834e-06,1.36912493457818e-06,-6.27692751877819e-07,-9.92332301006116e-08,7.45128065058286e-07,-1.09128814734589e-06,1.50325081772782e-07,3.33924139223076e-06,-4.17026206486461e-06,-2.45630670114418e-06,9.2666075286218e-06,-8.55865462964953e-06,2.26851370714647e-06,3.28981330400313e-06,-4.96979417444106e-06,4.79037433741418e-06,-3.65418242071076e-06,-2.60968348622644e-07,5.34329187697145e-06,-6.55470709931648e-06,4.55836217638171e-06,-2.2556197576574e-06,-1.1721974210266e-06,5.49271196128942e-06,-7.27314594161803e-06
-4.73724713426543e-06,1.60677821722613e-06,-1.48867243656692e-06,4.16048909266607e-06,-5.8454144009465e-06,5.36335675618026e-06,-3.61316892507496e-06,1.70939860731204e-06,9.39441211184198e-07,-3.49296207886338e-06,2.88053810051213e-06,-1.54133121209594e-06,3.12277881752246e-06,-3.7468006574271e-06,1.30406592296881e-06,8.4640142979218e-07,-1.96085533355533e-06,3.35471549596583e-06,-4.17403421341947e-06,4.62391840915674e-06,-6.34802642859701e-06,7.17019172733428e-06,-4.86999671697247e-06,1.52333439721079e-06,1.43892967434411e-06,-4.97310046383307e-06,7.03064980528442e-06,-3.71492794003038e-06,-2.13080187017959e-06,5.61820920567769e-06,-6.65291731306929e-06,4.90363826097398e-06,-2.01192100413576e-06,7.35600890857435e-07,1.58867874951845e-07,-1.0362285715762e-06,1.28970359084548e-06,-2.17022322821076e-06,3.03086119576038e-06,-1.5510617757819e-06,-1.97546678612583e-06,5.73557567880335e-06,-8.29449591370488e-06,8.75710082822358e-06,-6.3352943746781e-06,3.44246577472039e-06,-3.54206108543733e-06,2.43393609425058e-06,3.37173552802592e-06,-7.89741543229991e-06,6.43247599793285e-06,-7.79634829976863e-07,-4.71846404259093e-06,5.9462005117426e-06,-4.11804546806385e-06,2.13448297399417e-06,2.3931876954281e-06,-9.39487246374937e-06,1.11124656707523e-05,-6.36747145359841e-06,1.84319923817476e-06,8.34370382344679e-07,-3.33540801255085e-06,5.55172279185177e-06
1.27798182366422e-06,-1.65377409363143e-06,2.98390125286821e-06,-5.41444641632838e-06,5.91433460184511e-06,-3.86960736497779e-06,1.37811178046769e-06,-1.18807405968036e-06,1.74117506552507e-06,2.35505806820235e-08,-1.72152028250645e-06,1.77002006219167e-06,-2.2714289805969e-06,2.04282340098562e-06,3.95324248747316e-07,-2.90744550748263e-06,3.78506663100403e-06,-4.26209480122307e-06,5.28111754319497e-06,-6.56746241851629e-06,8.06974000172502e-06,-7.8756754339439e-06,5.03845373248496e-06,-2.64046796556326e-06,2.03814064463546e-06,-1.06224446227095e-07,-3.59301434536932e-06,4.15412857377638e-06,-1.27787054241583e-06,-1.21519145083944e-06,3.17723539120761e-06,-3.10562281584012e-06,-6.23391850878019e-07,4.39769827384493e-06,-4.34626113534818e-06,2.65822583393134e-06,-3.71249626589795e-06,7.06460646480695e-06,-8.84832156980199e-06,6.31955610342116e-06,-8.20326923131072e-07,-3.78865182128392e-06,6.71991193365466e-06,-8.42307767026836e-06,5.80180093815534e-06,-9.40592183492157e-07,-8.32604680484396e-07,1.45501457206072e-06,-3.41408076023383e-06,5.69571737608528e-06,-5.63408914422462e-06,7.52202792735811e-07,5.81810363371259e-06,-7.05396306825395e-06,3.70264867579051e-06,-1.40598757161271e-06,-1.54898545024025e-06,7.22167220117676e-06,-9.59316609979253e-06,6.04530394164205e-06,-1.83465696452784e-06,1.13786645279667e-06,-2.32948251507964e-06,9.99268650008485e-07
1.40150682057393e-06,1.22416789711252e-06,-3.01855905650415e-06,4.57857965467385e-06,-4.79360113434107e-06,3.48852250266897e-06,-2.71391099799075e-06,5.34888711792411e-06,-7.94630971464726e-06,3.58409413616219e-06,3.39148511420883e-06,-5.74016901976568e-06,5.08464897781799e-06,-2.80707730722114e-06,-8.50316501651801e-07,3.23027346459489e-06,-2.90293347220274e-06,3.01280818308857e-06,-5.38055289283416e-06,6.80354059377178e-06,-6.32120553926805e-06,5.0180387136807e-06,-3.38728378666209e-06,3.88979674530167e-06,-5.93206155423599e-06,4.31076498521696e-06,9.62112703246875e-07,-3.93589145598406e-06,3.15367523685857e-06,-7.6231607814484e-07,-3.05186499087986e-06,4.48969383112107e-06,8.53348137482967e-07,-6.9742459150277e-06,5.68223625248633e-06,-1.30878311956531e-06,1.01034326036797e-06,-4.1689500708267e-06,7.31872471380468e-06,-7.15535407498174e-06,3.42191661602073e-06,-2.6533807412858e-07,-1.55305746926666e-06,3.71962727959296e-06,-2.4004054363119e-06,-2.08267864170552e-06,4.24689957305367e-06,-3.27201962372161e-06,1.76939242127153e-06,-3.34119154997738e-06,5.67832287801344e-06,-2.41350914240845e-06,-4.06803132011137e-06,5.22254445866083e-06,-1.23706651222762e-06,-1.05083361748179e-06,1.25466501544542e-06,-2.96341442042617e-06,5.39046815155407e-06,-5.80693029245517e-06,4.16917198654856e-06,-4.20409611144168e-06,6.3354017946652e-06,-5.27174960243329e-06
-7.3077159736316e-07,-3.12667817451528e-06,3.65442752599884e-06,-2.99650149427768e-06,2.40287149244624e-06,-1.93740110157072e-06,4.07133407890301e-06,-9.92968626980788e-06,1.28566498101497e-05,-5.45317106402866e-06,-4.47954197716134e-06,8.34689336184143e-06,-9.38292719756309e-06,7.44941255861679e-06,-1.83240820350743e-06,-2.3633438571219e-06,2.52817910620926e-06,-3.15112314067062e-06,5.86767381601113e-06,-5.22322578937137e-06,1.4559568409334e-06,1.90912673501174e-07,1.21857351067803e-06,-4.79438490822938e-06,7.97141905469404e-06,-6.91144310763791e-06,3.28003148528823e-06,-1.08409068537909e-06,2.43251054670064e-07,-7.95159608034641e-07,4.58467533444798e-06,-7.27219514204788e-06,2.61880879906242e-06,3.82407896163526e-06,-4.4628377817101e-06,2.01806042605777e-06,-1.49537757148184e-07,1.56357238674908e-07,-1.81354786728488e-06,2.16359340374283e-06,-9.49333833821613e-07,1.22507660577048e-06,-2.68271092514047e-06,1.85657403339587e-06,-3.95263928027294e-07,1.74730223528897e-06,-4.12698173030879e-06,3.61973014983765e-06,-5.80627200616274e-07,3.73731960534109e-07,-3.39418017260258e-06,3.72980629179914e-06,-1.93018537361742e-07,-1.59305717503641e-06,-4.56441978353187e-07,1.6318475572148e-06,4.88219045675479e-07,-2.13687417993813e-06,-5.58252010060429e-07,5.75959885309081e-06,-7.67536745092664e-06,6.6452616862405e-06,-6.73694024111837e-06,5.40802480620644e-06
-9.28294796386323e-07,5.29639919133493e-06,-4.22403015285487e-06,1.72627996203845e-06,-3.15049587163734e-07,-7.33353663526297e-07,-1.37144071524149e-06,7.51755063134393e-06,-1.02229908391438e-05,4.00552733618088e-06,3.50047382837532e-06,-7.31611723614818e-06,1.06700376451119e-05,-1.13101618593652e-05,6.98482164927407e-06,-1.11868801426668e-06,-2.58175425631303e-06,5.2126810353133e-06,-7.02019508634383e-06,3.88029787736399e-06,1.41747278406367e-06,-1.9466353761903e-06,-9.95368487156318e-07,3.67105382258393e-06,-5.44823648025274e-06,5.72888628231029e-06,-5.13354114695256e-06,3.93213347281878e-06,-1.61001563698406e-06,1.58287790449904e-08,-2.44855481437897e-06,6.05191669933936e-06,-4.83484293220296e-06,8.75278241023003e-07,2.94801673016835e-06,-5.44444860611438e-06,3.97395640960601e-06,-1.43787614004122e-06,4.36815605177346e-07,9.51771900001239e-07,-2.02836995348358e-06,6.62597997423195e-07,3.3488851926795e-06,-5.81811895401433e-06,3.34859441216205e-06,-1.21084283349331e-06,3.15674161195106e-06,-4.03180189492967e-06,9.9453682322478e-07,1.19600694748707e-06,1.34957286247206e-07,-1.49087400038786e-06,-4.49283058085705e-07,3.48361197190723e-06,-4.18931504903008e-06,4.26283865271498e-06,-5.67818999096052e-06,6.81765643242229e-06,-4.54472259441517e-06,-1.61442151319858e-06,5.25857832515348e-06,-4.46296130598621e-06,4.84216112627214e-06,-4.35517059738565e-06
1.24880020801368e-06,-5.782446044545e-06,4.39221280291399e-06,-1.28104782634844e-06,-7.24406952194147e-07,2.54895927652091e-06,-2.42266616313571e-06,-1.01269350360696e-06,2.63620807953835e-06,1.42574383771761e-07,-2.69916110943345e-06,4.60941996766811e-06,-7.7107741308957e-06,1.05614697128797e-05,-1.13034681675004e-05,7.15316787730553e-06,-1.2916074978725e-07,-4.98184724115729e-06,7.13318828501947e-06,-5.00122872414266e-06,1.17509677422807e-06,-1.35954237496655e-06,3.25431998854927e-06,-3.43866178571758e-06,3.57021729623227e-06,-3.95471637380753e-06,3.12460435012047e-06,-6.85555034032196e-07,-1.88914882314232e-06,3.38392507110802e-06,-2.18782776024529e-06,-9.75826571285011e-07,2.83782860812117e-06,-2.73570214535125e-06,-2.81948155431758e-07,4.03482269043821e-06,-4.66348108895486e-06,3.83890804481912e-06,-2.74862332954775e-06,7.86340958243376e-07,1.64941187592516e-06,-3.83424167256496e-06,2.10860708338687e-06,2.30836828392542e-06,-2.18793533304422e-06,-2.81384882146361e-08,-1.52217931742268e-06,3.86993625604702e-06,-3.12405439570771e-06,8.9087772601704e-07,2.3597927942932e-07,-1.17941566061515e-06,3.73243408867115e-06,-6.61243515679609e-06,7.68235656563469e-06,-7.93661725891922e-06,7.98318127797655e-06,-8.1110899499964e-06,8.19156247144998e-06,-5.77722308693053e-06,3.08624654932813e-06,-1.34488129422258e-06,-2.71445435866297e-06,4.17255802095167e-06
-2.04900311129784e-06,5.1910653537777e-06,-3.68354107898588e-06,1.52622968263386e-07,2.35869271754643e-06,-3.17730963320028e-06,2.55523933881831e-06,-7.52057368772524e-07,7.14706077462994e-07,-1.76755416075051e-06,1.02632316510082e-06,-1.0216704841065e-06,2.62999837385255e-06,-5.62017838675689e-06,1.00716072617879e-05,-9.86253577318873e-06,3.88619213213367e-06,1.13609047792166e-06,-3.7920300899808e-06,4.19085962255242e-06,-2.80136975697876e-06,3.51701148028225e-06,-5.3384001038353e-06,5.01626480895447e-06,-2.96481784336006e-06,3.56991358120583e-07,2.30436109630496e-06,-4.08258065102287e-06,4.15689335951622e-06,-3.67302335418112e-06,2.81654894873146e-06,-1.12824406685757e-06,-7.19410562670546e-07,2.41615957964389e-06,-3.1825520504862e-06,2.83427809033719e-06,-9.75866300643669e-07,-1.97329704092689e-06,3.43072214325638e-06,-3.41027331781462e-06,1.60637518402909e-06,3.65655289054194e-06,-7.20153524608234e-06,5.31804339915355e-06,-3.68536210180873e-06,3.94210298681408e-06,-2.23309190000891e-06,-1.82249808912112e-06,4.47914678068002e-06,-3.02312420892772e-06,2.51296018860938e-07,1.23301838485702e-06,-2.06608172118085e-06,2.46502197257218e-06,-2.15402859227337e-06,2.62394118627685e-06,-4.58597127871666e-06,7.24134482091104e-06,-8.91058065711173e-06,7.97800341506327e-06,-6.58366849017079e-06,4.67551950038459e-06,6.74159106913537e-08,-2.05953634623311e-06
3.48834393745477e-06,-2.97378499623216e-06,1.93940452604128e-07,3.25015748909638e-06,-4.66185418157155e-06,2.19839740848518e-06,1.4114286668346e-06,-3.57102270866353e-06,2.60207338233325e-06,-1.12195059179319e-06,1.70796001697361e-06,-1.59518633550073e-06,1.02574289510778e-06,-2.18351979000281e-07,-3.02105054096944e-06,5.08614205494803e-06,-3.65685319970353e-06,1.87166917867933e-06,-1.2826395316301e-07,-1.2028823696857e-06,1.13647962375311e-06,-2.1647257976608e-06,4.25728937758091e-06,-4.07588744676246e-06,1.25563100000577e-06,2.35278997655425e-06,-5.29622819782095e-06,5.43057564608493e-06,-2.76843094163496e-06,8.15513844608461e-08,1.556847474738e-06,-1.79038026975332e-06,1.02482610549748e-06,-1.77167309289684e-06,4.95983045771902e-06,-7.62411544160225e-06,6.09464643142655e-06,-1.75240241872781e-06,-1.52589140522938e-06,3.83200366696478e-06,-4.35754644102231e-06,-5.61226661353155e-07,7.6984228818388e-06,-9.77775575026907e-06,7.9183909959327e-06,-6.65594382099032e-06,5.25547059326808e-06,-9.72228784903627e-07,-3.5688980690753e-06,3.13813436453981e-06,1.08956899339785e-07,-8.16796744000045e-07,-1.49819141956811e-06,4.35684350111503e-06,-5.71144616443106e-06,3.85263192742703e-06,1.32632722738957e-06,-6.48416074439321e-06,7.1768174023561e-06,-4.17899744468696e-06,2.6097562547312e-06,-2.50709446253981e-06,1.22689973150363e-06,-1.46647709003659e-06
-1.71507484744552e-06,-5.78720328261712e-07,2.38277890339616e-06,-3.6321464264851e-06,3.10136640778034e-06,8.29863866050635e-07,-4.95413682010357e-06,6.64999945421703e-06,-4.67063848873729e-06,1.75048500638836e-06,-7.39431386602614e-07,3.21439760322251e-07,-1.33986603088709e-06,3.97738927109086e-06,-5.1682724431118e-06,3.74648402762203e-06,-3.94932320205987e-07,-2.05806893812167e-06,6.55365687287094e-07,1.93683064642259e-06,-2.00709131496825e-06,1.39271842055148e-06,-1.91030888418686e-06,1.57780649267288e-06,7.18133852166702e-07,-3.87216522358484e-06,6.02707840095879e-06,-4.71521130452877e-06,1.50341046479009e-07,4.30031733278581e-06,-6.2312408270826e-06,4.75553767544515e-06,-1.58124947536692e-06,4.9076304920458e-07,-2.81237200290347e-06,6.08926905811702e-06,-6.64943241358265e-06,4.54834104841186e-06,-2.3460744113118e-06,-3.38654656356156e-07,3.11519223394876e-06,-1.48942913780464e-06,-4.69193599787125e-06,8.2029162669867e-06,-6.63672818722824e-06,4.59670739834879e-06,-3.21726147066361e-06,-4.61138213537157e-07,4.77381353414582e-06,-4.71794744306084e-06,1.05036638390837e-06,7.97059364528137e-07,1.51419344225072e-06,-5.55566797230481e-06,7.5628679659518e-06,-5.21706279128157e-06,-6.35132688524702e-07,6.27575937339952e-06,-7.40811908746922e-06,4.30902071807712e-06,-9.83527811306253e-07,-5.34477820324803e-07,2.3978980648709e-07,1.40459150344754e-06
-1.54435275346088e-06,1.00224684717615e-06,1.06935789877357e-06,-2.60288887920219e-06,3.20276884447452e-06,-4.06785748073932e-06,4.84543519350101e-06,-4.51787198778094e-06,1.71381236468171e-06,1.3389319021164e-06,-2.86688376478592e-06,3.22769605297628e-06,-2.81114502429667e-07,-6.00161205163347e-06,1.10293612385063e-05,-1.02740422243923e-05,4.22715182667382e-06,1.85885095719457e-07,1.59542842620529e-06,-4.75686789068603e-06,3.66232764878931e-06,-1.33578892144884e-06,1.80892744239556e-06,-2.79182057311931e-06,1.57574216027227e-06,7.84549756405089e-07,-2.27119711604442e-06,1.81847794157373e-06,1.29578421319876e-06,-5.20293159427831e-06,6.16088935879538e-06,-3.74142960378973e-06,8.1287768469402e-07,1.16714554132993e-06,-1.41210985982369e-06,-1.10530792693163e-06,3.66436804797121e-06,-4.30409845331759e-06,4.51214047226738e-06,-3.03191772739657e-06,-1.18360264314665e-06,3.4068727162353e-06,-1.03172867572032e-06,-1.63864443506902e-06,1.612389956051e-06,-7.88302993539325e-07,-4.45559474691299e-07,4.49227512118762e-06,-8.57413156201497e-06,7.47617403735678e-06,-2.33916598924038e-06,-1.40635387498978e-06,1.4938721067244e-06,9.41675541551633e-07,-3.30096073566659e-06,2.68650257952868e-06,8.74268922744486e-07,-5.81943202511374e-06,9.05885088082771e-06,-8.06793194153746e-06,3.6994405727068e-06,3.14474164835627e-07,-1.62404151918327e-06,1.58990874357584e-06
1.51162649887264e-06,2.06105098486498e-06,-5.52577878205225e-06,7.20041717355663e-06,-6.32332522586361e-06,4.21513343786398e-06,-2.39906503450683e-06,-4.37488770292036e-08,2.52614547850028e-06,-2.93255355177548e-06,3.34646972349254e-06,-4.63924049698258e-06,2.12993619212771e-06,5.03700814800816e-06,-1.04388256376055e-05,9.42288119827336e-06,-4.99481855509455e-06,3.36110966435847e-06,-5.59991099613554e-06,6.43450187537487e-06,-2.26961749159891e-06,-1.58299339857359e-06,5.35755750475134e-07,1.7001637585981e-06,-2.05319375085789e-06,2.24620136097806e-06,-2.97572025216528e-06,2.21622098622028e-06,-1.39099459010691e-06,1.75238765177043e-06,-7.59086635381039e-07,-7.54314235475714e-07,6.19675485272701e-07,-1.13915702994214e-06,2.02760434244955e-06,-2.57749322698782e-07,-1.44437716309311e-06,1.5394007558303e-06,-2.1783737480567e-06,1.79173115079071e-06,1.07088829065832e-06,-3.07789587361792e-06,2.77857090419662e-06,-2.07725563021876e-06,2.08226517070161e-06,-1.62910353236054e-06,1.01294007423608e-06,-4.19596357188195e-06,8.62458858395305e-06,-7.15558425345823e-06,1.27452123657137e-06,2.7016488999158e-06,-4.44319143247163e-06,4.42433462025402e-06,-2.43271894076388e-06,1.23455708467362e-06,-1.59620079168592e-06,3.67735833039882e-06,-6.66438498894861e-06,7.3190588977306e-06,-4.52897580880653e-06,9.69519902653232e-07,1.70303558576032e-06,-3.04978261043493e-06
3.33838991539932e-08,-3.35711678180267e-06,4.92246983604845e-06,-4.78642019882852e-06,2.62866575876599e-06,-7.8126378434275e-07,-1.60104813498699e-07,3.25478283104264e-06,-5.21259192269352e-06,3.22534159525522e-06,-2.19272879229832e-06,3.81584568091812e-06,-2.65191030896269e-06,-2.54977485574121e-06,5.14559635603222e-06,-2.87773707101075e-06,1.71647446809837e-06,-4.95459740140022e-06,8.216017769395e-06,-6.61171496234932e-06,4.96575355788408e-07,4.61400807081655e-06,-5.55982370285639e-06,4.53067099049824e-06,-2.33321003633795e-06,-1.73565795056877e-06,4.92184516515062e-06,-4.11767608245041e-06,1.31297796136365e-06,1.9256648140792e-06,-5.26329990155707e-06,5.3714969185554e-06,-2.00479460339142e-06,-3.03182564559133e-07,1.62744517101612e-06,-3.66586029962736e-06,3.00047014742987e-06,-5.9309993245698e-07,2.33606299974046e-07,-6.31981951305279e-07,5.74673116482648e-07,-1.6045146918524e-06,3.16062228642921e-06,-2.92467923526918e-06,2.32004844831651e-07,1.4898407808118e-06,-4.58584476911446e-08,6.27377179647648e-07,-4.07524115523053e-06,3.70428137846474e-06,4.8662164698121e-07,-2.90951042158635e-06,4.53036069160774e-06,-5.7635492925003e-06,4.48428716731515e-06,-2.92445336965708e-06,1.62458014869545e-06,-8.39930549088105e-07,1.8241546533464e-06,-2.37866800871419e-06,1.80171125954649e-06,-1.17500057149423e-06,-8.45072511017157e-07,2.30585250413234e-06
-8.45376744835036e-07,1.60998041885232e-06,-1.26015741792367e-06,2.80643779400766e-07,1.85562406901574e-06,-2.19409075458756e-06,1.45676377290361e-06,-4.27183466409723e-06,6.27863178190732e-06,-4.36980456111845e-06,2.96350768141637e-06,-3.21066153323874e-06,1.55748496479189e-06,2.24054930203352e-06,-2.67750798914155e-06,-9.80242507732172e-07,1.93507016813653e-06,2.1514274118111e-06,-5.23471846636545e-06,3.75934105018179e-06,-4.4410061118399e-08,-3.6370946036271e-06,6.76609502238446e-06,-8.65488824536108e-06,7.3957620601679e-06,-2.71038551642941e-06,-1.37586650452397e-06,2.24473063458074e-06,-8.62805402966177e-07,-3.02624873086094e-06,7.20277275032176e-06,-7.31364774247309e-06,3.7789509064662e-06,5.58982159194478e-07,-5.05305229496763e-06,7.5366679395399e-06,-5.11445471792393e-06,1.71415030872037e-06,-1.72558313822818e-06,3.03312384030677e-06,-3.67910588695258e-06,5.07706457578391e-06,-7.54393075956584e-06,8.71370345487658e-06,-6.00910338387632e-06,1.80885935901247e-06,-4.75337840160672e-07,2.39661980768053e-07,9.33582758622319e-07,-5.76486659021835e-07,-1.88262210190459e-06,3.37706210127079e-06,-4.0502638178212e-06,4.12107614810732e-06,-2.92067958699969e-06,2.11624555304269e-06,-4.63116470786196e-07,-1.88278271223351e-06,3.15041496315635e-06,-3.86684041785206e-06,1.65580102525901e-06,2.45289303077435e-06,-2.45372936570144e-06,3.73118788442615e-07
2.44778573125747e-06,-1.19602979981755e-06,-4.58712246515725e-07,1.48551526612798e-06,-2.07078359319146e-06,8.49923739500593e-07,-2.28466324576787e-07,3.51918667479869e-06,-5.70676342996572e-06,4.61832504417189e-06,-3.5232528194377e-06,3.21413202411321e-06,-2.12469673575629e-06,-7.02899720277998e-07,1.67515561802098e-06,8.89605501919172e-07,-2.5490599496021e-06,9.04171381922321e-07,4.01715330760362e-07,8.06181720399804e-08,-3.43525166905978e-07,1.39150500203848e-06,-4.50424181400625e-06,7.82011578823133e-06,-7.92755855078992e-06,3.84496153091873e-06,-1.72497363411785e-09,-1.1381572668451e-06,9.03827525077967e-07,1.04156830060802e-06,-3.9280350018537e-06,5.24644223786094e-06,-3.58844663394534e-06,-1.62446690111324e-06,7.71636849356732e-06,-8.61263978048482e-06,4.24239503867745e-06,-1.46465889786687e-06,2.48795631512373e-06,-3.54181855350981e-06,3.42055837220994e-06,-3.43631708239695e-06,4.3777762831076e-06,-6.92007383985786e-06,8.04540730080731e-06,-4.90600321165921e-06,6.92526725836834e-07,1.34283151110679e-06,-1.00054617909519e-06,-5.48110278001326e-07,2.66611750986893e-06,-4.38775357216935e-06,3.76630933393111e-06,-7.32193122022047e-07,-9.95812924923543e-07,1.45958493165307e-07,-8.69417153466523e-07,3.26333721822506e-06,-5.69721953264004e-06,6.74998297709604e-06,-2.3365255767715e-06,-3.62772550038607e-06,4.37024257018444e-06,-2.91712527903242e-06
-2.62526757184859e-06,2.98570645039586e-06,-1.94065765580187e-06,1.06339300422434e-06,-2.11518764860617e-06,3.68809349315029e-06,-1.85504814731034e-06,-3.11954003664425e-06,5.8546347972499e-06,-5.3588047001235e-06,3.88530613271993e-06,-3.32095538576508e-06,3.7472739660786e-06,-2.21252239411025e-06,2.63510752189498e-07,-5.72725788994091e-07,1.40292870690132e-06,-1.0443424168412e-06,7.25930265058688e-07,-5.69713609646513e-07,1.2266831042689e-07,-8.864284802811e-07,2.66165585407082e-06,-4.46205558053172e-06,4.73270325075703e-06,-2.10778750771576e-06,-3.16364573063804e-07,7.28417848669461e-07,-1.2188545112076e-06,2.04389361517823e-06,-1.39597860223212e-06,-2.02393082409851e-07,-4.38189435779947e-07,5.17746643300335e-06,-9.63662843934515e-06,6.96140395227853e-06,-7.3438942833007e-07,-8.59456496651982e-07,-6.94939462166748e-07,1.08071379119815e-06,-1.27630183258214e-06,8.73417577460032e-07,4.15941537525051e-07,1.40557156196276e-06,-4.81265608386658e-06,4.0690128485225e-06,-5.75444219550282e-07,-1.29940270967162e-06,9.21659292638955e-07,3.73219586066008e-07,-1.61502632214649e-06,1.87496091638463e-06,9.88207286876316e-07,-5.86921329507035e-06,7.22190499461501e-06,-4.43119943054475e-06,2.25094291853319e-06,-1.97295640265053e-06,2.94597104401967e-06,-2.77322274930546e-06,-5.10592907735591e-07,2.16019681458484e-06,-8.09535088480687e-07,1.02770625906332e-06
-5.57515952927519e-07,-4.36310140084773e-06,6.66035573198526e-06,-6.77069030164985e-06,8.0967248957428e-06,-7.90306326851179e-06,2.51198456586417e-06,4.28062466447763e-06,-7.60637436833194e-06,7.63136807633255e-06,-4.90417167509945e-06,2.2833546314563e-06,-2.50298495781878e-06,1.73798973782141e-06,2.7923264917645e-07,-3.25970445844253e-07,-6.75682618332894e-07,1.04391264660177e-06,-8.68101775698705e-07,-1.4887181608855e-07,2.79382006987933e-07,1.65723201777792e-06,-2.97003292754704e-06,3.21223750384547e-06,-1.92237741336414e-06,-1.15289884583794e-06,2.33497599308424e-06,-1.30048402068557e-06,1.37151772113501e-06,-2.74328990909804e-06,3.15413276349658e-06,-2.68663740607202e-06,3.34702324220276e-06,-6.25242479806329e-06,7.92623072798997e-06,-4.01802563887419e-06,-1.17106201745385e-06,2.18126392387922e-06,-1.22714240366136e-06,2.14507115629863e-07,1.62585435918532e-06,-9.71640705512772e-07,-2.57848829434155e-06,3.39030590616175e-06,-1.30145708608502e-06,1.06428788379911e-06,-2.05784842557419e-06,1.67506572400767e-06,-8.65399357270528e-07,2.31445623674903e-07,-7.42912869561145e-07,3.39365993881581e-06,-7.02753083590299e-06,9.61797779537951e-06,-9.9237489844655e-06,8.08201561307913e-06,-4.97203333997172e-06,2.24434717743293e-06,-8.9445795336516e-07,-1.54354700871957e-06,3.86407417916625e-06,-9.72056478336045e-07,-3.8410303318424e-06,4.35196957198045e-06
3.80772108642206e-06,4.03590712246144e-06,-8.32703795487217e-06,8.93427592511188e-06,-9.36883314082865e-06,7.65213225286428e-06,-1.87745152915026e-06,-3.64426598142228e-06,5.82256369379837e-06,-5.95607524308579e-06,3.25335633822134e-06,2.48021187360805e-08,7.73612564941653e-08,4.01990810018711e-07,-2.21901521192749e-06,1.26556883735912e-06,6.98833821874485e-07,-1.78119007366319e-06,2.52065283319825e-06,-1.45850694034211e-06,4.43290363120859e-07,-2.08547928993452e-06,5.04484502972817e-06,-7.25190912738436e-06,4.5170828721281e-06,2.12190476691535e-06,-5.19194580639326e-06,3.93586197016817e-06,-2.56059631476851e-06,1.50470367234098e-06,-5.56779236509498e-07,1.1830308151641e-06,-2.58586334919642e-06,3.65516362390139e-06,-3.34561360016132e-06,1.22790545118219e-06,9.6977210398659e-07,-2.29442234265033e-06,1.98513025898945e-06,1.2170698937915e-07,-1.95321465490348e-06,3.39332126480667e-07,3.85908596566252e-06,-6.26053335979292e-06,6.12383920647464e-06,-6.30237437762906e-06,6.56550025818995e-06,-5.19970281062586e-06,2.65013501905306e-06,-6.20314808301326e-07,2.39146471963339e-06,-7.04977713584243e-06,9.03375201646355e-06,-7.76597864152307e-06,8.08307747085045e-06,-1.01534036104114e-05,9.57107009986632e-06,-6.33497343867057e-06,2.92707066454093e-06,1.60912545629149e-06,-4.65150906559567e-06,9.31929826338085e-07,5.87621485959786e-06,-8.39066035377926e-06
-3.54110392600305e-06,-1.98108720509182e-06,2.64478798545943e-06,-2.16761548832987e-06,3.33252205594908e-06,-3.1599355542924e-06,6.55994370959969e-07,1.22441624156591e-06,-1.23374446193665e-06,1.051910801095e-06,-1.9996160375704e-07,-5.78719502098936e-07,-1.47839877053545e-07,-1.75651689056242e-07,6.76080838223686e-07,8.40852015454895e-07,-1.24154211391141e-06,1.05500346879154e-06,-2.70277300355914e-06,2.50257038151952e-06,-4.11617288083426e-07,1.37586574908323e-06,-6.57285793977677e-06,1.09308146611649e-05,-7.06449708288486e-06,-2.18045685528114e-06,6.74415762490213e-06,-5.60548862902496e-06,3.50440850217401e-06,-8.9301833676789e-07,-1.33484136481113e-06,4.97499181748414e-07,1.64378933303476e-06,-1.86394916633141e-06,4.47588375864965e-07,6.53407899330628e-07,-2.14010302611011e-06,3.28010801585848e-06,-4.67747089758923e-07,-3.003978273293e-06,2.25896038124399e-06,1.13753001389799e-06,-4.47715459840988e-06,6.02389726314954e-06,-5.76643170677991e-06,6.35623027661853e-06,-8.22721027931574e-06,8.71569866505295e-06,-5.44591823040432e-06,1.08437164693358e-06,-1.89416734504528e-06,6.48538905694232e-06,-8.07603114819539e-06,6.89923041731869e-06,-8.26997524046305e-06,1.18846485997674e-05,-1.27433828792558e-05,9.0460241930194e-06,-3.63749806531503e-06,-1.0218039640433e-06,3.56252960851351e-06,-1.27598391742933e-06,-4.67976238007326e-06,7.71573541094047e-06
-2.69638737395022e-07,7.18694393478725e-07,4.82343721055842e-06,-7.06253146881785e-06,3.4115294562502e-06,3.15562734713882e-07,-7.4750153424158e-07,-2.83884539634572e-07,9.77370747098326e-08,7.74675970579295e-07,-4.70241584442244e-07,-1.35690945625944e-06,2.20701644909836e-06,-1.68853039707508e-06,2.73877485915496e-06,-3.78514710607035e-06,1.13671937951036e-06,1.53192046393434e-06,7.1447765906345e-08,-1.23803041736787e-06,1.13072546504504e-08,-1.88278896851206e-06,7.96576368158168e-06,-1.14366952908196e-05,6.6972371478175e-06,1.59133633332598e-06,-5.81240694514801e-06,5.59956398277374e-06,-3.95682397618295e-06,1.49503117243222e-06,8.90456168693723e-07,-1.23028474923974e-06,-1.58874931542784e-07,8.2793769124433e-07,-2.46508746447994e-07,-9.6191957071906e-07,3.71035928269414e-06,-3.67160151915166e-06,-2.66293068827717e-06,7.16742301479794e-06,-5.03586242597914e-06,8.41757270619954e-07,2.60013969829156e-06,-4.01457539748513e-06,3.3689570708053e-06,-3.84355314874049e-06,6.94372774125073e-06,-9.86658679658817e-06,8.6068158400622e-06,-4.24944653162171e-06,2.17043330002879e-06,-3.78146840878422e-06,6.23021348736208e-06,-8.41408528738115e-06,1.04967931449236e-05,-1.17066409699284e-05,1.17887243022845e-05,-8.73427456008491e-06,3.28529332357385e-06,-2.83274143532658e-07,-1.31649129573489e-06,1.99480040149858e-06,1.14717912075147e-06,-3.13245214242031e-06
1.96348273019419e-06,-5.28317502224275e-07,-6.12721193916728e-06,9.2758724935141e-06,-5.88412514911573e-06,-1.48810068797491e-07,2.68044531466662e-06,-5.47580050056701e-07,-1.00032558616958e-06,5.43683587883175e-07,-1.8027875907533e-06,4.3290455532483e-06,-3.24735435132871e-06,-2.4519096364913e-08,1.98434373695483e-07,7.36091604746436e-07,2.03991305381622e-06,-5.53503621939205e-06,4.35008500536404e-06,-1.55501487502563e-06,5.1389095165701e-08,3.67208568718811e-06,-9.67824722299117e-06,1.13999130815879e-05,-5.58062506937436e-06,-1.40879783679036e-06,4.32371666934158e-06,-4.67973602778191e-06,4.04166460136344e-06,-2.07360948410546e-06,-9.61168614182639e-07,3.58416494078274e-06,-3.55666214979733e-06,1.01077850041553e-06,4.66588831945801e-07,1.54135550037626e-06,-5.28466653125838e-06,3.99723211691039e-06,3.07763751894666e-06,-7.34074944281004e-06,6.56156548593748e-06,-3.92647222072655e-06,6.3529484705345e-07,1.68043051340873e-06,-2.76950119582519e-06,3.77036408341623e-06,-5.9199706837696e-06,9.12863432684224e-06,-1.05564070381034e-05,8.56228562801925e-06,-5.14754887689123e-06,4.29397987799718e-06,-6.59359958530304e-06,9.28548334666422e-06,-9.42907206677289e-06,7.42344648414927e-06,-8.09164206765183e-06,9.2448001130001e-06,-6.41209369340835e-06,3.54981831346685e-06,-9.06595924214742e-07,-2.1636358789201e-06,1.13216611323321e-06,3.52914912576898e-07
-5.60777330236329e-07,1.07338572590509e-06,1.41897820098201e-06,-4.72265504568224e-06,5.13548180764997e-06,-3.30914727732827e-07,-4.54028308996254e-06,3.78641339772982e-06,-8.90580775032459e-07,-1.36746745104379e-06,5.17459179760247e-06,-7.32568821881267e-06,2.44728981472902e-06,5.42583343516148e-06,-8.11131995888541e-06,5.74576558277741e-06,-5.17269562555864e-06,7.09426331537498e-06,-6.54141774686042e-06,3.34441227670907e-06,2.14650579969989e-07,-3.97562826693886e-06,8.16345314737397e-06,-9.47467295801644e-06,5.20611709553125e-06,-1.06156205271696e-06,8.29990891983742e-07,-5.73894607410087e-07,-1.11096411693225e-06,1.18808264293387e-06,1.67660420598513e-06,-5.27811887757361e-06,5.71551765645616e-06,-2.40424005782767e-06,4.94240844719334e-07,-3.15301565363077e-06,6.8789107835992e-06,-5.83410583687735e-06,7.94297715707145e-07,3.02016698043333e-06,-4.93647009257842e-06,4.82872940808184e-06,-2.61294339309376e-06,2.10300728821371e-07,2.7574212213798e-06,-4.91010682524038e-06,5.40543611232006e-06,-6.96604226738369e-06,8.88231510303014e-06,-7.83120035852509e-06,4.74716977708791e-06,-4.47698714939612e-06,6.30123515330484e-06,-6.12068828422984e-06,2.88580551654484e-06,1.75778746951325e-07,3.28345858860921e-06,-9.77078527780774e-06,9.95794172883851e-06,-5.57040372192279e-06,1.37969260535044e-06,2.22441361382358e-06,-2.47642175309506e-06,2.36323250294389e-07
5.15160472953354e-07,-1.86835202930807e-06,2.13536635444369e-06,7.10068368424467e-07,-2.76347244419599e-06,-4.42663428595785e-07,5.97035974835041e-06,-7.24885704108088e-06,4.59758733999021e-06,-5.71547092081211e-07,-4.58242488356067e-06,5.89939346807164e-06,3.67426945246143e-07,-7.70932908120533e-06,9.01008091865401e-06,-5.59071010127862e-06,3.29878070865764e-06,-3.2585801369675e-06,2.12474498899954e-06,1.23265988117672e-06,-4.5175166800406e-06,4.39634380477216e-06,-3.09960143349117e-06,3.16914959744209e-06,-2.56852914038128e-06,3.16702513100359e-06,-5.77461262186533e-06,5.60587121981226e-06,-2.38138313293128e-06,9.30801993141346e-07,-2.92225948087284e-06,5.43458296436282e-06,-5.7333598372079e-06,4.08809190983693e-06,-2.79208111596261e-06,3.62171306616266e-06,-5.57642248373337e-06,5.86733603700674e-06,-4.00435814029313e-06,7.09888369415103e-07,3.37214257539026e-06,-4.66843588750718e-06,2.32299001592602e-06,4.30482494294299e-07,-3.55967830498157e-06,5.23552215855019e-06,-3.88267227264056e-06,3.32401482418994e-06,-3.95112030540631e-06,2.17473763391451e-06,4.43645070187591e-07,4.84533069071451e-07,-2.0016383172925e-06,-3.32979228469001e-07,4.56571650383944e-06,-5.78249749005386e-06,5.74472588937484e-07,6.86569340830451e-06,-8.14682762713108e-06,3.74154041311747e-06,8.38716851851091e-08,-3.1269971476446e-06,4.69441673437104e-06,-2.32144102944926e-06
-2.49141354015566e-06,2.05919978153429e-06,-8.78696514141223e-07,-1.42289831797681e-06,1.57173433266482e-06,1.5994253507206e-06,-5.58107319904448e-06,7.07265752058827e-06,-5.77538873858523e-06,2.8496758895185e-06,3.08035328929687e-08,1.04230300748485e-06,-5.36430077962504e-06,6.22883045463574e-06,-2.93732715883349e-06,4.06323594059805e-07,-3.28223842486889e-07,-4.68609553422169e-07,4.22501667745321e-06,-8.61003505864701e-06,1.00350306142975e-05,-5.99236938982003e-06,-1.73540866946467e-07,3.55805215239288e-06,-3.20441086291386e-06,-8.69178333568639e-07,4.63409657210843e-06,-3.50929490441193e-06,4.51972823243017e-07,-4.63738133474334e-07,3.23547725389779e-06,-4.83727778425914e-06,4.94939655029798e-06,-5.06131724663799e-06,4.31887064989688e-06,-3.54950141814593e-06,4.04775507661647e-06,-4.64130752325732e-06,3.70638502201872e-06,-5.46885095802484e-07,-3.4423171909423e-06,4.53458265663222e-06,-2.34634451313008e-06,-5.47869666083417e-07,3.37904893742064e-06,-3.82886945020507e-06,1.28392270763694e-06,-1.62883890845132e-08,8.4645583367475e-07,-1.40465863208357e-07,-1.48878687817581e-06,1.07846749131311e-06,-9.81101505717258e-07,3.83720333202687e-06,-6.39117746165813e-06,4.77484386486247e-06,-9.40023569528766e-07,-1.38149744209123e-06,4.31542389619398e-07,2.66497134709272e-06,-4.25418230618938e-06,4.57485130143977e-06,-5.25979445195481e-06,4.29402789914661e-06
5.81861529183581e-06,-4.13122668269547e-06,3.61743028203293e-07,2.61479157390766e-06,-2.20111883415231e-06,1.68855223338167e-07,1.45020626247692e-06,-2.64258908992143e-06,2.78512735069418e-06,-9.44916082030137e-07,-1.01694086077633e-07,-2.60867611775686e-06,5.39938742152051e-06,-3.6549100569225e-06,2.25762969239838e-07,7.82461246023871e-07,5.69790046667548e-08,1.25109913715728e-06,-6.01898065111549e-06,1.00840544906713e-05,-1.06302358333764e-05,7.21808173598967e-06,-8.62928814954295e-07,-5.6165255028926e-06,8.04382449370691e-06,-4.25227213002382e-06,5.14836877633503e-07,-2.14131650734468e-06,4.56879231732123e-06,-3.36282662352007e-06,-9.44768992308773e-08,2.12681707904995e-06,-3.0157950837505e-06,4.02943048608273e-06,-4.23346875789882e-06,4.79116572227426e-06,-6.32367760688894e-06,6.57991200038395e-06,-3.46616558742135e-06,-1.17215871604065e-06,4.14166455379069e-06,-5.31188328785347e-06,5.72938492527423e-06,-4.8411316005927e-06,2.40625534294689e-06,-6.47733700122797e-07,1.05383198125915e-06,-5.21953228085091e-07,-2.99428032253e-06,4.94432919608911e-06,-3.2171806820331e-06,8.66805099717221e-07,1.32975191053986e-06,-3.50445871581933e-06,3.45312934290342e-06,-6.52442966183773e-07,-1.93265711513314e-07,-3.2304575606557e-06,7.59534958812602e-06,-9.41882401244469e-06,7.81009866606635e-06,-5.13170157576986e-06,4.70631014542185e-06,-5.74109515532508e-06
-6.31952644643122e-06,4.92765992899918e-06,-6.66532336866161e-07,-2.21788997770453e-06,1.78277189558306e-06,-1.22576563517523e-06,1.89161566891458e-06,-1.30923633549109e-06,4.82908348387895e-07,-2.83334355878722e-06,5.54560381620387e-06,-4.69789355125759e-06,1.68669314838059e-06,8.40563305936814e-07,-1.77412919396281e-06,7.98926389512938e-07,5.65838731971281e-07,-2.22929844052527e-06,5.02926878171175e-06,-7.53938954328273e-06,9.1941365866378e-06,-8.45500704312623e-06,3.81431568933273e-06,2.00126767711e-06,-4.84645402320179e-06,2.85495446021241e-06,-7.54855458862616e-07,2.55192869847039e-06,-4.98947704815476e-06,5.54605110050845e-06,-4.07096168675152e-06,1.10933783994165e-06,2.07579426158897e-06,-3.41440274948845e-06,3.27408821020261e-06,-5.03568027572743e-06,8.88968601330103e-06,-1.05747008674104e-05,6.55262468930873e-06,-4.24763207314475e-07,-3.06647058940374e-06,5.20219582111371e-06,-7.46191370725722e-06,9.0358005790424e-06,-8.47590219358639e-06,5.70288950460979e-06,-3.3862398115455e-06,3.7458034113096e-07,5.41786318068342e-06,-8.44357480899166e-06,5.52831116911474e-06,-1.40705846441047e-06,-9.8679195035895e-07,1.69197372503615e-06,-7.16206287510841e-07,-7.9100365873414e-07,1.05701929438281e-07,4.11294758383518e-06,-9.04621961998953e-06,9.42926323997925e-06,-5.6392940364749e-06,3.11853026179676e-06,-3.766152492282e-06,5.39036416886198e-06
1.39690318385179e-06,-5.75243940513918e-07,-2.09338682801941e-06,2.99606730112445e-06,-8.5454284032789e-07,-4.65718998684293e-07,-7.82829294998738e-07,1.37683097179359e-06,-1.34026212792488e-06,4.19709712847774e-06,-8.53583356712322e-06,9.98967916258298e-06,-6.72623787919035e-06,1.40850990921456e-06,7.1311852454119e-07,1.36079646920124e-06,-3.17171758360931e-06,3.71265504272297e-06,-4.81117558321523e-06,6.58650933550479e-06,-9.10530323460158e-06,9.13671432815278e-06,-5.40296745993072e-06,2.84352210677472e-06,-2.97205157690453e-06,3.49965500152964e-06,-2.31166285704721e-06,-4.95241953134247e-07,3.78312788125896e-06,-6.94731872067935e-06,7.41855038168227e-06,-3.66015457859982e-06,-1.3803820850518e-06,2.37674147817432e-06,-2.76946978002106e-07,1.68528897411885e-06,-7.2051919600047e-06,1.11907050373046e-05,-9.41932288910411e-06,3.86726572307889e-06,9.77661734476819e-07,-3.39986749417669e-06,4.06424370269453e-06,-5.4780300828463e-06,7.64321068172434e-06,-8.86759177608334e-06,8.08548979642298e-06,-2.99156670184697e-06,-4.25217232789557e-06,7.29934986758978e-06,-5.08915063677115e-06,2.74352222435697e-06,-2.52644750776395e-06,2.32100689843514e-06,-1.05270169914774e-06,-1.19878495771051e-07,8.17495975959979e-07,-2.55752800574861e-06,4.95130659724505e-06,-4.40769742039997e-06,1.89665998002668e-06,-1.36425535582672e-06,1.73679696624307e-06,-1.39265681769937e-06
2.92942705854876e-06,-2.56259105632135e-06,3.47815912588815e-06,-3.72217453099084e-06,1.43279441858893e-06,6.7505330329054e-07,5.08254973837585e-08,-1.5854281517772e-06,1.76797934366213e-06,-2.8349638505468e-06,6.46000340027982e-06,-8.99108851597347e-06,7.49141269126665e-06,-4.40976507616094e-06,3.42907234994423e-06,-3.78777958945343e-06,2.60912762118685e-06,-2.4935238778819e-06,4.88639515328029e-06,-6.5541695127682e-06,7.51250032272807e-06,-6.51128733822535e-06,3.42930628954877e-06,-3.51270989751371e-06,5.92310957165696e-06,-5.22465796255858e-06,1.30724065930635e-06,2.05145736383418e-06,-5.25570049999739e-06,8.89417258026458e-06,-8.9840941250819e-06,4.86344875266276e-06,9.84662286829488e-08,-7.02920612505722e-07,-2.52462614239827e-06,1.96118761776983e-06,2.32440748216469e-06,-5.20040187116802e-06,5.06870712073406e-06,-1.83024351716216e-06,-2.13005086586341e-06,3.05052404370794e-06,-8.36588796841571e-07,-2.29754635466143e-07,-2.81403588595394e-06,8.74358626668434e-06,-1.06206467574343e-05,4.28781136331139e-06,3.32090861771721e-06,-6.71315937071931e-06,6.87968495372958e-06,-6.45754330950647e-06,6.48166093109153e-06,-4.68598638370637e-06,6.46777262396174e-07,2.63623112512667e-06,-3.56346258154282e-06,3.09227178790631e-06,-2.49156132365316e-06,1.80904303929982e-06,-1.74825543382663e-06,2.03565955676931e-06,-2.24574433043113e-07,-2.45998661081181e-06
-3.55054248565245e-06,1.47560562760757e-06,-1.56226624843499e-06,3.74367859612812e-06,-4.43483358957697e-06,3.5020455153346e-06,-3.79860423333223e-06,4.70018490906701e-06,-2.6961567167699e-06,-3.64939459422165e-08,-1.56209072696632e-06,5.10832311748239e-06,-7.14251584535803e-06,7.66798742516069e-06,-6.25463295708747e-06,2.21537132175888e-06,2.33687760919623e-06,-1.28022115377102e-06,-4.07097524033174e-06,5.43449743668149e-06,-3.6451040896024e-06,1.53499675741474e-06,8.12083659530474e-07,3.95780932681019e-07,-3.2771497378786e-06,2.09918314235982e-06,1.84587237284905e-06,-4.10638391175967e-06,6.11978905777457e-06,-8.93582276536174e-06,7.51938274959686e-06,-2.37389168967145e-06,-1.69729973135552e-06,1.7601869117884e-06,6.43057477885938e-07,-4.93823045544786e-07,-3.25375008571317e-07,-9.3028071461881e-07,2.17646192529882e-06,-3.68849168350969e-06,5.10240659011671e-06,-4.16844647021383e-06,8.10651942864211e-07,1.90243556902606e-06,-1.49364194933661e-08,-5.17538121100739e-06,6.246606391503e-06,-1.2821228855128e-06,-3.84329828749421e-06,7.25129536748331e-06,-8.94557857298612e-06,7.78029610147087e-06,-5.26725535555047e-06,1.89959286189284e-06,2.2841183598348e-06,-5.56944962961687e-06,6.64778789616374e-06,-5.3340696548435e-06,2.96150327141693e-06,-1.24613088911871e-06,1.12797979055488e-06,-8.96013035321996e-07,-1.7441198829757e-06,4.25481622792276e-06
3.40845692080802e-06,-1.48925337096869e-06,1.12299342213105e-06,-4.48714250807987e-06,8.60983856456069e-06,-1.01827018135262e-05,1.00412254888087e-05,-8.45992475850169e-06,3.80978618872762e-06,1.43898953937903e-06,-2.10353607067457e-06,-2.11990974762243e-06,7.4169384230954e-06,-9.3423736085233e-06,6.28271800467587e-06,2.56291294603437e-08,-5.37035290056513e-06,3.57818255795004e-06,2.3344451282897e-06,-3.26929807871778e-06,8.65685364488001e-07,1.02948965010221e-06,-2.67090090967201e-06,1.0647442424332e-06,1.90899788282454e-06,-9.71174868086572e-07,-2.38831797491686e-06,4.84930704685154e-06,-7.76531827236574e-06,1.08582791279068e-05,-7.60415849935264e-06,-6.68107607297535e-07,5.06366632412361e-06,-3.83580148240329e-06,1.94281108555715e-06,-2.31394990324604e-06,1.69976357461679e-06,1.30007209681802e-06,-3.45352011730398e-06,4.45449712671555e-06,-4.52366411941077e-06,3.67736587167945e-06,-2.02078196888096e-06,3.84228609272048e-07,-1.57110166145325e-06,3.34052343655202e-06,-2.23457071657225e-06,1.77017542964883e-08,2.40630787773849e-06,-5.96949321000896e-06,7.82625717730984e-06,-5.06305261690091e-06,8.71947522837661e-07,1.83287030381117e-06,-3.88357831902437e-06,5.81359750657649e-06,-6.58378914929822e-06,5.29207607694012e-06,-2.22250942099035e-06,-7.40072687174378e-07,1.11696234660196e-06,-1.10225778545019e-06,3.04561092576569e-06,-4.30746478417986e-06
-1.39903559388837e-06,1.58582874375369e-06,-2.37139964016801e-06,5.55647774914048e-06,-9.7163007336289e-06,1.19981453956557e-05,-1.24019710811171e-05,9.62627933783013e-06,-4.25492173872252e-06,-8.03810112106551e-07,3.10223527604748e-06,1.49633088233045e-06,-9.2641970611076e-06,1.0046120763245e-05,-3.89667241601981e-06,-2.55371333854449e-06,5.88075938283971e-06,-3.98989198476091e-06,-4.99733300968659e-07,2.29731565138681e-06,-1.77538764735164e-06,7.93658082626147e-07,6.21325362188101e-08,1.52906839905418e-06,-3.7916702286303e-06,2.57581023034946e-06,7.39649869307697e-07,-4.61666945829765e-06,1.00880198190003e-05,-1.45298077482718e-05,1.07582090709597e-05,-1.83660426950845e-07,-5.85821259514778e-06,3.79478552233052e-06,-1.94979049788856e-07,-6.000097230899e-07,7.44075982767777e-07,-1.5843416817584e-06,1.39393251774392e-06,-8.88150604006408e-07,6.36355953371541e-07,-1.04426168157797e-06,1.97191936745355e-06,-2.56829881171182e-06,3.8194602770839e-06,-3.98392666065783e-06,2.56231260166767e-06,-1.76034163688409e-06,-9.08985302806561e-08,4.0428497732133e-06,-6.06076888730723e-06,3.0688410599762e-06,1.48128675490797e-06,-3.43394322305424e-06,3.30204405457103e-06,-3.39908743950678e-06,4.02299096114773e-06,-3.93999806576227e-06,1.54158186653806e-06,2.19714026289691e-06,-2.54779967349137e-06,8.24888069532837e-07,-7.3206562358257e-07,1.18321263523178e-06
-3.50443775364422e-06,2.60239742206865e-06,7.11052595259188e-07,-5.26890988652415e-06,6.78478748608774e-06,-5.87932319883409e-06,7.20257095620915e-06,-6.79959930897139e-06,3.34098532682632e-06,8.48247886857839e-07,-4.50491405999229e-06,-3.28731890229776e-07,9.94444531937683e-06,-1.01581595592209e-05,2.31907722159294e-06,3.17055066103351e-06,-3.72205944978051e-06,1.62525119924391e-06,1.62918779722181e-06,-4.20262341551938e-06,4.17824134041091e-06,-2.69244775603597e-06,1.7710988032473e-06,-2.56095441699991e-06,4.27238635387742e-06,-3.81412099366488e-06,1.72714358016589e-06,1.27289776333338e-06,-6.9702809421281e-06,1.23525759650454e-05,-1.04684514241957e-05,1.43357399406914e-06,5.36590250522158e-06,-3.93151075184625e-06,-1.77193389521226e-06,5.84940429762733e-06,-6.83718397853318e-06,5.24239679789384e-06,-2.04078200565726e-06,-4.57221952132606e-07,1.94309360276358e-06,-2.74133914432721e-06,1.88014068465837e-06,1.71050109119988e-07,-1.97910197294996e-06,2.46997226689398e-06,-1.46355223107889e-06,-3.43621541167105e-07,2.67550644818055e-06,-5.85018711702966e-06,7.85015702313721e-06,-5.58810809641107e-06,5.3463463858963e-07,2.33006026319721e-06,-6.62014791828938e-07,-1.93699039468404e-06,1.15246945405056e-06,1.9427093118237e-06,-2.2755367231837e-06,-1.64995600904598e-06,3.40718550360013e-06,-4.75239949118098e-07,-2.57687051360776e-06,3.4429471392117e-06
7.52401346254711e-06,-8.06706275461365e-06,4.24699177440006e-06,2.41233847932762e-06,-3.65512534255041e-06,3.77657226605557e-07,-1.85167576905306e-06,4.5891364012701e-06,-3.91042218702407e-06,-6.82023174559403e-08,4.93914521677344e-06,-9.42832623540117e-07,-8.30403621140507e-06,9.34539003235838e-06,-3.73651448970504e-06,1.2338275409839e-07,-1.90924213832874e-08,1.53460121511657e-06,-4.13766587536929e-06,5.30386359311133e-06,-2.59396913340885e-06,-4.02574727153811e-07,1.01968918867328e-06,-2.05417686726477e-07,-1.55476527795266e-06,1.95745972654943e-06,-2.10876308256494e-06,3.07099232681734e-06,-3.27080161377256e-07,-4.52482223531603e-06,4.87387974327778e-06,-1.18845438061978e-07,-5.09064734689071e-06,5.48581930654388e-06,3.6107695265159e-07,-7.90619287017807e-06,1.07158573657289e-05,-8.07620920040582e-06,4.65114978241604e-06,-2.3310100504381e-06,-1.43916508120911e-06,6.8315507728874e-06,-9.42352797311627e-06,7.33180369220278e-06,-4.0416501021184e-06,2.75056235917318e-06,-4.69310659079913e-06,8.19036635255007e-06,-9.72556931989116e-06,1.0136230323607e-05,-1.01778827648925e-05,7.59455505347593e-06,-2.50672603737926e-06,-6.32766766936837e-07,-2.52964833390054e-06,7.6023599607524e-06,-6.81164918756716e-06,1.8964058307893e-06,3.25448750150749e-07,1.55546571169606e-06,-2.7607414704892e-06,-8.06913238354717e-08,4.1313426528959e-06,-6.09698170727064e-06
-8.40997796887164e-06,9.87900524962089e-06,-7.23253778054595e-06,2.54653188265073e-07,3.30585770911071e-06,-1.9618966704727e-06,3.27030447453534e-06,-5.85004148323102e-06,5.52773334642834e-06,-1.73010651066223e-06,-2.73997552179592e-06,6.9173719325968e-07,5.30120031955415e-06,-6.71169303273197e-06,4.04562023287487e-06,-1.2874532186441e-06,-2.85277149010091e-07,-6.86410627535751e-07,3.50944477378229e-06,-2.99856864964597e-06,-2.18076354218279e-06,5.46805000774843e-06,-3.96802409363003e-06,9.95949080210563e-07,1.16916324441328e-06,-6.34727235687609e-07,3.1465841916742e-07,-2.78274342032568e-06,2.86231587107354e-06,-6.61208340300005e-07,3.74738760238722e-07,-1.92343578565619e-06,4.91568498118681e-06,-6.397091949523e-06,1.23962206667036e-06,8.05705701440245e-06,-1.14718002761746e-05,7.76163959776595e-06,-5.61547716025517e-06,5.44066153094974e-06,-5.20425252855972e-07,-8.45294496261545e-06,1.43158199812444e-05,-1.29392656932568e-05,8.10183285368431e-06,-6.54936559609356e-06,1.00290062508724e-05,-1.31926552775674e-05,1.17816079341637e-05,-9.50316047853947e-06,8.00726384914907e-06,-5.28815152783677e-06,1.57212074055014e-06,8.15487510503648e-07,2.13200469373751e-06,-7.12911976928136e-06,7.03726161654443e-06,-4.71019398451741e-06,4.2719134086448e-06,-3.1376109918683e-06,7.00307235453015e-07,1.83868176941343e-06,-4.32591992643006e-06,6.28269131350667e-06
6.02538130894932e-06,-7.30936154372273e-06,4.67275649172987e-06,2.15544301968318e-06,-7.17892320268324e-06,7.96792198710996e-06,-8.44113524484054e-06,7.81362346336552e-06,-4.49113088377367e-06,4.69363443585013e-07,2.00964368725561e-06,-1.36015970882745e-06,-8.28557795689218e-07,1.73453997356332e-06,-8.78672763605108e-07,-8.22183249538846e-07,1.88621323638865e-06,-4.13613025878392e-07,-2.15107535710477e-06,8.17842474280546e-07,3.97480888479108e-06,-5.57409811984445e-06,2.49916066571329e-06,1.69169006600643e-06,-4.79847559663209e-06,4.01490229626887e-06,-9.96168498945747e-07,1.29858848288677e-07,-1.33770614377533e-07,2.38370317922944e-07,-9.30627710305626e-07,2.33572131891817e-06,-5.16376094053483e-06,6.44539442672498e-06,-1.78093073479313e-06,-6.75962841337855e-06,9.54313143691826e-06,-5.21138486726228e-06,3.91105226037201e-06,-5.43246913106056e-06,1.40279784823856e-06,6.8288572075441e-06,-1.18099124701421e-05,9.53276780287158e-06,-4.07846129898622e-06,3.16090859823287e-06,-7.78574393114828e-06,1.05168440658305e-05,-7.60616522147813e-06,4.63273049956424e-06,-3.38344913428184e-06,2.2490533829071e-06,-1.48300332412519e-06,1.98390704903329e-07,-4.558240870392e-07,2.21006004319321e-06,-2.91450136089695e-06,4.65168413302849e-06,-6.34459885460681e-06,3.1969230105565e-06,1.81377209681981e-06,-3.42589599545847e-06,3.08034675296412e-06,-3.89163597057833e-06
-3.32704800153265e-06,3.39156560586606e-06,3.17410826201774e-07,-7.32456649087473e-06,1.20905733972196e-05,-1.21559542981725e-05,1.16102888801309e-05,-9.05061792015307e-06,2.01947582062616e-06,3.81427623283421e-06,-4.75988645890074e-06,3.48204084247611e-06,-2.89088929572921e-06,3.31623018449285e-06,-3.72683558997327e-06,3.30756910961739e-06,-2.02162082131955e-06,5.20168381786064e-07,2.36185615455031e-07,1.18674968461193e-06,-3.16781404165177e-06,2.2405855665493e-06,6.19532570367385e-08,-2.60367850147628e-06,6.35184016826821e-06,-6.81164736999371e-06,2.91757375906964e-06,-1.26746557105078e-07,-3.06834421222341e-07,4.17424292347015e-07,-4.26533859389859e-07,-2.03053227338575e-06,5.95543903653452e-06,-6.81792249563813e-06,3.21285224836949e-06,2.96582413045949e-06,-5.4835688177683e-06,2.53215452937117e-06,-1.43090307884513e-06,2.54169033037259e-06,1.7535563736397e-07,-5.69403376668282e-06,7.36266340669735e-06,-2.9143801253966e-06,-1.558381162343e-06,1.02192262330632e-06,2.93304345315703e-06,-5.1625821513114e-06,3.79769127841298e-06,-1.74015696428065e-06,9.00609124100187e-08,-5.47946262579795e-07,3.38190085871012e-06,-3.58102563260976e-06,6.10570685345378e-07,2.27864310137345e-06,-1.99562587975823e-06,-2.05056288514633e-06,4.44730612705315e-06,-1.68135104942776e-06,-2.42423112158729e-06,3.27832714662127e-06,-1.85717091589196e-06,1.85219143851922e-06
2.57052593066586e-06,-9.61334023897436e-07,-1.42909997851537e-06,5.63426583915901e-06,-8.78092152477362e-06,8.02563992184682e-06,-8.32211318942293e-06,7.14916810915756e-06,1.07815061674307e-06,-8.67876358844665e-06,9.00322913682977e-06,-5.27956692066098e-06,3.49653436332152e-06,-5.83918213220674e-06,7.76715797527692e-06,-5.94808215124759e-06,3.3523488017847e-06,-3.63001950842312e-06,5.32678828574173e-06,-5.51251898514404e-06,3.4477537321159e-06,-3.79956398411681e-07,-3.73071156956147e-07,-4.51595806620777e-08,-1.87615739827496e-06,3.19237229448343e-06,-1.97181873135602e-06,1.17039089440466e-06,-1.0253127772092e-06,-7.42244777344947e-07,1.57272831216444e-06,2.98743519558602e-06,-7.9121325032356e-06,7.31868273215204e-06,-4.11086963323367e-06,6.54516803401637e-07,1.41557260296988e-06,-8.84072899639732e-07,3.72453844934809e-07,-2.26837487833975e-07,-2.03871988439975e-06,6.05758091568237e-06,-6.56605092766345e-06,1.8818378337733e-06,8.36932051729767e-07,6.7900696360966e-07,-1.22021352527619e-06,-2.74350889772799e-07,5.04608948188173e-07,-2.57326880872882e-07,1.41999031195504e-06,2.29703440053295e-07,-5.00537658701883e-06,5.50940192238507e-06,-1.540181676593e-07,-6.14701569952968e-06,7.24354821461376e-06,-2.47333402142208e-06,-1.24759789840298e-06,1.01662923394822e-06,6.69659517812223e-07,-1.76681781481867e-06,2.1857395577904e-06,-2.74106212475732e-06
-1.77570793333561e-07,-3.13735023485203e-07,-2.07145606542091e-06,3.59468990969935e-06,-2.81283065371485e-06,2.07061229401459e-06,8.02993552693507e-07,-2.13029634709799e-06,-3.58675592426373e-06,1.00986295780692e-05,-1.05125478389462e-05,5.40232249307475e-06,-1.82023552506857e-06,5.12750075903906e-06,-8.73893012661382e-06,6.51855191879013e-06,-3.70610594741606e-06,5.58349337771723e-06,-8.11880954636415e-06,6.77202539584211e-06,-2.53927838586605e-06,-1.30728549172677e-06,1.55283696254892e-06,1.05211922926363e-06,-3.14711666601911e-06,3.06391364623272e-06,-1.48576554309211e-06,4.15785471154423e-07,-1.37858499120912e-06,4.39442093751608e-06,-4.27133660512102e-06,-2.75690094832837e-06,8.18932541944973e-06,-5.94310292069554e-06,2.34182606194224e-06,-1.40796001797231e-06,1.29592562389988e-06,-5.60449124297945e-07,-3.84346801903882e-07,-3.44187995043638e-08,2.47224474553563e-06,-5.92015301763628e-06,7.1087964541909e-06,-3.85455143144548e-06,1.44723142613213e-06,-2.24525256880704e-06,4.13606079082074e-08,4.50992025558377e-06,-4.83539744454932e-06,2.86504664183741e-06,-2.30690179861571e-06,-1.55780672582121e-08,3.79757539538154e-06,-3.1754278147164e-06,-2.25169234732719e-06,8.78634415149469e-06,-1.14271703753551e-05,7.48640164862761e-06,-2.05634496562843e-06,5.31602885022625e-08,-4.62023610557594e-07,8.98286994282287e-07,-1.44395751764706e-06,1.49917357309033e-06
-4.71927614913765e-06,1.7492784917043e-06,4.49771096275551e-06,-9.73291189179408e-06,1.10896568475255e-05,-8.78122263810908e-06,3.88371799799848e-06,-9.44106417103099e-07,2.66821423600486e-06,-5.96374565072641e-06,7.15723514938011e-06,-3.69673974962966e-06,-2.27922966974834e-07,-2.23261904293186e-06,6.65157892541426e-06,-5.37673460309352e-06,2.2328060936979e-06,-2.77154755195696e-06,3.23292782782327e-06,-1.4209934658074e-06,-1.54311243563019e-06,4.60220284114855e-06,-4.58326572026371e-06,1.02388749149848e-06,3.41649635827423e-06,-5.08255602560013e-06,3.54197623949924e-06,-2.88822994061747e-06,4.60047495741697e-06,-6.60560869226639e-06,5.28523593915826e-06,4.22074266563674e-07,-4.25714296641913e-06,2.18372611415485e-06,8.17471671570737e-07,-4.06318916700589e-07,-9.70451596281489e-07,-2.10567402762231e-07,2.46223696179721e-06,-2.20754452730426e-06,-1.22996636479884e-06,5.35663960251929e-06,-7.02156585911289e-06,3.82676468926189e-06,1.52004616163363e-07,-7.32221050135645e-07,1.96024076683944e-06,-4.06855081663624e-06,3.37647528398531e-06,-2.36521921248254e-06,2.67523542656179e-06,-1.41175917353046e-06,-3.38369757197484e-07,-7.97055515652875e-07,4.05477845788701e-06,-8.76352587344146e-06,1.27639453797955e-05,-1.08689726580063e-05,4.8377203450459e-06,-1.9956512449967e-06,2.11209179013184e-06,-3.95947142461967e-07,-2.02832610417617e-06,3.94690892531679e-06
8.62092756531421e-06,-3.36508698180754e-06,-4.37433901246087e-06,9.81300060948447e-06,-1.15511007580053e-05,9.19992912472616e-06,-4.40514152428582e-06,1.72619820239049e-06,-1.43529386907449e-06,1.25949425902042e-06,-1.72075827031733e-06,7.81773316077375e-07,1.94672153217481e-06,-9.94057405541779e-07,-3.62618465567264e-06,5.00513300154442e-06,-3.00407524465339e-06,1.20472181472071e-06,1.54088549742468e-06,-3.56145064761985e-06,4.77198475161436e-06,-6.99222311700118e-06,6.02113386534966e-06,-1.18838909747488e-06,-3.12122616268521e-06,4.5882037878701e-06,-4.01087387933469e-06,4.42599377661833e-06,-5.48318117590711e-06,4.22568562681487e-06,-1.79217520717749e-06,1.64084266230777e-07,1.28942559216848e-06,-1.43776787129e-06,-5.65135977827021e-07,1.87344487526014e-06,-2.29601459588623e-06,4.47465076529346e-06,-7.52965553697466e-06,7.81212548494374e-06,-3.01775811029564e-06,-3.59619565010526e-06,5.839307406339e-06,-1.17381061670103e-06,-4.80024741327324e-06,5.83708432968882e-06,-3.51155627469967e-06,6.08191061101312e-07,1.35552698285711e-06,2.37539242012661e-07,-3.03230178976335e-06,2.4895120228467e-06,-4.77157188963864e-07,2.60575990499537e-07,-2.53167216410819e-06,7.01436847410613e-06,-1.10969282659703e-05,1.06263176323111e-05,-6.03635901353688e-06,3.10997733320775e-06,-1.97574356190961e-06,-1.33392313902558e-06,5.22685923653067e-06,-8.24752985644386e-06
-9.35081112603992e-06,3.49377933692124e-06,5.54144738167967e-06,-9.31813060017735e-06,8.55833578987722e-06,-6.45352653993321e-06,3.9682043155525e-06,-2.60159511625116e-06,1.75505641837972e-06,6.43944480513012e-07,-2.08949790088766e-06,1.80789526731803e-06,-2.74497279803298e-06,2.79054190880601e-06,5.56766965236489e-07,-4.03017936266231e-06,5.37775567718794e-06,-4.1304517206207e-06,1.57555103511883e-07,2.52349664261608e-06,-3.35436916675441e-06,5.41915304230326e-06,-4.70808913123027e-06,-1.95484876413136e-07,3.6670609039486e-06,-3.94962780925817e-06,3.50417314076041e-06,-4.93343148913103e-06,6.07419900055658e-06,-2.61580761094297e-06,-1.13107361847024e-06,7.73384251802796e-07,-1.84765225720942e-06,4.99225695263691e-06,-3.77245616669387e-06,-1.60440492559937e-06,6.56910078018551e-06,-9.68930838841255e-06,1.22405970766029e-05,-1.28164585270936e-05,7.79561393612828e-06,-8.341690718348e-08,-2.62311161746928e-06,-2.32027748306755e-06,8.65450887019052e-06,-8.98139068281476e-06,3.98479431142592e-06,1.16671721754422e-06,-2.59020652244133e-06,-7.275144285893e-07,3.5059475869466e-06,-1.82501032951984e-06,-1.39578055992396e-06,2.76839914051418e-06,7.42242347611802e-07,-6.34288138626496e-06,8.53802815512442e-06,-7.9873142290663e-06,6.12830307265069e-06,-3.15364852318573e-06,-5.87262997862079e-07,3.70227776760406e-06,-4.97817419766177e-06,7.51469248404462e-06
6.54242381871445e-06,-6.63362733452614e-07,-8.18555377878088e-06,9.05940863379256e-06,-5.08036231863481e-06,3.53283464113771e-06,-4.09093489218417e-06,3.26854935676214e-06,-1.29451081595073e-06,-1.8751289846151e-06,4.42724507584875e-06,-3.96177923295437e-06,2.99665539676382e-06,-2.81577440789836e-06,1.52396822574902e-06,1.16305009068901e-06,-4.35416416490234e-06,6.58227286641024e-06,-5.44296511939051e-06,2.71151715774813e-06,-1.06778406591441e-06,-1.60964931900962e-06,3.46815789661887e-06,-1.74382171260897e-06,-5.75404880033024e-07,1.21719229067468e-06,-1.19881588804312e-06,3.05056124256035e-06,-4.95678151603318e-06,1.91014408008844e-06,1.42786683929911e-06,-5.706236739729e-08,7.73013510568909e-07,-5.19421581786027e-06,5.54755743969774e-06,1.04360678081831e-06,-8.22552420874427e-06,1.0960822782048e-05,-1.22006453891752e-05,1.23413741429413e-05,-8.37717915144184e-06,2.4881429810194e-06,3.83139082822336e-07,2.05907486195702e-06,-6.07940399389312e-06,6.27545959175468e-06,-3.12991469550663e-06,-3.50685297674702e-07,8.03289710458893e-07,1.96114871697924e-06,-2.02330719242026e-06,-1.08991316978979e-06,3.48456016494633e-06,-3.15016049390879e-06,-2.45694571391562e-06,8.05234139725238e-06,-7.56315809918206e-06,5.60510954666912e-06,-5.24753077738896e-06,2.5037025268405e-06,3.44526675926972e-06,-6.13777729199391e-06,3.60755590463794e-06,-4.05476785396753e-06
-2.25094835104766e-06,-3.1645980180708e-06,8.93924748063981e-06,-7.75736572746988e-06,3.59968001747576e-06,-2.98353387846179e-06,4.21061199032025e-06,-2.57130761106333e-06,-2.66986788854856e-07,3.66461852388265e-06,-6.8350719147977e-06,6.56012249896558e-06,-3.95446054074517e-06,2.47131406370166e-06,-2.45499501752471e-06,2.75553275865746e-06,-9.78083598325841e-07,-4.61645191470013e-06,8.47475645306992e-06,-6.81855829421728e-06,3.2614638356846e-06,1.19853214682628e-06,-5.49592700948848e-06,6.62065458515322e-06,-5.29952467177698e-06,4.18891283981277e-06,-3.82564941648695e-06,2.04239662009547e-06,-1.14430076071692e-07,2.18849018754755e-06,-3.47344611430291e-06,-2.26854532603352e-07,2.43666812122321e-06,-4.98117063651178e-07,-8.05322449873591e-07,-2.2262493136771e-06,5.47324209520253e-06,-5.55785838095723e-06,6.30482168220052e-06,-6.82601025053825e-06,4.3854389963449e-06,-3.8995813362709e-07,-2.75830538989981e-06,2.89127729002703e-06,-1.37164787916304e-06,2.75569443153818e-08,1.33488747255471e-06,-5.01429475713749e-07,-4.69434264006375e-08,-1.27315018225994e-06,-1.15291920515583e-06,5.53976350752684e-06,-7.24041282382312e-06,4.50258950194778e-06,3.29901898102907e-06,-9.28778947181583e-06,8.24629448192538e-06,-5.06055499234536e-06,4.10479882265092e-06,-1.4674011513613e-06,-5.20277934010297e-06,8.52549743528927e-06,-5.00173524605524e-06,2.56454010869004e-06
-7.27956803839439e-07,3.65003365271391e-06,-4.40812064339787e-06,3.45300355610606e-06,-3.10877615873806e-06,3.7182011887906e-06,-2.58635013171595e-06,-9.80381936534359e-07,3.22713862305791e-06,-4.76076793879812e-06,6.79411278481555e-06,-6.70255586214664e-06,3.94556171914117e-06,-2.07022461375342e-06,3.09108931196503e-06,-5.5944730361382e-06,5.19705352977455e-06,1.00863016792637e-06,-6.55344612465817e-06,4.90386280509472e-06,7.21081534002631e-07,-6.1066541839119e-06,9.73760989008468e-06,-1.0157618818739e-05,8.56600990080029e-06,-7.39449433621938e-06,6.6668932010986e-06,-5.04876631181674e-06,4.23263703046983e-06,-6.10458356175324e-06,5.64561823443533e-06,-2.23975995685328e-07,-4.88252638360638e-06,6.31522807242893e-06,-5.66268776049848e-06,5.60557426942523e-06,-3.91553492601157e-06,2.24433092393059e-07,8.07881017752516e-07,-1.72904979704258e-07,8.13907046963455e-07,-3.44512951291013e-06,6.07655450907788e-06,-6.31660704578976e-06,5.78263681156526e-06,-4.19870201439572e-06,6.47262398949038e-07,8.17874472654175e-08,9.1755355241035e-07,-1.64182663856291e-07,1.83776049842058e-06,-5.68965017415781e-06,8.09736209944739e-06,-6.41614752670265e-06,-2.06549361856484e-07,6.83580753244902e-06,-8.38707178653889e-06,6.08521209088579e-06,-4.55105497084906e-06,2.4685264142831e-06,3.0619057579264e-06,-7.48832825828361e-06,6.1917679876662e-06,-2.42861350863468e-06
2.6207155061213e-07,-1.57927493318497e-07,-3.0732953292815e-06,3.71339812997577e-06,7.30009098423349e-08,-3.15755166798425e-06,1.21894211632323e-06,3.62405273115036e-06,-5.6000072653809e-06,4.56613904684241e-06,-3.71337085384271e-06,2.75771272152978e-06,-7.43173147458697e-07,2.36215170147956e-07,-2.51170965384783e-06,4.93723278078683e-06,-4.24080459392872e-06,-2.0870651620434e-07,3.0865366281369e-06,9.49035437302021e-07,-8.00735728792034e-06,1.19954973534595e-05,-1.22868878717178e-05,1.03582086874321e-05,-8.34985011926121e-06,7.20792273299233e-06,-5.46520815732253e-06,3.18079083909297e-06,-3.58031270110716e-06,6.25174906746303e-06,-5.1506015197128e-06,-6.702303981368e-07,5.5736721878417e-06,-6.94166346517672e-06,7.17375672336402e-06,-7.7078235275729e-06,5.65356830789614e-06,-7.69611242482449e-07,-3.33236501247948e-06,5.2970851705385e-06,-5.16937055558821e-06,5.07166478958071e-06,-5.57521565819846e-06,5.57933383259367e-06,-5.72407328346862e-06,4.3394429995518e-06,-7.67546099996783e-07,-5.49678063649179e-07,-3.09397335428436e-07,-4.48488432896646e-07,9.19867620855491e-07,6.66003233580884e-07,-2.77890522523959e-06,3.41256533336233e-06,-1.5775871349102e-06,-2.91485688861297e-06,6.70815143755989e-06,-6.11040263119793e-06,4.91923808041283e-06,-5.2493402935657e-06,3.35141851324913e-06,1.37946086966434e-06,-3.79693092832862e-06,2.20808719504207e-06
3.7324575593426e-06,-4.3608719637219e-06,6.98390690851882e-06,-6.81265848204057e-06,1.44109476618278e-06,4.24846803695206e-06,-4.82314565299259e-06,2.29333284926238e-07,3.59818819489304e-06,-3.1356693877405e-06,5.49493206183905e-07,2.19973632637162e-06,-3.39968192348824e-06,1.44698927093128e-06,1.52875340397563e-06,-2.56459329653139e-06,1.22540405953666e-06,1.7859717991938e-06,-2.06936728431007e-06,-4.54841200165521e-06,1.24315930269454e-05,-1.46523193507821e-05,1.21290959335216e-05,-9.20467775746959e-06,7.72924285312407e-06,-5.97879726210173e-06,2.86109060733571e-06,-3.65114488425612e-07,2.06565749578222e-06,-6.05966213449893e-06,5.06264201087314e-06,4.62145138565099e-07,-2.91902294022533e-06,1.93318197008693e-06,-3.13966217413954e-06,6.3679081092142e-06,-6.88188961898748e-06,3.18356724171507e-06,2.85494029908218e-06,-8.10345039798549e-06,8.65659084764261e-06,-5.42883810597335e-06,3.23525191473277e-06,-3.72051314879773e-06,4.53501885365452e-06,-2.60763769450494e-06,-9.61226774377311e-07,2.41893037951569e-06,-1.94901466533602e-06,1.78609395057961e-06,-1.80257417902815e-06,1.54134761651348e-06,-1.4386515238434e-06,9.19180292551799e-07,3.52711228415313e-07,1.74004388223061e-06,-6.23219948566959e-06,6.08285199221388e-06,-4.074017701957e-06,5.92647729927351e-06,-7.64881718873015e-06,4.08785833245016e-06,9.950700342971e-07,-3.47606466481437e-06
-7.96447821390222e-06,7.44467787259126e-06,-5.90831215193632e-06,3.20766298970449e-06,2.29350451732308e-06,-8.76878433281712e-06,1.15210983242564e-05,-8.58540522050246e-06,3.93047666210935e-06,-2.19261901024879e-06,4.11070794432383e-06,-6.54483177071659e-06,4.59723771918907e-06,9.58732825546794e-07,-3.82513868577144e-06,2.68525495586916e-06,-3.5195024505346e-07,-2.63750189903733e-06,2.53266753015041e-06,4.41021088734444e-06,-1.1557804095727e-05,1.22119155939935e-05,-8.89409791553819e-06,7.19728137317804e-06,-7.43043120347584e-06,5.97051204680829e-06,-2.55047701335061e-06,3.06691964001861e-07,-2.92810280135927e-06,7.75108719240689e-06,-7.21311654525738e-06,2.82771537617198e-06,-1.72476923426791e-06,2.92978280637166e-06,-8.04138590854744e-07,-4.25593318643772e-06,6.98910628631147e-06,-4.06470747762566e-06,-2.62739778141428e-06,8.0519105231712e-06,-8.27889195421014e-06,4.41496587587635e-06,-1.82017669898371e-06,2.87587931770053e-06,-4.69630150842496e-06,3.28831443901406e-06,9.32261910123113e-07,-3.86628868226438e-06,3.46991859621912e-06,-4.48079518668125e-07,-2.08351140591408e-06,1.35221212318327e-06,8.69178360305837e-07,-4.73425106706532e-07,-1.48988849103656e-06,-1.32432802524619e-06,6.8509193147021e-06,-6.1783951760932e-06,2.18485168810027e-06,-3.37278044037047e-06,6.60931688854962e-06,-5.02468706738005e-06,-1.26771072004589e-07,5.26611402465413e-06
7.7503081934888e-06,-5.41306748130177e-06,3.81817239109627e-07,2.75695420854876e-06,-6.16729603637321e-06,1.0827472308201e-05,-1.36815990138906e-05,1.35889778527211e-05,-1.16126606915275e-05,9.97156248071474e-06,-1.07228139777148e-05,1.00272343593898e-05,-3.32478270502467e-06,-5.25264711067098e-06,8.51244580439604e-06,-6.11070665790309e-06,1.9278904020921e-06,1.9705521865515e-06,-2.32279123593568e-06,-3.21298650373669e-06,8.49969204306839e-06,-7.96347525504621e-06,5.49458414188838e-06,-5.20341688192238e-06,5.37910321342331e-06,-4.63538969920025e-06,3.3106833027012e-06,-2.80968423744935e-06,6.48400595378135e-06,-1.09194213928296e-05,9.99608974233292e-06,-6.15933917317683e-06,2.9074077790091e-06,-4.3071317677714e-07,-2.02202098226089e-06,5.13044914742818e-06,-7.0132474361554e-06,4.42461813302914e-06,1.40389809849042e-06,-4.66646033829071e-06,3.15737444890515e-06,-3.85171012893265e-07,3.23825867815197e-07,-3.07278373801921e-06,5.78466984815725e-06,-4.86191514214868e-06,-1.40434855345328e-07,4.64922473384729e-06,-4.20021008421266e-06,-8.19401281699535e-07,4.69157803799386e-06,-3.41038639220456e-06,6.81534175590496e-07,-2.04694656645191e-06,3.96618281842485e-06,-1.6963450676384e-07,-4.98724094183238e-06,3.58419402598906e-06,6.93351284972427e-07,4.22102450257359e-07,-4.19524456981919e-06,4.77139229233515e-06,-1.85730990154575e-06,-3.69708794808771e-06
-2.37383132791371e-06,-1.57052356634566e-06,6.90450474403902e-06,-7.16300573909157e-06,5.61393058642803e-06,-6.02284260684584e-06,8.26095943184553e-06,-1.08899080214018e-05,1.27890371004276e-05,-1.39452332617429e-05,1.41356715387251e-05,-1.01854097354279e-05,1.9084412390686e-06,6.01661666319305e-06,-1.001067877727e-05,8.38046019240503e-06,-3.19673934829406e-06,-3.58937972586877e-07,1.0707139831725e-07,3.09475122137438e-06,-5.76251641662069e-06,5.44371440459488e-06,-5.28878416776422e-06,4.90846271154182e-06,-1.75711904688802e-06,7.67972367860993e-07,-3.36301704577271e-06,6.45316176231045e-06,-1.13395464411723e-05,1.4274362120002e-05,-1.18540200036591e-05,6.85320301752895e-06,1.66789068392427e-07,-6.25093522462031e-06,7.84550945582832e-06,-6.92761746080407e-06,5.95105559533993e-06,-3.40274140994364e-06,-1.1882440832752e-06,3.00612840962017e-06,-7.86745532363058e-08,-3.27699572941289e-06,2.70855042753613e-06,1.09345948894607e-06,-3.94351123745253e-06,2.72455869286529e-06,1.31242486138076e-06,-4.37915920907004e-06,4.46916970381702e-06,-1.7790846792585e-06,-9.74534308772608e-07,1.28137241387847e-06,-7.14444662591441e-07,2.30108310822098e-06,-3.1718149897689e-06,4.39323350776952e-07,2.09585524534938e-06,-9.91020801067016e-07,-8.74087079353063e-07,-4.99210092437751e-07,3.26806239240459e-06,-5.37156476836788e-06,5.55661771615529e-06,-1.21373299877842e-06
-1.42925014843123e-06,5.45065295668191e-06,-9.64824591352544e-06,8.81043912273117e-06,-4.1863382954476e-06,8.35734100412014e-07,-2.52048430356427e-06,6.57209916876377e-06,-1.01563864476554e-05,1.19511450597978e-05,-1.01845247444943e-05,5.23637811615687e-06,2.96821580745852e-07,-4.5699080008947e-06,7.21217819396564e-06,-6.24262549455077e-06,2.66541130483626e-06,-2.12421148670584e-06,4.08367122498515e-06,-4.14320070352048e-06,2.63287338270652e-06,-2.49487018474922e-06,4.78238595514514e-06,-4.23066191221931e-06,-1.26685618787471e-06,3.43779237570203e-06,8.699921977642e-08,-5.26631054830073e-06,1.14761537247047e-05,-1.41195004076572e-05,1.0841712690602e-05,-4.395608461708e-06,-4.04328029498059e-06,9.5997070355627e-06,-8.30600491758461e-06,3.88781999381761e-06,-1.43785484324646e-06,-1.30526789644849e-07,2.86433158128956e-06,-3.43321645089381e-06,1.66114823431358e-07,3.78311120946281e-06,-4.42314189221735e-06,1.24081676619823e-06,1.51578741219149e-06,-4.77167041607996e-07,-1.7956640514095e-06,3.12371678286885e-06,-5.26451532204083e-06,6.55265066209188e-06,-4.65062041754359e-06,1.84359104705891e-06,-5.08435209935761e-08,-6.87595619113526e-07,-4.08883009276549e-07,1.39571432176531e-06,-4.21249063517772e-07,-1.52222473949191e-07,-9.5238958086477e-07,2.07939989318024e-06,-2.71816030126947e-06,4.5242284807729e-06,-5.64883020892692e-06,3.01759641467868e-06
3.30699011250793e-07,-3.42690716369667e-06,7.12135369084477e-06,-7.89176099202804e-06,4.81917694267932e-06,-1.59350701299436e-06,2.67002889002205e-06,-6.07422460412537e-06,8.04230186145368e-06,-6.25736994581308e-06,1.93654703180022e-06,1.00380522738658e-06,-2.34995507744203e-06,3.20967037989516e-06,-3.52809575373376e-06,2.75003761196858e-06,-1.65689826521867e-06,3.18009879977295e-06,-5.17104504144853e-06,3.00989241522068e-06,6.96350800889207e-07,-5.01087120777988e-07,-2.93908429492343e-06,2.96614136326882e-06,1.44900588147544e-06,-4.32346892190599e-06,3.8597869743161e-06,-9.15968054466865e-07,-4.39471062955477e-06,7.75626274753406e-06,-5.93757785387688e-06,8.72759744135465e-07,4.97686712292061e-06,-7.73333253130991e-06,4.24667277414478e-06,2.03342781720744e-06,-4.828623551025e-06,4.53331202724885e-06,-4.02442544393695e-06,1.89387322569355e-06,1.78259105411149e-06,-3.80074270704233e-06,2.34808295630965e-06,1.40354841081619e-06,-3.47029474741331e-06,1.73006998700909e-06,1.40269931382483e-07,-1.54634668526984e-06,5.41831157990937e-06,-7.83733624585858e-06,5.41462910735079e-06,-1.76175497418129e-06,3.00249769822592e-07,-2.93872568516606e-06,7.35964636027357e-06,-6.54220314563139e-06,9.34698151957715e-07,1.55363455468884e-06,5.3851996442795e-07,-1.93650437425867e-06,1.35163543303739e-06,-1.33844727106979e-06,1.29512180467483e-06,-1.98007261188661e-07
2.04246824159526e-06,1.05714413495758e-07,-2.93471653217343e-06,3.80091745830927e-06,-3.43689195448156e-06,3.59824067688963e-06,-4.70162559170291e-06,6.44663279710182e-06,-6.95418472422565e-06,3.64597328865933e-06,5.33538882725816e-07,-1.79873911561612e-06,1.85686808064496e-06,-2.11407817020481e-06,2.07836386545356e-06,-1.95886394953369e-06,2.02379902262533e-06,-2.31125508135928e-06,1.32400452529007e-06,1.63098293156847e-06,-3.66214809132588e-06,2.16377947584289e-06,1.05573065098343e-06,-1.1091538671215e-06,-1.83676185841913e-06,3.96131892842594e-06,-4.32554428830699e-06,3.82219557233178e-06,-2.28779290425751e-06,-2.17974628169606e-07,1.54427620254816e-06,-1.17432516451348e-06,-8.18404788175459e-08,8.17380931160457e-07,1.75276144098409e-06,-6.68369021514638e-06,9.1809876991047e-06,-8.09487210771041e-06,5.51691113130031e-06,-1.53063336428568e-06,-3.25763837749348e-06,4.58907156644864e-06,-6.55498147508514e-07,-4.74213681267143e-06,6.13049998537792e-06,-2.99304615649624e-06,1.42768137301649e-06,-1.3187614967903e-06,-1.77620702843222e-06,4.13033099401918e-06,-2.49785512907076e-06,-9.80394529177136e-07,2.03683732123354e-06,4.08305697318554e-06,-1.15292012965213e-05,9.88852247124773e-06,-1.96039809982346e-06,-2.76332759950731e-06,1.89626945918297e-06,5.3844801507085e-07,-1.19807943112498e-06,8.09083523830302e-08,1.44449240461043e-06,-2.27706845595287e-06
-4.22375486718345e-06,3.86795031901219e-06,-2.59287874265683e-06,1.50313664666413e-06,1.59391844850304e-06,-5.3026155389893e-06,6.19423462041203e-06,-6.37506773924484e-06,7.63928578931955e-06,-6.9562076539604e-06,4.01796450491981e-06,-6.77027964558388e-07,-2.51336413401344e-06,4.26019254460598e-06,-4.06590852232632e-06,4.01506921588812e-06,-4.40244348151187e-06,2.87417223265941e-06,8.84627772173912e-07,-3.47486015944232e-06,3.38032233007929e-06,-1.79133908546082e-06,-5.24469362601993e-08,-6.87656194011992e-07,3.56203478678537e-06,-4.18036997751348e-06,1.43191202876811e-06,3.33699509638841e-07,9.22231456289739e-07,-1.12692576943006e-06,-1.20452485326875e-06,3.91043824766015e-06,-5.34245747408989e-06,5.68121059177613e-06,-7.17599922812044e-06,1.00248591410217e-05,-1.16079281588644e-05,1.02363646101774e-05,-7.63911320238838e-06,4.76128854398433e-06,-2.5426511999157e-07,-2.74967848028589e-06,1.58211813600417e-07,5.42842695651746e-06,-6.93201589958207e-06,3.63000942477793e-06,-3.07640698024796e-06,4.73944495488676e-06,-2.02895872933995e-06,-1.82217059131178e-06,1.30769620373746e-06,3.43787008204901e-06,-6.95367927343278e-06,2.89298424835363e-06,3.5017605104943e-06,-3.84883897299474e-06,5.04497622466098e-07,2.30488711379361e-06,-2.87893384597819e-06,-4.22364139460799e-07,4.13712704623568e-06,-3.35303877488923e-06,-2.13752022594646e-08,2.62525054591394e-06
