-3.03302900043185e-06,5.21790597397696e-06,-4.68233010904494e-06,2.12609666180441e-06,2.79296754294102e-06,-5.55388164935775e-06,2.93114434290694e-06,2.23058962610726e-06,-3.22377776603422e-06,-3.49118270971948e-06,1.05213748781586e-05,-9.51598157964409e-06,2.36185314998078e-06,2.98351997520451e-06,-2.97753207974028e-06,1.37289363222207e-06,-1.59276364368181e-06,4.05822024083735e-06,-6.02106847794824e-06,4.46684833696452e-06,-8.69131919345383e-08,-3.09255052863851e-06,3.29764966747404e-06,-3.05705927904535e-06,1.42804783619817e-06,1.74345926968823e-06,-2.14772746562539e-06,-3.0385721216029e-07,3.03954795694729e-06,-5.39439219212035e-06,6.10884562178838e-06,-4.31231014098564e-06,3.40117392982707e-06,-4.85562942345048e-06,2.68434416015119e-06,3.79294675610012e-06,-6.12118374511584e-06,3.38750643768373e-06,-2.09256325062918e-06,3.15879931697898e-06,-3.18442490506975e-06,-3.49077455887245e-07,5.42910848963569e-06,-7.85311293207545e-06,6.01523517525669e-06,-2.01645150303464e-06,5.06380693914434e-07,4.57582172592839e-07,-5.14593031713463e-06,9.25829165416469e-06,-9.36303061854827e-06,8.27787163378797e-06,-9.05432715064097e-06,1.10133822628419e-05,-8.74760445222294e-06,1.616847733786e-06,3.93558540027458e-06,-5.07119197325693e-06,3.61003373661511e-06,-1.64186244087609e-06,-1.09759721324747e-06,2.7643892647543e-06,-3.19134811520203e-07,-5.91130192831439e-07
2.63547939778103e-06,-3.72192259467166e-06,3.07124690625926e-06,-1.27029640351912e-06,-2.07351498545595e-06,5.10610385793402e-06,-4.48931494870363e-06,7.90656695358295e-07,6.66145640289276e-07,3.31488192010955e-06,-9.4598410073209e-06,1.1893619391964e-05,-7.80925779328417e-06,8.01228677314374e-07,1.73140071494025e-06,1.54691860738968e-06,-3.88364363945616e-06,1.42037478799823e-06,1.08635207340973e-06,-3.85296858854669e-07,-1.6334862589565e-06,2.96521088427157e-06,-3.09154642918024e-06,3.53200542632979e-06,-4.02060910967267e-06,3.78121280277843e-06,-4.50898888359875e-06,5.80875015645183e-06,-5.67184214262906e-06,4.57481655276139e-06,-3.29902851875273e-06,1.48672059701518e-06,-5.22854931107822e-07,1.845816336925e-06,-1.0366525125355e-06,-3.11227042241459e-06,2.63824857077554e-06,1.25961165993711e-06,-6.36241466414504e-07,-1.4361476380826e-06,5.56420678029109e-07,2.62520598279954e-06,-7.5072679520641e-06,1.03407440391587e-05,-7.77483349331203e-06,4.51210099035522e-06,-4.08323056581462e-06,1.22266395170734e-06,5.61006073213536e-06,-8.66887615957051e-06,5.09202140487863e-06,-1.45899024347361e-06,1.32401730124402e-06,-3.2809613125721e-06,4.17407276339182e-06,-6.35649182403196e-07,-5.11205794263773e-06,7.90286727078663e-06,-6.73794939364307e-06,3.89672199029464e-06,5.01621697069605e-07,-4.12293688943472e-06,2.85237257447931e-06,-1.12420102771363e-06
-3.27411139752e-06,2.99218988077986e-06,-6.92454323484448e-07,-1.66744072941885e-06,3.39391531773931e-06,-5.49713046355364e-06,5.53375778512308e-06,-2.59921746237396e-06,2.1504976525357e-07,-5.23900590488794e-07,3.55748619479674e-06,-7.71755324240191e-06,8.28376413622316e-06,-3.02190374672573e-06,-1.67884601746894e-06,9.93573954436691e-08,3.1831280464004e-06,-2.38325908016204e-06,7.35253627681447e-07,-6.27883623237945e-07,3.06113422988213e-07,-3.02618819821176e-07,6.87243662760103e-07,-1.67158890232459e-06,3.7250216992879e-06,-5.15386074538235e-06,5.77656161431585e-06,-6.25143389509809e-06,4.25331654679658e-06,1.96407254795451e-07,-3.42903867718175e-06,4.59710390245768e-06,-4.5461915352415e-06,2.44742611940564e-06,-1.19370376931872e-06,2.34947273067189e-06,-4.11413793644738e-08,-4.03634112304667e-06,2.75427669307559e-06,-1.36478073709434e-07,1.25503801573105e-06,-3.47208882864521e-06,5.62532727904879e-06,-6.77793375250488e-06,4.72372911155863e-06,-3.42457957394447e-06,3.93771738775349e-06,-1.25527034543611e-06,-3.5778633615058e-06,4.82099497974441e-06,-7.89983469049164e-07,-3.39376718027563e-06,4.51387633626576e-06,-3.03277814177351e-06,-5.07232794292966e-07,1.51403466192509e-06,3.31539467216002e-06,-8.86428022179094e-06,9.60081098560988e-06,-7.02308952930104e-06,3.19907482942214e-06,6.69666500019632e-07,-2.22342524138062e-06,2.52822779585532e-06
5.04330594780086e-06,-3.3390858089554e-06,-1.75820994940306e-06,5.38183596608834e-06,-6.63823630452844e-06,7.25668718283992e-06,-5.16067564424336e-06,2.07955630155486e-07,2.96558659655181e-06,-3.1015978909055e-06,2.28517839406461e-06,6.71874515417784e-07,-4.35885595482176e-06,3.60479346707219e-06,1.81281303861285e-07,-6.47400497079452e-07,-2.00093717874899e-06,1.34801788423949e-06,1.72911996629479e-06,-2.95043001713874e-06,1.65123450999244e-06,1.41108370634002e-06,-2.81228314091748e-06,2.48625020517386e-06,-4.25373389683771e-06,6.67653174101737e-06,-6.75618060145795e-06,5.40157856932172e-06,-1.53849503363731e-06,-4.84253971067062e-06,9.09721881604405e-06,-9.21033787006725e-06,6.27730053251421e-06,-1.72828650457946e-06,-4.05245306117233e-07,-1.02480787127204e-06,8.79431767769622e-07,1.59005549656891e-06,-1.31554633160876e-06,-6.57123246596768e-07,-1.52053403450543e-07,1.29983086947558e-06,-5.89916706904498e-07,3.73998009607698e-07,-6.58715819845278e-07,1.67142457888374e-06,-2.2118945075592e-06,-4.74125812857513e-08,2.98382240100069e-06,-3.66719261653679e-06,9.23441318684095e-07,2.38270746245832e-06,-3.85958847041013e-06,3.88513970486424e-06,-6.53236088582105e-07,-2.93854291692957e-06,4.45332962261784e-07,5.31412036051231e-06,-7.26660062322491e-06,5.79963305220607e-06,-4.12784715551675e-06,2.55161183988254e-06,-4.87723741597882e-07,-2.59650478569809e-06
-6.19260489079839e-06,5.44151795894033e-06,6.7570194102755e-07,-5.51149816725331e-06,7.26294770448718e-06,-6.97688347064328e-06,3.14911988010513e-06,3.77799474270117e-06,-7.44802867646625e-06,6.3635475717271e-06,-5.9487465575574e-06,4.4143161119143e-06,1.08663880184002e-06,-5.51103069817224e-06,5.46769201760349e-06,-5.05234320502794e-06,6.19366118550423e-06,-2.88666256187022e-06,-3.58732504175125e-06,5.96817957491804e-06,-2.52580348914039e-06,-4.18326020660169e-06,7.80048714487363e-06,-6.23407724899789e-06,5.54696161299684e-06,-7.40478436171854e-06,8.05194595591562e-06,-6.18043196212785e-06,1.30628306839003e-06,5.33445419397883e-06,-1.0043577358197e-05,1.04489488225885e-05,-5.84708050438036e-06,-6.51809874883646e-07,2.36621407256529e-06,1.45110765918686e-06,-4.4059515735299e-06,3.54964640144098e-06,-2.27503750252698e-06,1.98115947454602e-06,-6.05608119522116e-07,-2.93686161623362e-07,-1.47679618416227e-06,3.35260620489833e-06,-3.15691569068017e-06,1.22088633612313e-06,1.23005598950763e-08,1.44023077080589e-06,-3.74737180605719e-06,4.67947582791448e-06,-3.209664093533e-06,8.86150428689574e-07,1.34635337409752e-06,-4.40610398965841e-06,3.72640738071199e-06,8.47416845944835e-07,-2.09256247931183e-06,-3.55621945981475e-07,2.6469972370152e-06,-4.06323246165054e-06,5.10742248759565e-06,-5.45220129459975e-06,4.08226580679908e-06,7.22740767621941e-07
4.29734202106253e-06,-5.62674486584569e-06,1.2203003587678e-06,2.98792018572396e-06,-3.97866343420819e-06,3.17117281554037e-06,-1.23128860283314e-07,-6.26291851241799e-06,9.81970827003884e-06,-7.76250059114002e-06,6.37275113066639e-06,-4.93137577447645e-06,-7.15899421604314e-07,7.08364728702943e-06,-1.02564261697799e-05,1.2117108670817e-05,-1.29872006017232e-05,8.1898276777602e-06,-1.40886074872954e-06,-8.19208630084559e-07,-7.77653009051566e-07,4.88887302819749e-06,-8.25051404845442e-06,7.87857354007941e-06,-8.16008802229193e-06,1.18327482485359e-05,-1.42409864890771e-05,1.12639003580651e-05,-4.02106119926197e-06,-2.97870138329458e-06,7.35193660243096e-06,-8.2143923580334e-06,3.42084567877412e-06,3.01658639145553e-06,-3.15925418678071e-06,-1.91940741407317e-06,4.95606248121734e-06,-4.1764731299715e-06,2.15942110623896e-06,-1.73591453898605e-07,-1.17383470848584e-06,1.01329672655471e-06,1.3051256412504e-06,-4.06510564463633e-06,4.56109173165088e-06,-2.4257036968003e-06,7.27883656369195e-07,-1.75930870405748e-06,3.10655107699902e-06,-3.57873217594693e-06,3.87718489771976e-06,-2.84778512448523e-06,-1.04580977855017e-06,6.95177441709972e-06,-8.38275310290883e-06,4.11000379515266e-06,-6.95441375353434e-07,1.82857919284153e-07,-2.37364100058045e-06,7.02758541151154e-06,-1.08783945006846e-05,1.0938414215059e-05,-8.10436988483475e-06,2.44722874235872e-06
-2.66665418015894e-06,4.86594958314134e-06,-2.29997657044249e-06,-2.98312335083428e-08,-4.53128777011211e-07,6.184132343312e-07,-1.39952369754808e-06,6.20056750708646e-06,-8.92420632171873e-06,5.52884121313732e-06,-2.53660045810452e-06,8.84624467163279e-07,2.17566663086672e-06,-4.85873050348711e-06,7.64325092544545e-06,-1.15777516074386e-05,1.31826912969384e-05,-1.00000458790155e-05,7.57005736465024e-06,-7.99808835096105e-06,6.51620713765237e-06,-4.09393142586376e-06,4.5127629916162e-06,-6.60405237250549e-06,8.66327364196567e-06,-1.18486257649964e-05,1.44098023210259e-05,-1.1761547083557e-05,4.73386279251656e-06,1.18508708730539e-06,-4.67590692062729e-06,5.26742379410962e-06,-2.34474236233545e-07,-5.20064439701949e-06,4.52380859388632e-06,-9.92508279188059e-07,-4.91715862586679e-07,5.80996720769208e-08,1.39489560948024e-06,-2.74546792036343e-06,1.97913200933857e-06,7.33349417554597e-07,-4.29226683688319e-06,6.31818281811712e-06,-4.94021827987318e-06,1.65771866941997e-06,6.47295516438384e-08,9.33585682188597e-07,-1.20113525141437e-06,6.41805924011559e-07,-2.50466391051001e-06,3.86673179315046e-06,5.93858687808867e-08,-7.06679745538838e-06,1.00613672675485e-05,-7.8508883606609e-06,5.42104292058354e-06,-4.72989400082776e-06,6.35227287383299e-06,-1.08171842708021e-05,1.4589605706991e-05,-1.33588450516587e-05,8.88214341841679e-06,-3.33456142212658e-06
2.93648572574278e-06,-5.77317863328147e-06,4.05688328806416e-06,-1.89852314424608e-06,2.21671028504424e-06,-1.67589163354215e-06,1.23645758073066e-06,-5.20906639568985e-06,7.20153530430812e-06,-2.63610319026671e-06,-1.01609996843058e-06,2.79694773354746e-06,-4.34108026528929e-06,3.06404380423748e-06,-2.51680948853905e-06,4.75832850941559e-06,-5.33850857270942e-06,3.82174099426273e-06,-5.45970833241905e-06,9.24210075735812e-06,-8.34219704431317e-06,3.62162848356801e-06,-2.50832491616343e-06,5.63200873566524e-06,-7.38445044510889e-06,7.68216334124117e-06,-7.53929455404545e-06,5.00709612047065e-06,-1.48440711971938e-06,-1.12558959904585e-06,3.81300667641846e-06,-4.36497396058229e-06,-2.63075861562273e-07,4.97746389893107e-06,-5.62199590742164e-06,4.75506484002835e-06,-4.03566346615256e-06,3.52265395233385e-06,-3.68442423580756e-06,2.89303386723999e-06,2.25518144914211e-07,-3.79914206902056e-06,6.77491659295613e-06,-7.52645081417813e-06,4.53606177139649e-06,-6.96176500340397e-07,-8.76755108778795e-07,5.90384127076244e-07,-1.14907416077098e-06,2.14807094827202e-06,-3.78025475257672e-09,-2.93493098455655e-06,8.87270787120514e-07,4.80059915831349e-06,-8.02212360579658e-06,7.81471724589982e-06,-7.16493112084223e-06,6.86432527417853e-06,-7.56288507657986e-06,9.44844725410677e-06,-1.03731606961627e-05,8.48368262673084e-06,-5.270975464111e-06,1.79857778169554e-06
-1.1258730712009e-06,4.60508163043871e-06,-3.75406098026852e-06,9.58299755445498e-07,-4.96756578793616e-07,1.41238630908799e-07,2.96902241787818e-07,3.90153455073114e-06,-6.65163306886479e-06,2.36057171008603e-06,9.91134105591256e-07,-2.31866819084824e-06,4.28648178167449e-06,-3.81858171709059e-06,2.12186255839223e-06,-7.18254768722806e-07,-1.92091679686928e-06,3.72186211097748e-06,-7.87301244799996e-07,-4.58302487500644e-06,5.99136524522259e-06,-3.23955557086912e-06,2.63402140105841e-06,-5.09450800353491e-06,4.40947434717602e-06,-7.88127182546987e-07,-1.14945950692887e-06,1.44987857769642e-06,-1.39931285418131e-06,2.40321641668487e-06,-4.85062827322488e-06,5.24327974050484e-06,-1.68489181894629e-06,-2.73463255129051e-06,5.31273292955788e-06,-5.25524826140071e-06,3.69870434449963e-06,-3.32575471883926e-06,3.58313924186001e-06,-1.43602664327249e-06,-3.05759347254369e-06,5.43742203652686e-06,-4.53551163890231e-06,2.73866404611498e-06,-4.26965263799102e-07,-1.06393724349017e-06,1.6694730077168e-06,-2.93667192865194e-06,4.29320350921106e-06,-4.36620248678203e-06,1.56850484412405e-06,2.08501065735603e-06,-9.66663637041204e-07,-4.38138355156071e-06,6.91215985760584e-06,-5.67044397638355e-06,4.67255804205647e-06,-4.75537655867508e-06,5.87144503368569e-06,-6.82147447402571e-06,5.84796944693804e-06,-3.68504004017117e-06,2.56929655095371e-06,-2.00283494443119e-06
-1.04668251309291e-06,-1.71923975858346e-06,1.96639918459337e-06,-5.38881447035219e-07,5.30279585860326e-08,1.28660544604488e-06,-2.27433455578034e-06,-2.21842253340812e-06,6.08544162127425e-06,-3.16267809849271e-06,1.07419100970581e-06,-2.38782357063008e-06,1.29125834409334e-06,2.70387138139981e-06,-4.74192118370217e-06,2.01771365562407e-06,2.6559377091083e-06,-3.96418098861022e-06,3.54346688457612e-07,3.23985322668359e-06,-3.25857583811656e-06,1.95888270270509e-06,-2.67063573861363e-06,4.86241010597782e-06,-3.52244251816024e-06,-8.51089058603716e-07,2.16314253156119e-06,-4.53551270999215e-07,3.94672693593407e-07,-3.68332036538335e-06,7.41520313594268e-06,-7.94375782855868e-06,5.30183300419069e-06,-4.53132902180061e-07,-4.42202789132409e-06,4.51979488355428e-06,-1.28175847374781e-06,9.98795604246905e-07,-2.41281079033637e-06,9.41000845208357e-07,3.40454773403845e-06,-5.29439173225214e-06,1.89991133951031e-06,2.39891636969553e-06,-3.75979323618853e-06,2.18722425317054e-06,-1.56409458770618e-06,3.67945998148599e-06,-4.98658310148651e-06,3.8966679710742e-06,-4.50579275133771e-07,-3.29214923349314e-06,4.46628234994876e-07,7.94506683934053e-06,-1.01518616259171e-05,4.85257956560524e-06,-1.22778264097382e-06,2.55094937740365e-06,-5.73208756161012e-06,7.22730823535326e-06,-5.90756904685832e-06,3.16209940652964e-06,-2.06579339463984e-06,2.54792437187645e-06
-2.58002944595951e-07,1.49281859112606e-06,-3.00520062059656e-06,3.86431162718858e-06,-2.19159685671761e-06,-2.09687274729651e-06,3.50929528518941e-06,1.23870958157919e-06,-5.25359676315192e-06,4.04650374839741e-06,-3.78902005974224e-06,7.57942802277855e-06,-7.75805358483146e-06,-5.16264791429155e-08,6.80582621879988e-06,-5.76076279708079e-06,2.01941515259538e-06,-2.33779147712251e-06,6.04555229571822e-06,-6.08212934650951e-06,2.13608084090511e-06,-3.67650350959275e-07,2.17909702283365e-06,-4.20674325172449e-06,1.83098074544975e-06,2.8550786292309e-06,-2.13247188306081e-06,-2.15688933169472e-06,1.74805571266997e-06,3.78576106869417e-06,-8.81960462990351e-06,9.80152734386289e-06,-7.18777526151911e-06,1.06044330383338e-06,5.94944497701372e-06,-6.97386800680953e-06,3.02585313429999e-06,-1.29875316613668e-06,1.2184332404953e-06,-1.61591302897298e-07,-1.43679311159824e-06,2.53129477859347e-06,-1.07828601099363e-06,-2.39883720441927e-06,3.96186581736025e-06,-1.89189578014265e-06,3.71120353920886e-07,-1.98918287099407e-06,3.75919510445391e-06,-3.48292521013251e-06,4.18362777464327e-07,2.53923627808669e-06,2.43388259925665e-06,-1.25681276980926e-05,1.41112522435091e-05,-6.37258693230505e-06,1.08304583983679e-06,-2.39188888373089e-06,4.85329494019237e-06,-5.21876174269586e-06,4.18126495755836e-06,-1.40353021983958e-06,-7.91808179048636e-07,4.39243193243099e-07
1.3153354184014e-06,-1.65117963225576e-06,3.29062011749564e-06,-5.11837137448482e-06,2.97207313846678e-06,2.51514198330125e-06,-4.38355220009346e-06,8.65496689479349e-07,2.84806359181077e-06,-3.74894929823301e-06,4.23709625689253e-06,-7.05070680986018e-06,7.40850774763365e-06,-5.61320742640266e-07,-6.65069473608404e-06,8.16699516459801e-06,-6.97467780052468e-06,7.57264947242051e-06,-9.6051687695866e-06,8.30939991242089e-06,-3.45121547057371e-06,1.44181226506045e-07,-8.73090149242036e-07,2.3214088074679e-06,-5.05507488120779e-07,-1.64094062027725e-06,-8.24828423478195e-07,4.48787872755473e-06,-3.38970651529339e-06,-1.60408017103877e-06,6.13006814992953e-06,-7.06904807779407e-06,3.88217468690062e-06,2.55621873629785e-06,-8.67226248561986e-06,9.34751499132998e-06,-6.02700521287849e-06,3.40128773359436e-06,-4.35988791803267e-07,-1.44902613700675e-06,-5.66563129148204e-07,2.01105850946033e-06,-7.09202561488609e-07,5.43083911602884e-07,-1.60736867261078e-06,4.96223691152122e-07,1.89441699347653e-06,-1.47562860150424e-06,-2.54670197183178e-06,5.35535841443699e-06,-2.79477810976156e-06,-6.76018442685517e-08,-4.44671723637027e-06,1.18288731525078e-05,-1.21521621952769e-05,6.63229742031984e-06,-2.99826235810853e-06,2.81033755853319e-06,-1.64805999760334e-06,-2.73809127373232e-07,5.92540715847001e-07,-2.03913074038878e-06,3.51196019814011e-06,-2.39836533895751e-06
1.5106154865048e-06,-1.61462347700073e-06,1.18902026171384e-06,1.40539193682368e-06,-2.37993461231934e-06,-1.01649444715524e-06,4.91688553415893e-06,-5.40687608974717e-06,2.53440156965967e-06,1.60278698624398e-07,-1.894972955811e-07,7.12838462758605e-08,-2.72491180159799e-07,-1.51234518561775e-06,4.05566502817032e-06,-6.09769180001083e-06,7.59385186463128e-06,-8.31429831321411e-06,8.27222612622215e-06,-7.41315918006315e-06,4.94033581767767e-06,-2.01176002961704e-06,1.62477435937851e-06,-8.52877121286333e-07,-2.91416055602865e-06,4.17595816289186e-06,-4.03216022608173e-07,-2.66614746346961e-06,2.15605909228146e-06,-3.27510008969383e-07,-1.69733728004118e-06,2.29596809131396e-06,7.06574652854849e-07,-5.83667410809251e-06,9.00178523413007e-06,-8.22618932191163e-06,6.12931211391971e-06,-4.54512204455085e-06,1.37813770999024e-06,2.50819405361478e-07,3.17808627150762e-06,-5.73128972556607e-06,3.07780804499386e-06,3.30356920695169e-07,-1.10060000946953e-06,1.80944362466147e-06,-4.83725627600863e-06,6.52909485952782e-06,-2.32350042237871e-06,-2.85730287989827e-06,2.48243270266345e-06,-1.17633038189447e-06,3.69024596415401e-06,-5.19574915181884e-06,3.38124863009558e-06,-1.93745387179294e-06,1.6745538509446e-06,-1.33924192254409e-06,-8.75199093995925e-07,3.12903622356495e-06,-2.5062359468026e-06,1.82019458133858e-06,-7.5187828807247e-07,-1.15946399887054e-06
-3.08503098708479e-06,4.36079870254271e-06,-5.48059425163367e-06,2.57845014511533e-06,5.53805176288381e-07,1.39412924936552e-06,-6.9135932315851e-06,9.49162031712472e-06,-6.12184779244957e-06,2.27841029274498e-06,-2.98831051113982e-06,5.19352482845918e-06,-5.07079370750695e-06,3.05260163558662e-06,-1.04702195546465e-06,1.55069333917255e-06,-4.44274143722128e-06,6.09102620791173e-06,-4.59373307981009e-06,2.83512215084012e-06,-2.24675583692094e-06,2.38815155546657e-06,-3.80650285990123e-06,1.61742503896418e-06,4.61036221643053e-06,-5.77632837593447e-06,1.76680037926505e-06,-4.26435662793826e-07,1.13690660024906e-06,-1.75655554623333e-07,-1.50818230453311e-07,-2.83815945974463e-07,-2.49444359949636e-06,6.88694104238385e-06,-8.30455804677842e-06,6.77931456858821e-06,-5.31160543697433e-06,4.0119503214653e-06,-1.63668289475688e-06,1.77686819720226e-06,-4.98357668633907e-06,5.55381736506474e-06,-2.33634921986335e-06,-4.48268229880912e-07,8.57680177692454e-07,-1.07982839008804e-06,4.03615815156232e-06,-8.04078781668646e-06,7.328025049467e-06,-2.58531079495012e-06,-3.22532338029902e-07,1.70010627166836e-06,-1.92892348519707e-06,-2.39552052057039e-06,6.86790335324821e-06,-5.61493952789729e-06,1.6984264740941e-06,1.06902558700125e-06,-7.6491983390107e-07,-1.04592004066269e-06,1.00203324038813e-06,1.88354596318824e-07,-2.39172418785132e-06,3.63316561086302e-06
4.94285734189611e-07,-2.18571851567268e-06,4.91962578150556e-06,-4.06280296634638e-06,3.11672034335776e-06,-5.74996063851049e-06,9.36505324331933e-06,-8.80293619977435e-06,3.58035205744864e-06,3.36722632038418e-07,6.06234249765525e-07,-2.95952882711905e-06,3.25741938288037e-06,-1.94702407437752e-06,-3.54802154641252e-07,1.35422158427195e-06,1.46261370175371e-06,-4.28298785448092e-06,2.17744619172229e-06,1.73185428257647e-06,-2.79506182486123e-06,9.9769369553378e-07,1.6523980244412e-06,4.56050674420943e-07,-7.32107796815506e-06,9.890085782325e-06,-6.36107773051481e-06,2.92268372372874e-06,-8.49784126431603e-07,-6.23342480475238e-07,-2.54022372571113e-07,7.97743650450777e-07,3.20553221565472e-06,-7.66139715469111e-06,7.3830372886419e-06,-4.63196001140812e-06,2.92232875807006e-06,-1.1860057955721e-06,-1.16287524715404e-06,3.45963616335791e-07,1.86946881962133e-06,-8.77136656405728e-08,-2.47320575995973e-06,1.10459103248623e-06,1.51432597481021e-06,-1.99160313274509e-06,-6.05270118686363e-07,5.38985749871619e-06,-7.17772973269503e-06,3.45954830543657e-06,5.10030236539485e-07,-1.53795141646983e-06,-4.17229833375695e-07,6.28710367747096e-06,-1.09673476209078e-05,8.87063261191974e-06,-1.93430947049477e-06,-4.1403292084229e-06,4.78800139445728e-06,-2.28640575622599e-06,5.49152678780189e-07,-3.90224703836693e-07,2.02621218811159e-06,-2.12518265445497e-06
1.55125810212184e-06,-2.69621856661277e-06,-1.01577251929418e-06,3.9798424782549e-06,-6.32004199885741e-06,9.26240282490522e-06,-9.27256033915919e-06,4.7629692470812e-06,9.85954157942254e-07,-4.27716030020782e-06,4.19801339386436e-06,-2.59830599589984e-06,8.1674485903071e-07,8.58311125680121e-07,-4.12356684899682e-07,-1.16802943655695e-06,-1.17587468539042e-07,2.47576342929758e-06,-1.09039684386035e-06,-2.77200158839288e-06,4.99074020708867e-06,-4.60037627246982e-06,3.4153980128454e-06,-5.14524555867057e-06,8.82117717198108e-06,-9.45370455414007e-06,6.66409896882144e-06,-2.36337074749861e-06,-1.90817369911597e-06,1.77596431326707e-06,2.16388252917595e-06,-2.02835369927999e-06,-3.64622228473979e-06,7.11973827145672e-06,-3.86222642362468e-06,-1.79459266248805e-06,4.17126123657256e-06,-3.83522750136782e-06,4.18585879123005e-06,-4.42178081073027e-06,4.80171467009049e-06,-7.5233079211379e-06,8.60338175952173e-06,-4.79674790129992e-06,1.2397927481925e-06,-7.29704851435578e-07,1.92171027033766e-06,-4.62568994705241e-06,5.58553892365836e-06,-2.03226813691298e-06,-1.06468470273154e-06,-3.58743484269963e-08,2.51151364671386e-06,-4.76644261360015e-06,5.63075607922742e-06,-3.65742470766673e-06,-1.28592614602652e-06,5.61633184670636e-06,-4.82448424585224e-06,2.08474437533254e-06,-5.5518117965341e-07,8.13247589245066e-08,-2.07380101033502e-06,2.48270631016405e-06
-2.9524648944539e-07,3.95652405221421e-06,-2.61752681767162e-07,-5.53148183061339e-06,8.74853794794734e-06,-9.41291980539933e-06,6.67014096538125e-06,-1.44469106441607e-06,-2.92055806422965e-06,5.29468905944168e-06,-5.9170516417508e-06,4.7232130922431e-06,-1.40831870092195e-06,-2.50212480979182e-06,3.49052093141712e-06,-1.61525051524834e-06,-2.90368921937868e-07,1.04674502903449e-06,-1.01895035519074e-06,1.93999774090295e-06,-4.78652587186272e-06,7.07147255660669e-06,-6.80516500365705e-06,6.45911911232182e-06,-7.30743907342418e-06,7.62599184312523e-06,-6.06822220598746e-06,2.30442746333304e-06,1.62354970661165e-06,-3.21863017468071e-07,-3.93608337022612e-06,2.95535831819163e-06,1.42596941912413e-06,-2.70132995308093e-06,-9.35492378744121e-07,7.19562143486192e-06,-1.02467380999553e-05,8.36582651310715e-06,-6.54682697704197e-06,7.58976803277188e-06,-1.05008048023879e-05,1.28185276071867e-05,-1.24945635611358e-05,1.04228667696859e-05,-9.52799691588013e-06,8.97047852288801e-06,-6.89577502268217e-06,5.63790759704229e-06,-5.11821004543045e-06,1.51393007775851e-06,1.92094202978265e-06,-9.77506733236744e-08,-2.4254090572407e-06,1.45079841458908e-06,1.17182670654145e-06,-3.01312076049687e-06,3.85156702069091e-06,-3.04710801419441e-06,1.86168107060522e-07,1.15137663054001e-06,-6.10269054767117e-07,4.77499579610335e-07,2.11833501318401e-06,-4.15167471861406e-06
-1.69765180793083e-06,-1.24580096615536e-07,-2.13256081621834e-06,6.93098853752627e-06,-9.12441975507567e-06,7.17755125406337e-06,-2.66815380366051e-06,-1.28541057634259e-06,2.42558029167765e-06,-1.79760309077001e-06,1.37698079635948e-06,-1.02983356103561e-06,-1.05399597001338e-06,4.2765607924394e-06,-4.9314192200737e-06,2.92223294483455e-06,-1.41610521110717e-07,-2.32019510050937e-06,2.28646870628788e-06,-1.59834712434511e-06,4.11709363774353e-06,-7.11274925459488e-06,6.27186472009912e-06,-2.60813250811121e-06,-1.35425692740446e-06,3.12685057713545e-06,-1.6101723957664e-06,-2.6449704713676e-07,6.18275504794107e-08,-6.91059803284259e-07,2.16724046646501e-06,-1.68933187400085e-06,1.56225107485314e-06,-1.98546708374549e-06,2.24063801675293e-06,-5.33793223698415e-06,8.72776795747801e-06,-8.95942267048346e-06,7.95260805873308e-06,-8.6904598055322e-06,1.16862426513334e-05,-1.23671890789945e-05,1.06296170714974e-05,-1.08544672039113e-05,1.22380385541185e-05,-1.14322297178197e-05,7.51170542651866e-06,-4.14412860176032e-06,3.38983036933068e-06,1.26386287858592e-07,-4.74870097131273e-06,2.91474896526055e-06,1.01573520347173e-06,-7.63718871053198e-07,-1.74226061504564e-06,3.66384049862234e-06,-2.9383278915633e-06,-1.18795736434611e-06,4.75470610233555e-06,-4.24079305328144e-06,2.76815893036229e-06,-3.67400182418317e-06,2.46226403394811e-06,1.50378017656065e-06
4.68680515092681e-07,-1.60398252397584e-06,1.41040194605337e-06,-3.02994768400676e-06,5.42973683414847e-06,-4.65696770757597e-06,-1.27240473012566e-07,3.66561402943278e-06,-2.13309769194818e-06,-1.92269939383815e-06,4.39682415531232e-06,-4.30935474927568e-06,3.57965790690473e-06,-3.05838178203315e-06,8.91797789006244e-07,6.06099686021647e-07,4.61602136588697e-07,-5.14514686108049e-08,-1.72830582747891e-06,2.19908184712392e-06,-2.76984609307022e-06,3.30752215900585e-06,-2.48630061455505e-06,-1.12951685763533e-07,4.44811723870741e-06,-6.37909665666153e-06,3.60676983700092e-06,-4.16810467751312e-07,-1.39359345285344e-07,-1.42894298380187e-07,6.26246604051042e-08,7.1123365126224e-07,-2.86996608846298e-06,3.01239600448645e-06,-7.17369022683074e-07,1.75913650155887e-06,-5.41268811917702e-06,7.68057220725887e-06,-7.9206989807149e-06,7.82365836648498e-06,-8.33112086298464e-06,5.90474680716647e-06,-2.54592874008966e-06,2.96706632051621e-06,-3.9863987088558e-06,2.73486201314061e-06,3.16935170874389e-08,-1.82803043371755e-06,1.4595712999018e-06,-3.39569616215334e-06,6.22501550099257e-06,-3.29221457020436e-06,-1.74719649970664e-06,2.66146351222994e-06,-8.065199107738e-07,-1.67833950446817e-06,1.69077057466047e-06,3.02721139310749e-06,-6.7666276689574e-06,5.85102032298396e-06,-5.10811020573583e-06,8.05143837484842e-06,-9.29500796198051e-06,4.64422161448003e-06
1.8802455934242e-06,-5.25242349286189e-07,1.46751193095197e-06,-5.31897548991094e-07,-3.21583141777214e-06,4.38749909844599e-06,4.20718464348366e-07,-4.52398910851131e-06,2.61846104043106e-06,1.73713272784506e-06,-4.4326487045277e-06,5.11147450174759e-06,-4.07858947038351e-06,1.04375259304578e-06,3.31683852898469e-06,-4.04064972900363e-06,-5.39483594089242e-07,2.54479609848696e-06,8.07669752071849e-07,-3.11644421318413e-06,2.23564361701165e-06,-3.29368337082824e-07,-3.91459501445037e-07,6.97887264256641e-07,-4.22414963941612e-06,7.42686990006451e-06,-5.51069208929231e-06,2.95727185594668e-06,-2.70708081446243e-06,1.91480711747488e-06,1.72438126544771e-07,-2.63108434807355e-06,4.92231825672617e-06,-4.43333371365651e-06,1.25090776288948e-06,-5.27663190643157e-07,2.94194684357627e-06,-5.45507996500834e-06,6.84028312267082e-06,-6.96503497915652e-06,4.7835351942373e-06,8.58653231638406e-07,-5.63762099140301e-06,5.6048682702738e-06,-5.00687951321162e-06,6.70883517606803e-06,-8.28563799665416e-06,8.03905991454503e-06,-6.15482301200195e-06,4.32234262435603e-06,-2.47892735499324e-06,-1.43400854844835e-06,5.53507390832597e-06,-5.86179659939992e-06,3.03630875037587e-06,1.15852658009795e-06,-3.01154076212616e-06,-1.26469829106216e-06,5.83741704547088e-06,-5.37352467776087e-06,4.35302050016897e-06,-7.14112881943216e-06,9.64233465096612e-06,-6.7338148693274e-06
-7.87356159894709e-07,5.31915745032527e-07,-1.77891038545484e-07,-2.0935345533643e-06,5.26181099992447e-06,-5.46939145518897e-06,1.10689201264213e-06,1.73385619172223e-06,6.09712331734719e-07,-3.15397674701041e-06,2.91175341059318e-06,-3.0079755885011e-06,3.19030122738362e-06,-5.5486366863135e-07,-3.56761982599617e-06,4.35674875875298e-06,3.21039826113108e-08,-2.64569288635055e-06,-1.15491561808741e-06,4.74431583466603e-06,-3.53090989899763e-06,3.87758266784752e-07,9.47436692958727e-07,-1.03323868405945e-06,3.25107242489325e-06,-4.74791109971724e-06,2.75671380038221e-06,-2.15514866589557e-06,3.76569264397711e-06,-3.46583635257791e-06,8.6747465314623e-07,2.82283515636475e-06,-6.74306782451233e-06,7.04986926406039e-06,-2.03249469836565e-06,-2.44786041740397e-06,1.95023004468334e-06,1.19280106500942e-06,-4.04933669331067e-06,5.64504321074566e-06,-3.50992932634883e-06,-3.03535007599859e-06,8.46883049603028e-06,-8.30956734240538e-06,6.50758537672007e-06,-7.49803429698885e-06,9.39888157516944e-06,-1.01056528127194e-05,7.86992152424007e-06,-2.00358402333207e-06,-3.3691104183143e-06,6.19473806618817e-06,-8.69051786601741e-06,9.68197964530689e-06,-6.44793200054841e-06,-1.67904638106899e-07,4.14394213034954e-06,-8.63703042324371e-07,-3.37308795411526e-06,2.28463536938987e-06,4.90537695599752e-07,2.16706655868503e-07,-2.98720064538627e-06,2.79717009642143e-06
2.48123277360594e-07,5.30093481918001e-07,-1.63314693121728e-06,3.41474257960973e-06,-4.35225830759203e-06,4.00729196818844e-06,-2.59637804514495e-06,2.30882424499746e-06,-5.12426162973961e-06,7.1345681480594e-06,-5.66044499229005e-06,4.68156535228671e-06,-3.9551585702127e-06,6.58455180089634e-07,3.94494361605531e-06,-6.34466402187913e-06,3.40623378469396e-06,-2.96002050873951e-07,2.86497863288653e-06,-5.65405064814215e-06,4.0195561144044e-06,-1.37446640432387e-06,5.99966611806869e-07,4.77474574436297e-07,-4.63007147782149e-06,7.76187976328365e-06,-4.58614624305695e-06,2.27775918010437e-07,-5.72755782155298e-07,2.37597001442822e-06,-2.14610494153407e-06,-9.99150734299241e-07,5.96428009837691e-06,-6.47519264499862e-06,-4.41876536023412e-09,5.86327122002575e-06,-5.17543290078012e-06,1.6227658512669e-06,1.14164750805258e-06,-4.56539427872468e-06,5.5105226915834e-06,-4.69919942772991e-07,-5.45773720237502e-06,7.08740922758617e-06,-5.91948938118193e-06,5.44870487658212e-06,-6.59523817049702e-06,8.62180596537317e-06,-7.09715856057324e-06,2.95371785970473e-07,4.73087993288075e-06,-5.22167490368558e-06,6.70255720025581e-06,-9.56733972943632e-06,7.55078852318748e-06,-5.86905352235923e-07,-3.09529263028049e-06,7.14617080928321e-07,5.70273076761797e-07,2.48275653745362e-06,-5.98955702045659e-06,5.56431349596121e-06,-1.00738463593615e-06,-1.37574199573976e-06
-4.97714477085007e-06,2.96304216881333e-06,-2.14589066392512e-06,1.63981527218652e-06,-1.66773984413118e-06,1.11453712373998e-06,4.53608525043125e-07,-1.65610931321534e-06,4.17683003855666e-06,-7.59527588279139e-06,9.24859845977813e-06,-9.12980072823787e-06,5.76174874533419e-06,3.56212133966535e-07,-6.34328736351686e-06,9.70908388316515e-06,-7.09629661798754e-06,2.88147479237328e-06,-2.90585080498124e-06,3.17274739048323e-06,-1.77561374166003e-06,2.47965351689328e-06,-4.67720602899735e-06,4.19698373315626e-06,-4.35355208826187e-07,-2.54676180038429e-06,1.09569651459015e-06,2.04904439907386e-06,-2.31977993211565e-06,1.42608691974584e-06,-1.91878630547334e-06,3.64647981461997e-06,-5.39261852878732e-06,3.75663922759978e-06,1.11347899992135e-06,-3.83004000212635e-06,2.76129229994556e-06,-1.6261029375262e-06,-1.23713410400431e-07,6.06218740986593e-06,-1.05915199242824e-05,7.52380096336736e-06,-1.20760003097381e-06,-4.06752548170555e-06,6.78150508981314e-06,-5.48600159916437e-06,3.44652447146088e-06,-4.17616366263926e-06,3.70072800096815e-06,4.56937141638239e-08,-1.76488852979777e-06,5.91251836756467e-07,-1.29280082966142e-06,3.95438956726541e-06,-2.83230858039091e-06,-1.0518884089278e-06,1.13687170778625e-07,3.43524209134499e-06,-1.49463544059331e-06,-4.21420205478149e-06,8.15784633005294e-06,-6.66250089183454e-06,-8.26804115497243e-07,6.02016372591595e-06
9.2878828242384e-06,-6.49507869344571e-06,6.08848586638583e-06,-5.97090604182842e-06,5.80813124507013e-06,-5.21760563075564e-06,2.78099838957198e-06,-2.19705289815682e-07,-2.69236196800362e-06,6.91125448567189e-06,-1.06093387206296e-05,1.09141032488157e-05,-5.66839329019416e-06,-2.13336277688674e-06,7.8058133213227e-06,-9.99622585818729e-06,6.81219115797601e-06,-1.12584860052651e-06,-1.51556948879724e-06,2.62613144827299e-06,-2.42805144094092e-06,-1.70560060693856e-06,6.59200026546781e-06,-7.12919545377754e-06,3.52319158477812e-06,6.94822841229363e-09,-5.2194120391618e-07,-7.63986523803373e-07,2.15489918518685e-06,-4.76539844003753e-06,8.07090938907182e-06,-8.60918025882047e-06,5.6074804950203e-06,-1.56715446758202e-06,-5.4053580828973e-07,1.12700584558657e-08,9.48062892523061e-08,1.36161915729378e-06,3.76921845981297e-07,-7.32375488403721e-06,1.25514800106745e-05,-1.08605924272955e-05,5.63335187850967e-06,9.35503206681554e-07,-6.27943348395414e-06,5.14706855727939e-06,-1.0623760136128e-06,2.87634350692288e-07,-7.24522728662566e-07,3.84095211362611e-07,-1.51901786117197e-06,2.978131383354e-06,-2.20332320063418e-06,6.34934158502059e-07,-1.31071548331102e-06,1.36595659366586e-06,3.75830316088013e-06,-8.11543250400851e-06,4.77016611148287e-06,1.65169582153245e-06,-5.48017799358124e-06,4.00915449465889e-06,3.90049439199908e-06,-1.02831916844025e-05
-8.89402867281986e-06,4.77711353106822e-06,-4.483996226184e-06,5.22732887492346e-06,-5.62181597518877e-06,4.69795216270219e-06,-9.1433673602265e-07,-2.83108402162812e-06,4.94302702466531e-06,-7.42027572125536e-06,1.0069447496864e-05,-9.21226936503884e-06,3.164646648508e-06,4.25676542367617e-06,-8.41426389514214e-06,9.02252676744763e-06,-5.00718362950914e-06,-2.63869671063042e-06,7.94465656649346e-06,-8.80308077617409e-06,6.19011825582205e-06,-1.21075459513931e-06,-2.97091829913009e-06,3.23929642961823e-06,-8.79554590801073e-07,-1.47876625460743e-07,-6.4693709613704e-07,1.45468922308987e-06,-2.71826599055756e-06,5.9801639018813e-06,-9.90233061239113e-06,9.88208927173003e-06,-5.1744439967552e-06,-3.08609965378945e-07,2.89704283658478e-06,-1.97688667250421e-06,9.19426632975787e-07,-9.8902415652349e-07,-7.62636281295359e-07,4.9587057280289e-06,-8.32578455530836e-06,8.04241928376513e-06,-4.83081961851615e-06,-1.52474152682831e-07,4.68750369237242e-06,-4.62657085948316e-06,1.25604455023311e-06,1.01680888952879e-06,-1.48964906902612e-06,6.74657169524204e-07,1.41685737687257e-06,-2.27893191242603e-06,9.24262809609611e-07,-1.39788393591649e-07,4.65924590195578e-07,1.28367964854101e-06,-5.32977440642212e-06,6.38505066143364e-06,-2.70081513210502e-06,-4.84818582080196e-07,1.00569642679129e-06,6.87212010496935e-07,-6.50097648815583e-06,1.13218600593701e-05
8.44292670776933e-06,-3.30178869291744e-06,1.6322012461787e-06,-2.17452650760637e-06,3.157346534929e-06,-1.7003935677747e-06,-3.0870066044527e-06,5.84973705264038e-06,-4.47897891360433e-06,3.58098892275077e-06,-5.10166338208909e-06,4.41513659582198e-06,1.16378172316725e-06,-7.59939684751812e-06,9.83466212870582e-06,-7.85715300774071e-06,2.2167700529374e-06,5.42038591918737e-06,-1.0107375505619e-05,9.09567592206675e-06,-4.41395698483678e-06,4.19935279044351e-07,5.89157393889115e-07,1.44584591745849e-06,-4.08610513539691e-06,3.50451664159564e-06,-4.73843778291657e-07,-2.04538384199403e-06,3.92464426977752e-06,-6.03635767663432e-06,7.95506441625182e-06,-7.56363892689722e-06,3.73772092884809e-06,3.07393241270517e-06,-8.56294065484913e-06,7.78491039935975e-06,-3.78659666251e-06,1.41876426250183e-06,2.63231509470789e-07,-3.01388291383136e-06,5.60642205855607e-06,-5.24899162627981e-06,1.88767620845337e-06,1.88234216144395e-06,-4.97130338844242e-06,6.13638703110331e-06,-3.09441848492566e-06,-2.5323502708904e-06,5.52672538464235e-06,-4.31299629462882e-06,1.7319537186709e-06,-1.28632224653418e-06,2.74910581518771e-06,-2.912583819467e-06,2.39911710454337e-06,-3.63500608238745e-06,4.31757302955881e-06,-1.58474844341249e-06,-1.74483510685553e-06,1.1944611252355e-06,1.22749234574975e-06,-2.82297379174989e-06,6.83944445362144e-06,-1.09112460940794e-05
-8.74503294588681e-06,4.33121269070458e-06,-1.37055066022887e-07,-1.61879188001741e-06,5.41689555235679e-07,-6.85908163913552e-07,3.59373046552715e-06,-3.4224903172145e-06,-1.14616049377788e-06,3.68693918755422e-06,-1.57976592413442e-06,2.23831736880121e-07,-3.81496604484622e-06,8.48366343760966e-06,-8.51560989510258e-06,4.16603072132275e-06,2.27061096280798e-06,-6.89351459142593e-06,6.37568876208766e-06,-1.80358114608786e-06,-3.06016326663372e-06,4.49256672860516e-06,-2.02956281888732e-06,-2.27285210608104e-06,5.98316815719264e-06,-6.61407942035712e-06,3.90290707955588e-06,7.40123393856031e-08,-3.45218571631496e-06,5.06096786373802e-06,-4.83182307002187e-06,3.52135849732343e-06,3.50142563730195e-08,-7.24589483749978e-06,1.26888932377469e-05,-1.07483150713333e-05,5.92652517563606e-06,-3.12670187724631e-06,-7.51332658082439e-07,6.66675745853407e-06,-9.64559478274505e-06,6.74142485346242e-06,-1.04606275778263e-06,-3.32291455181665e-06,5.99777499521981e-06,-7.28780520393073e-06,4.39555975084085e-06,2.58075924407325e-06,-6.95645064435891e-06,6.25752894888778e-06,-4.12617957306687e-06,3.10509625532485e-06,-3.0355642001822e-06,2.55180119101795e-06,-1.99478285659271e-06,2.58665614048682e-06,-2.84373454379607e-06,9.07452415062273e-07,1.03107455202013e-06,1.66423663232386e-07,-1.69769028181066e-06,1.53655869556684e-06,-4.01761019651697e-06,8.62614736437222e-06
5.71206204578332e-06,-4.84676798442501e-06,1.26442534437762e-06,1.29190661589682e-06,9.45442822760955e-08,-1.0543902148558e-06,-4.5895388602193e-07,-5.62168756519893e-07,4.63779249452008e-06,-5.63913341877415e-06,2.57504325159312e-06,-1.82003785999698e-07,1.70231451534913e-06,-3.99289367550895e-06,3.59814469170758e-06,-1.17543033844187e-06,-2.69293075815772e-06,4.3208587580428e-06,-4.10017502049845e-07,-5.18253231826346e-06,6.86297419446663e-06,-4.22051291700656e-06,-3.55062260278822e-06,0.000126584734302917,-0.00072056615741007,0.00151325111666113,-0.00139811470601784,0.00055881384223964,-7.41655072777113e-05,-1.88654615895843e-06,2.45704488795617e-06,-6.14202519163949e-07,-3.72443441031086e-06,1.00343644598615e-05,-1.22640434613821e-05,8.91237765113604e-06,-5.28022109836198e-06,2.56535680421719e-06,3.44041733859972e-06,-1.11023314939078e-05,1.31399617923155e-05,-8.37791684510643e-06,1.47518666966243e-06,3.39837940495865e-06,-4.64857015333979e-06,4.75587769600254e-06,-4.81754507910546e-06,1.88492584615035e-06,2.22627844663423e-06,-4.59526971926739e-06,4.82740768173379e-06,-2.75205489265688e-06,-2.27846183227517e-07,2.41737534831007e-06,-3.08969966832254e-06,1.89792666590118e-06,4.16321574418614e-07,-1.38679963237532e-06,3.81366121260461e-07,2.34110439330178e-07,-6.81321564688653e-07,1.68038897132976e-06,-3.80535499920295e-07,-3.24305174199648e-06
-1.85437125425794e-07,4.20404509948056e-06,-5.13526283104164e-06,4.53494926344676e-06,-7.05072668934323e-06,7.46489350255644e-06,-4.99947450192419e-06,3.04988384608462e-06,-4.08607146386601e-06,2.8511475070695e-06,-2.40249284007049e-07,-2.31727267210191e-06,1.99290245999727e-06,-6.3657206051267e-07,-9.89333032088298e-07,2.03280326802967e-06,-2.10461602243755e-06,1.99485471087003e-06,-3.1971925191292e-06,4.43353033561806e-06,-1.16229519166418e-06,-3.81099632937131e-06,4.53950121316085e-05,-0.00145314264073162,0.00843690078827119,-0.0177626646149595,0.0164005810546021,-0.0065521038548852,0.000890693449919116,-1.19659763040953e-05,-1.98723175355055e-06,3.20395502432276e-07,3.43160091069081e-06,-7.83654945356656e-06,7.8386321824991e-06,-4.79539297958148e-06,2.64458978770608e-06,-3.27920645841299e-08,-3.86405366999999e-06,7.89462709768762e-06,-7.9252418212928e-06,4.3371064299408e-06,1.34307985910035e-06,-4.68050155180759e-06,3.45946552122465e-06,-2.01583142193516e-06,4.671072819989e-06,-5.77768604943057e-06,2.00121373870215e-06,3.27471014148434e-06,-4.6411579439607e-06,1.20439499297164e-06,3.30079220678003e-06,-6.52174399742319e-06,7.46081033322569e-06,-6.17083194404198e-06,3.22216093865844e-06,-1.72508134425528e-06,2.88073098891027e-06,-4.94683072417589e-06,5.45415210815095e-06,-5.60356529367163e-06,4.71039108716732e-06,-3.58900733767432e-06
-5.01760825983308e-06,-9.32092962789808e-07,5.54717303377518e-06,-6.04234603091742e-06,1.02568624843948e-05,-1.10485444499622e-05,9.22146506697648e-06,-4.69000041535168e-06,5.13962132203411e-06,-2.9329839562435e-06,3.51538960569314e-07,4.32925043634459e-06,-4.14429379786828e-06,2.10476713632431e-06,1.61164665035254e-06,-3.616820526931e-06,6.50910991994275e-06,-7.28955745062634e-06,2.87247650651843e-06,1.14053325344885e-06,-6.89736310030618e-06,1.08259720438179e-05,-0.000138503454497635,0.00479354856967675,-0.0278791770255988,0.0586414747058282,-0.054077603149342,0.0215763759782604,-0.00293109060233142,4.40749860418823e-05,1.32429583185544e-06,-7.83268941289482e-07,-7.53384686706139e-08,1.9176691340405e-06,-1.51578933207213e-06,8.39194909490569e-07,-1.35050688280028e-06,-5.31756467971392e-07,4.7829012139039e-07,2.37978233771918e-07,-1.29956966509782e-06,1.02033059678867e-06,-3.39464969099012e-06,3.92886836434229e-06,-2.4969826191571e-06,1.13523856745954e-06,-3.20930900274324e-06,4.04036729285546e-06,-4.72847896760024e-07,-4.70146352539866e-06,4.55408013508119e-06,7.31987206596205e-07,-4.86954114601375e-06,6.8416481263532e-06,-7.41311707499895e-06,8.18772931460415e-06,-7.37750782166171e-06,7.66471806567907e-06,-7.76544078161072e-06,7.89355449557112e-06,-5.74361431547122e-06,5.79073916433601e-06,-6.24312378949844e-06,8.78806503294891e-06
7.61909809115493e-06,-3.26637501291184e-06,-1.30688470656395e-06,5.76963595149156e-07,-4.97401495115255e-06,7.74557257380605e-06,-8.5587018647075e-06,4.28001114475413e-06,-6.32280974669636e-06,5.18358158275696e-06,-2.56862374427898e-06,-4.15155448119185e-06,4.69582232437161e-06,-3.57811993859298e-06,3.28251839748416e-07,1.89516126573944e-06,-6.89959499769596e-06,8.58628722290714e-06,-1.68309479410608e-06,-3.51271108568166e-06,7.92963324550161e-06,-1.04222713242048e-05,0.000184411964417126,-0.00651122425036199,0.0378413823252981,-0.079506931283429,0.0732355105070418,-0.029188686505681,0.00396213655190686,-6.15408195883783e-05,3.0698294628627e-07,1.6178418509484e-06,-3.55535956781837e-06,3.40623130436248e-06,-3.34514322788503e-06,1.56004182413103e-06,1.25154095546604e-06,2.05705905483022e-07,4.89622933370903e-07,-2.48517372360146e-06,3.69889802935564e-06,-8.05035608006117e-07,3.31701206389944e-07,5.50694112780477e-07,-1.48061177966446e-07,-4.45053980102623e-08,1.16814303785282e-06,-1.19007778555125e-06,-1.46306360477829e-06,5.34181600354442e-06,-4.50130666893837e-06,-1.03996296945308e-06,3.96803468124819e-06,-4.34589812453329e-06,4.90869351175201e-06,-8.14271466217627e-06,9.63714135189184e-06,-1.14145136222016e-05,9.56060912595327e-06,-5.91955828607715e-06,1.47744318729627e-06,-3.23331198003893e-06,5.75256353906125e-06,-1.03136915562471e-05
-6.52636440131877e-06,3.82939555076162e-06,-1.8567785682906e-06,3.81843930536445e-06,-1.18352917351553e-06,-1.80895632753263e-06,2.51153239972865e-06,-3.06540776385741e-07,4.18657085027221e-06,-6.73315680141309e-06,6.07183816375353e-06,1.06435348364714e-08,-3.4845746043565e-06,5.41007768566248e-06,-4.22865557893099e-06,1.30301749391186e-06,4.45151020469201e-06,-7.01582186053515e-06,2.47069221287578e-06,9.53182171702527e-07,-2.8207865866077e-06,4.88327899170367e-06,-0.000111364530878212,0.00389283092767874,-0.0225925633736774,0.0474237028231626,-0.0436480260401695,0.0173867516546486,-0.0023603878691416,3.72133902637982e-05,1.84279606617011e-07,-3.12775747590953e-06,6.07511507291335e-06,-7.35826154254038e-06,5.60883745663629e-06,-1.21685465005388e-06,-1.27941629421988e-06,-1.34309529175973e-06,3.34894177325337e-06,-2.84758157121506e-06,8.67847563632007e-07,-1.60123736623902e-06,2.21207317286851e-06,-2.95852973542215e-06,1.78408512298311e-06,-9.52029629013174e-07,3.46537602513969e-07,1.33980879189406e-07,1.01964306146985e-06,-3.21543241050818e-06,2.54253403520081e-06,9.84548399456413e-07,-2.03390794971224e-06,1.72371815030953e-06,-3.05115909015122e-06,5.8771456253031e-06,-6.3565835657026e-06,7.59542123339625e-06,-6.00673382173886e-06,1.2120692334033e-06,2.83738416884517e-06,5.27403618853966e-07,-4.81534813490222e-06,8.41987510773661e-06
4.60771648373273e-06,-2.63260461506106e-06,3.01137855381872e-06,-5.01985364142925e-06,3.91127430292296e-06,-3.35420601059282e-06,5.36980661224647e-06,-5.19092696964164e-06,-7.52544765851267e-07,6.95925388946637e-06,-9.08667581125966e-06,5.1518612015131e-06,3.61433953316029e-07,-4.22491128695887e-06,4.55200084571535e-06,-1.87142985386057e-06,-2.61116253464928e-06,5.07134199330798e-06,-3.47316943366396e-06,1.87541210819573e-06,-1.50919131438076e-06,-1.94434588604271e-08,2.64685167543254e-05,-0.000895194147525092,0.00518601524893185,-0.0108846865036838,0.0100226466698857,-0.00399745504006439,0.000544319041731414,-8.21673171625553e-06,-2.31944185790369e-06,4.52653562739253e-06,-7.22809515144845e-06,9.73909177067887e-06,-6.19334895177981e-06,-5.92095395726889e-07,2.44710940497541e-06,6.26449900173638e-07,-4.62704313869931e-06,6.18597511940679e-06,-3.22113014798167e-06,3.96624298068158e-07,-9.34442761674615e-07,2.70656030670099e-06,-2.27860451440739e-06,1.76470408426764e-06,-2.22661858605451e-06,2.05759406360577e-06,-1.56154789150763e-06,8.32728007104211e-07,1.20318991984728e-06,-3.13904046778214e-06,2.21337558743606e-06,-1.1632385996254e-06,2.8733609007582e-06,-3.58714195150425e-06,8.38599426691627e-07,7.0980480294195e-08,-1.1473235818002e-07,3.1182635243732e-06,-5.83520414320165e-06,2.36921216843614e-06,3.20024877411525e-06,-6.01006032508313e-06
-4.2386193607101e-06,3.81008073591938e-06,-4.87268271160206e-06,6.09707422321014e-06,-5.30257474729381e-06,6.21604061912968e-06,-9.11635350485863e-06,7.49361926505882e-06,-1.42366502735608e-06,-4.59925081068025e-06,8.31595707463546e-06,-7.79564250997135e-06,3.90962352721293e-06,3.20454664359315e-07,-2.10346579607511e-06,4.38035034848938e-07,2.00555164534036e-06,-2.53935888411243e-06,1.64178250333948e-06,-8.85792083995911e-07,6.36413394316972e-07,3.10074801381674e-08,-1.9626600473451e-06,4.11232425069642e-05,-0.000231024538683771,0.000484850952124424,-0.000450166173070051,0.000182363919980741,-2.6522380398068e-05,1.12162825714429e-06,2.91330395820794e-06,-5.4616779131341e-06,6.08376129275375e-06,-6.92452358554384e-06,4.24803023427114e-06,1.32825278538363e-06,-4.14687672277017e-06,3.16533063054092e-06,1.22101875146651e-06,-4.8825960788418e-06,2.15410946100858e-06,2.06203267451836e-06,-5.66774841186717e-07,-2.98941205387781e-06,3.22065390486435e-06,-2.59741957200109e-06,3.42609185172246e-06,-3.67926713837865e-06,2.3681757420763e-06,-2.49805892224275e-07,-2.69794556608877e-06,4.62583187087674e-06,-3.36237128372272e-06,2.00473730667358e-06,-3.21064197901165e-06,2.84033083147793e-06,6.59720085753722e-07,-2.33916392687955e-06,2.18686563916729e-06,-3.91915993200244e-06,5.7145141346747e-06,-2.81861895412409e-06,-2.29689085644187e-06,4.50762826031657e-06
3.46018191962887e-06,-5.87888271654894e-06,7.27156421823817e-06,-7.81363162175086e-06,7.03680204210842e-06,-7.02319667829998e-06,7.89673238584319e-06,-5.36292038864469e-06,7.16544550126538e-07,3.01249724505057e-06,-6.46152090722792e-06,8.49014671101935e-06,-7.23247906513826e-06,3.65735572192266e-06,-1.12128695367705e-06,1.26289078885951e-06,-8.22805482312114e-07,-9.08062058640183e-07,1.50037453675402e-06,-1.98270210697301e-06,2.62743501513872e-06,-2.80675247707777e-06,3.06657770410261e-06,-3.63588229796713e-06,3.91239010294705e-07,7.3649843508578e-06,-9.5539877612541e-06,4.07726224563624e-06,1.15516320739517e-06,-2.31432636997494e-06,-8.10453594023912e-07,3.63508361563113e-06,-2.51323371169606e-06,1.32115299927444e-06,-1.10999811282353e-06,-1.37045873593762e-06,4.66071511499081e-06,-4.45712907410393e-06,-3.36094565012727e-07,4.75898557271985e-06,-2.71767454969315e-06,-1.8884919981633e-06,5.85353821235423e-07,3.97635906143588e-06,-4.94229271488791e-06,3.52015896131797e-06,-2.61563534164444e-06,1.56713815763225e-06,-3.96182944498402e-07,-1.55400163563843e-07,1.62178244687049e-06,-3.09742391189668e-06,2.71196575833965e-06,-2.1417968948243e-06,2.25456445434283e-06,-1.73164204955356e-06,1.12102976201321e-06,-1.40607135402544e-06,3.48256332334358e-07,2.61376343551905e-06,-4.02650282064199e-06,1.14363013965982e-06,1.91451679747649e-06,-2.12994879324553e-06
1.33011419904177e-06,3.8415012347257e-06,-6.80516198638108e-06,7.583130297568e-06,-7.10177973097845e-06,5.9080509523245e-06,-4.67142865972568e-06,2.1571606098251e-06,1.26804115909309e-06,-4.39869482435531e-06,6.9034198230823e-06,-7.69002988953137e-06,6.62770597254035e-06,-4.59648053984788e-06,3.0976822722256e-06,-2.2259246788637e-06,-2.97595361297069e-07,2.54372464607303e-06,-1.88787313689378e-06,1.15504025775025e-06,-1.43570419991214e-06,3.08698226860238e-06,-5.54468061053379e-06,5.95184626994457e-06,-3.54351762253707e-06,-5.2527038894109e-07,2.97728662596346e-06,-2.162731336873e-06,1.95522938880275e-08,2.47098998224019e-06,-3.49965050829828e-06,2.67489392798854e-06,-2.49685688705676e-06,1.84235019919133e-06,-5.21745502196081e-07,2.21913382620626e-06,-4.46549388829223e-06,1.9542456192571e-06,2.65470919316703e-06,-4.31312440609359e-06,1.77854508187458e-06,1.93514840544183e-06,-1.21410429911911e-06,-3.14981866744982e-06,4.81671943636863e-06,-2.95809547472814e-06,4.38614207999075e-07,1.9093892377462e-06,-2.91805605409967e-06,2.1448058223529e-06,-1.55429219289018e-06,1.51968928671603e-06,-1.76549450475833e-06,1.78246542701921e-06,-8.40611263264769e-07,8.27186685542479e-07,-3.19365115377006e-06,5.02871539628482e-06,-2.62343780699899e-06,-1.61352648266774e-06,2.5376889708321e-06,4.42631720762935e-08,1.78384196543711e-07,-3.15711300024186e-06
-6.19908650247082e-06,1.60638235703798e-06,1.56771327985843e-06,-2.66445123915392e-06,2.73440941602153e-06,-1.97318535310307e-06,1.32392666197165e-06,-1.11759357460617e-06,-3.44636002953879e-08,3.12095909296202e-06,-5.31877760407836e-06,3.6977996262775e-06,-1.45560143432051e-06,9.57132340865332e-07,-1.54532132158343e-06,2.4732922198579e-06,-1.33348456035673e-06,-3.0895302478044e-07,-1.12942086343139e-06,3.737321081023e-06,-4.07714339432694e-06,-5.62518224697681e-07,6.30642508020582e-06,-5.46682050806113e-06,3.21621385246291e-07,2.92740397290697e-06,-3.20981923724519e-06,2.47088702113558e-06,-1.58051003678619e-06,-1.33513823931864e-06,5.25834341652891e-06,-6.77695921740106e-06,5.80767397466872e-06,-3.39342196678504e-06,1.21212482134303e-06,-2.50873594381281e-06,4.15206761900688e-06,-1.12053204947258e-06,-1.55862969095912e-06,-8.11938559402184e-07,4.17354395132696e-06,-4.8652161918433e-06,2.8603611712449e-06,4.77934385956765e-07,-1.56632246000722e-06,-5.20373722055305e-07,2.73337794857372e-06,-3.35024424989e-06,2.84255278660788e-06,-2.493301594568e-06,2.19302454311476e-06,-1.59654245226929e-06,1.5633349020378e-06,-9.08605864523784e-07,-3.40189486224292e-08,-1.34355396338818e-06,4.39217010554038e-06,-6.1153311449845e-06,4.08546882028125e-06,-5.36874098473782e-07,-3.13620914853586e-07,-4.69525724391844e-07,-2.49233911815778e-06,7.07939856484704e-06
4.58356362761362e-06,-4.28737559168098e-06,3.40666990680785e-06,-1.90768978809116e-06,1.11754919903844e-06,-1.06936583438165e-06,3.36317649236711e-07,1.60206571709427e-06,-2.64289560765864e-06,3.11965469672613e-07,1.70795651521706e-06,9.67710639066198e-07,-3.6162467311222e-06,3.04230699355312e-06,-1.10507373315618e-06,-1.30826211992433e-06,1.69301815392552e-06,-5.6283894563902e-07,2.13665710844832e-06,-5.78505584286209e-06,6.57871770526202e-06,-8.72287291300747e-07,-6.06884121020366e-06,5.22552183482335e-06,-2.69084137996805e-08,-1.57602259422874e-06,6.65038599805908e-07,-1.05421336107876e-06,2.22454011642725e-06,-1.51253200295475e-06,-1.17326547133383e-06,2.92263558309903e-06,-2.97299501951943e-06,2.48106376850869e-06,-9.3046852585494e-07,5.97197121141089e-07,-2.08730659906527e-06,1.66547171882046e-06,-1.83636438859659e-06,5.45426199321749e-06,-7.50707628875556e-06,5.27876477966446e-06,-1.98292832318353e-06,-3.60390977461063e-07,-1.58356261619313e-08,3.56299253413602e-06,-5.74461541692541e-06,3.04370884171833e-06,1.23363884301764e-06,-1.55451962876111e-06,-1.32503836001574e-06,2.40497124643145e-06,-7.70326921373402e-07,-1.47950326864298e-06,1.7553817390245e-06,6.6959389831634e-07,-2.99406141078825e-06,4.1974471469179e-06,-3.73745569227924e-06,1.44494698256046e-06,2.28011507400537e-07,-3.979325829936e-07,1.65822566919868e-06,-3.93631738117081e-06
-9.05884130399122e-07,3.11344149093919e-06,-2.73946523033583e-06,2.90390515426522e-07,4.97256780333612e-07,3.38328522497221e-07,-1.11834602611944e-06,1.08908852289736e-06,-3.52397304067045e-07,1.04973770144394e-06,-1.3308381930541e-06,-1.51884925960285e-06,2.92338473685655e-06,-1.21336520028093e-06,-3.41193007968855e-07,3.61137856896556e-07,1.73485500351612e-06,-4.46282556952777e-06,3.8720710262187e-06,6.42043799683105e-07,-3.71390365564316e-06,6.10835067899928e-07,4.84917854183902e-06,-4.61692823096736e-06,-6.93255562974273e-07,3.80858375593697e-06,-2.61636216194595e-06,1.27033951885672e-06,-2.525716084906e-06,3.79632925589334e-06,-2.38768413562984e-06,1.30993622813255e-06,-1.83843809869712e-06,6.26489379792524e-07,-5.73582778795008e-08,1.62101695264296e-06,-2.43892036453184e-06,2.56083601916262e-06,-7.49172756061974e-07,-2.17264538222208e-06,1.54659445586909e-06,1.42824310543085e-06,-2.85741874256195e-06,3.06662834613887e-06,-8.79351063246574e-07,-4.90927945624917e-06,8.43106468680192e-06,-4.26786738059115e-06,-3.4015130934353e-06,6.0648700343099e-06,-1.72494851051601e-06,-1.83570354334747e-06,3.54702260609253e-07,2.1108671910446e-06,-2.95874355049071e-06,1.73385584081443e-06,-1.35259225236326e-07,-7.96624936457526e-07,9.03979801456234e-07,1.07888509770302e-06,-3.35445438114532e-06,2.49956207359236e-06,2.47594494027668e-07,-9.12574262789511e-07
1.28775983263112e-06,-2.30075751211688e-06,2.9569255800427e-07,2.65355421812413e-06,-3.61411860887771e-06,2.65095861634889e-06,3.61010720063165e-07,-4.38258747137161e-06,5.45566793651882e-06,-4.05358122729192e-06,2.17207213782229e-06,-3.49034485489224e-07,1.48640648610992e-06,-4.69331755403959e-06,5.45591421755653e-06,-2.34293993043022e-06,-3.48351539023323e-06,1.00317451828033e-05,-1.18452018459035e-05,5.92271804648009e-06,3.10426059246951e-07,-6.32057491120876e-07,-2.42006387356845e-06,3.67000157036493e-06,-1.59942181457258e-06,-8.58155934459508e-07,1.05633048341676e-06,1.17311882749961e-07,3.87715452578821e-07,-1.30806719346073e-06,-6.10945341318005e-07,1.28730769655374e-06,1.36561833025078e-06,-1.53159948805596e-06,1.5792917851265e-07,-1.71595451669846e-06,5.46156646441846e-06,-8.41977847867835e-06,7.42877175105578e-06,-5.15980903204972e-06,6.15625352183138e-06,-7.09035368477548e-06,5.43305445705934e-06,-4.20268234507531e-06,1.3408555224957e-06,5.58802658498869e-06,-1.02932655329241e-05,7.58049182236313e-06,-5.46306557650242e-07,-4.54997438843576e-06,3.27327555359812e-06,1.8655196994228e-07,-7.41953877911865e-07,-1.76922192512758e-07,2.36222156508359e-06,-3.6593068203136e-06,1.78858131392429e-06,9.98228958315906e-07,-1.63926046623727e-06,-7.04846578121918e-07,3.17387240624471e-06,-2.34583776030525e-06,-6.20551658294285e-07,9.94030378332347e-07
-1.50242129732112e-06,2.00677087926385e-06,1.25039094042227e-07,-2.82941928613278e-06,4.80606468261769e-06,-4.91770421068618e-06,2.09521754097594e-06,2.05949483537139e-06,-3.13023871166893e-06,1.77856238900014e-06,-1.05652320487887e-06,1.14241297784738e-06,-3.29709008187364e-06,6.73607459120802e-06,-6.75586087313461e-06,2.46245780372158e-06,3.33606519517503e-06,-1.00970959785393e-05,1.27608678285772e-05,-6.99538672223741e-06,5.55158674375461e-07,1.18335003393306e-06,-9.19090967420912e-08,-1.67308324090843e-06,1.27915676535923e-06,1.65944290956687e-06,-2.79114775820984e-06,-1.63903911092097e-07,3.32831250314705e-06,-5.30856464126437e-06,7.28989639305684e-06,-6.59989616901896e-06,2.68842252984265e-06,1.32329514466077e-07,-4.39495414855547e-07,6.64295340989705e-07,-3.37166854887426e-06,7.35565564476516e-06,-8.60716403522988e-06,7.11981056433868e-06,-5.44166982039273e-06,3.13227536499938e-06,-1.33018237458577e-06,2.42027405793862e-06,-1.3228471996382e-06,-4.62677453187132e-06,8.63593026213323e-06,-7.86024517868337e-06,4.72391245655081e-06,-7.9067124968794e-07,-9.28084570908847e-07,2.93230762226778e-07,5.59023718178974e-07,-8.54392357360074e-07,-1.52861717800867e-06,4.26890273930938e-06,-1.834521685411e-06,-3.94521442315459e-06,6.5097137227983e-06,-5.23256008844992e-06,3.72122072031758e-06,-3.46945555543755e-06,3.8531798574336e-06,-1.88068346065351e-06
-1.3635946723876e-06,-6.71806897413824e-07,-1.16972935391635e-07,2.49380684191695e-06,-4.44856991538513e-06,3.51456946173224e-06,-1.28917309421919e-06,1.10062580491689e-06,-3.28641602703839e-06,3.68322481299522e-06,-1.0891490049231e-06,-1.30837649595732e-06,3.32959216198429e-06,-5.10108951570527e-06,3.41798445814475e-06,1.09505306795761e-06,-3.97503766628065e-06,6.26420914054752e-06,-7.58598660256543e-06,4.65365736203962e-06,-6.1474291690413e-07,-2.22965994843041e-06,3.9822284026698e-06,-3.36692565033858e-06,1.90708225802635e-06,-1.95535850551772e-06,2.27549930722305e-06,2.81803632214635e-07,-5.72665094152544e-06,1.07597415681757e-05,-1.14573419349505e-05,8.56319946946157e-06,-5.47352608652714e-06,2.22205180146567e-06,3.74607515706337e-07,-5.54174067830275e-07,6.50289866832494e-07,-3.30680904007617e-06,6.63116003144395e-06,-6.33557760798191e-06,1.57788319311692e-06,3.5252572450324e-06,-3.85654347450314e-06,-7.26723147663023e-07,1.89529536884652e-06,2.70771662647963e-06,-4.83343669171041e-06,3.27731630049354e-06,-2.29952054076594e-06,1.48225888761197e-06,2.40127248188546e-07,-1.14123758786112e-06,-6.05039242219054e-07,2.9832267373865e-06,-2.0947126829095e-06,-9.48366702843132e-07,7.0326049887706e-07,3.65143605888413e-06,-7.67996996614231e-06,9.90222688932732e-06,-1.08197101829566e-05,1.05932053656622e-05,-1.00265835775993e-05,6.54604080057567e-06
2.5430301299237e-06,1.24317246425583e-06,-1.05585942199309e-06,-1.33225646596146e-06,2.65811838457501e-06,-3.55459153037262e-07,-2.50209987105073e-06,8.03737461283456e-07,4.142824064047e-06,-6.04917160259012e-06,3.82993258137365e-06,-6.11788457203283e-07,-2.56913588317047e-06,3.67051521683747e-06,-4.93011767011599e-07,-4.08787311868969e-06,5.29915741647382e-06,-4.03590751236838e-06,3.47064241950687e-06,-3.19169387692807e-06,1.44504417763838e-06,3.42390653430911e-06,-8.85288203419059e-06,9.51361034029214e-06,-6.43010681233963e-06,3.46411552539558e-06,-1.9841933064019e-06,-2.22073069311645e-07,5.94617243954101e-06,-1.13529064402171e-05,1.05660590528414e-05,-7.21379411823545e-06,6.31266848989894e-06,-5.31679597125958e-06,2.21252838781392e-06,6.73291580270859e-07,-1.71149935864245e-06,3.69065839052912e-06,-7.83912777025861e-06,8.55341162795446e-06,-2.33714565400813e-06,-4.78549444706974e-06,5.01260394130751e-06,8.5676822365903e-07,-2.77421414865325e-06,-1.62877398069727e-06,2.6570055383037e-06,1.10650325953829e-06,-2.82892363333213e-06,2.36110558845676e-06,-3.64792779262134e-06,4.00203266233035e-06,7.70808237070187e-07,-6.91236339610423e-06,9.10215999928796e-06,-6.59958487352695e-06,1.75489228474514e-06,7.73815676327678e-07,2.30907794884458e-06,-8.01430089865484e-06,1.12744803731145e-05,-1.24742805921061e-05,1.29974068056631e-05,-9.23278767572117e-06
-5.18552635399882e-07,-3.96057225248594e-06,2.89519765340584e-06,-5.26528429980465e-07,-7.95466023012049e-07,-3.29447529114472e-07,3.9696726726959e-06,-4.61257636942751e-06,1.79723671264604e-07,4.50236869699713e-06,-6.66085040775673e-06,6.08653523635705e-06,-2.15656207044569e-06,-7.58724943500152e-07,-1.54366382113406e-06,5.1174343385517e-06,-5.73154326615111e-06,4.0951507442795e-06,-2.60533534156328e-06,2.52122558622431e-06,-1.40208166951273e-06,-4.03209191410175e-06,9.71585352961686e-06,-9.33604813189027e-06,4.02694557657647e-06,2.17174694784844e-06,-4.69961325382358e-06,4.40266460894803e-06,-6.53354209888584e-06,8.46370202892252e-06,-6.21787758641233e-06,4.1296535401134e-06,-4.88787308208278e-06,6.52099181692966e-06,-6.16587456112638e-06,1.50113714283435e-06,3.77302968688105e-06,-6.75150615569032e-06,8.85602339329189e-06,-8.57929951726168e-06,3.81405741423217e-06,2.24019996204525e-06,-4.02817372012367e-06,9.82060837981181e-07,2.55637310285495e-07,2.64479912760594e-06,-2.1388149118403e-06,-2.80508753439594e-06,5.05163640301793e-06,-4.7364170775036e-06,6.61390644723952e-06,-7.1349355627596e-06,1.13923149870805e-06,7.3490669469649e-06,-1.2469138328695e-05,1.14958004763608e-05,-4.24884874350988e-06,-2.76302075183197e-06,2.33708077967868e-06,2.24727666168914e-06,-5.66942433446881e-06,9.33002143997999e-06,-1.19648056585196e-05,8.3513680346002e-06
-1.94459582279748e-06,4.72895015377059e-06,-2.62863115555547e-06,1.39648388524161e-06,-5.07299268483346e-07,-6.99681954633655e-07,-1.7069038369358e-06,4.57018411900408e-06,-3.12816451285687e-06,-1.75579628527097e-06,7.76899697624099e-06,-1.10053464928279e-05,7.8722748395409e-06,-3.20068086524352e-06,2.91808683599779e-06,-3.36682599171553e-06,2.75102373481339e-06,-3.59057417654033e-06,3.99122559720131e-06,-2.69237543871919e-06,6.12231964659398e-07,2.54100514807133e-06,-4.53912668771835e-06,3.310041441291e-06,3.42993172628726e-07,-5.85158892733848e-06,9.04863238172157e-06,-8.07740004159431e-06,6.96983695196051e-06,-5.04266970789801e-06,7.53925305765716e-07,1.19988612798902e-06,3.5172571306743e-07,-4.33623660745144e-06,8.43573893331718e-06,-5.03649754755403e-06,-3.79725478004672e-06,7.97231633977444e-06,-5.60841842077309e-06,2.17731982204548e-06,-1.0656117657306e-06,1.12027692565542e-07,2.35274203485e-06,-3.95571711637789e-06,4.40803826493583e-06,-5.20255664929125e-06,2.90302688629752e-06,1.93890976194163e-06,-3.37062117002594e-06,3.0512038571218e-06,-5.82948540548722e-06,7.91273299752648e-06,-4.02355925064348e-06,-3.41128441686295e-06,9.18101107038712e-06,-9.79998719054689e-06,5.72493311464406e-06,-1.76893217051239e-06,3.55386548943338e-07,6.49059219537835e-07,-2.64591709160355e-07,-3.96006489624513e-06,7.58596153643211e-06,-4.75008813526974e-06
1.46452574220018e-06,-1.18817597721504e-06,1.65953425161292e-07,-1.89655754530837e-06,2.57446552951329e-06,5.30038109108995e-07,-1.89488814419182e-06,-8.44917390276107e-07,3.71088258673752e-06,-1.02437212593465e-06,-7.23443531746083e-06,1.25660275854623e-05,-1.03729152805361e-05,5.87913170798429e-06,-3.12100529429561e-06,-5.75948901220241e-08,9.90045686671094e-07,3.35428105912322e-06,-6.38103455919089e-06,4.20284716052413e-06,-1.39270149417752e-06,8.14185986122719e-07,-1.20142686949178e-06,1.48786141152821e-06,-2.88922764468557e-06,6.17072150698933e-06,-7.53213599872546e-06,5.44734106954442e-06,-3.86061074598193e-06,2.04967243031135e-06,2.7106280606987e-06,-5.77680996725391e-06,4.18745017084912e-06,1.31972234237628e-06,-7.43248529800319e-06,5.9141429187811e-06,1.81903540280959e-06,-4.63505268068204e-06,-3.29225735853642e-07,5.25141211818661e-06,-4.21807032129965e-06,6.1328912382296e-07,2.80843008001007e-07,1.30254264370968e-06,-3.4649863896961e-06,5.32530382403235e-06,-4.10337707429519e-06,9.30224166088474e-07,-9.8654604828973e-08,-2.19625044069417e-07,3.57370471421474e-06,-7.03292085907889e-06,6.43580160816472e-06,-2.03785342382685e-06,-3.14260071465118e-06,5.21915670066517e-06,-4.62358009960205e-06,5.17910027300245e-06,-4.87498930560943e-06,8.79971394975027e-07,1.92064637338992e-06,-2.42287208337014e-07,-1.75275436381486e-06,6.53757224411956e-07
2.06796173995348e-06,-3.56519621662755e-06,7.44305227515059e-07,4.55379159995783e-06,-5.905309663765e-06,5.9079897357813e-07,4.69184222068416e-06,-2.72091185100042e-06,-3.10863918562105e-06,1.70359980936776e-06,7.43694856772635e-06,-1.26895853763918e-05,1.08647327303928e-05,-7.44216934222228e-06,3.72998107469038e-06,6.1289167915491e-07,-1.25757905129121e-06,-2.74229587323033e-06,5.42243898438501e-06,-4.14520932788667e-06,2.69268864915359e-06,-3.14557424593841e-06,2.85813817217545e-06,-1.56090226721005e-06,1.52705788634553e-06,-1.15779584208093e-06,-1.45332722628057e-06,3.1678562081269e-06,-1.29490224696386e-06,-4.12377401214439e-07,-1.8517922768128e-06,4.9713582678751e-06,-4.62045707518079e-06,5.14093701196116e-08,4.41778833341502e-06,-3.6420564788167e-06,8.39181861415526e-07,-1.8572356073573e-06,5.42667721720921e-06,-7.45785709757776e-06,6.19814574510591e-06,-2.53588311906159e-06,-1.54378130264473e-06,3.30950564764778e-06,-1.21033064001995e-06,-1.92331732324044e-06,2.72632097850648e-06,-1.97593845134882e-06,1.31666873217628e-06,-3.33860606351317e-07,-2.50873712488043e-06,6.27116567241073e-06,-7.91429711896292e-06,6.0437529748922e-06,-1.23992757701871e-06,-2.29546744717595e-06,2.19538621602719e-06,-3.1964506989268e-06,4.98820022688937e-06,-2.7938959524803e-06,-5.40539970365629e-09,5.88380783535232e-07,-1.32518098626935e-06,7.77887543592849e-07
-3.7746588429873e-06,5.0224412042021e-06,1.44816717997504e-06,-8.08562297429213e-06,7.12465494153829e-06,6.95566013878087e-07,-7.33048556808245e-06,5.55573244990846e-06,7.94588658166239e-07,-4.24179646082322e-07,-6.73814138241539e-06,1.05545634336146e-05,-8.96383384508863e-06,6.35149388115692e-06,-3.40916459909886e-06,3.78654035124423e-07,3.04086669307855e-07,1.27110736176157e-06,-2.68810337344595e-06,2.20094233936091e-06,-1.33269716872497e-06,1.96543686785954e-06,-1.83374025648756e-06,8.47906342051001e-07,-8.4727306491945e-07,-1.75536772625276e-06,6.63816636785958e-06,-6.33722542503975e-06,1.23662046055562e-06,1.91194867608324e-06,-1.85791315626822e-06,-1.59558017696161e-07,2.00849096647319e-06,-9.501720682948e-07,-6.98424731859664e-07,7.2620837630763e-07,-2.03690291215514e-06,5.1368224800478e-06,-5.98306490545089e-06,4.64775331733224e-06,-3.68562082211102e-06,2.74843557486208e-06,-3.11339983003898e-07,-2.00400194346412e-06,1.72787064467108e-06,-1.02470798311875e-06,8.32419212957862e-07,-6.82142875893159e-08,-1.41785842789957e-08,-7.09185548025849e-07,2.78250321693409e-06,-6.25515797439271e-06,8.27520787299125e-06,-7.24120673484836e-06,2.9359216779765e-06,1.24929880679929e-06,-1.19407589295341e-06,6.85015898496377e-07,-1.70956570706905e-06,1.29526771112185e-06,-1.49338449362765e-06,1.22905036363618e-06,2.21029333783415e-06,-1.843638158272e-06
2.02938801239561e-06,-3.4427153770949e-06,-2.94509989400035e-06,7.40795006823418e-06,-3.14733657229916e-06,-5.15494783028971e-06,1.00028679681988e-05,-7.42427026721356e-06,1.01292788863908e-06,5.31231683803411e-07,2.94184683515489e-06,-4.93026723455256e-06,4.41360308123614e-06,-2.8406208405055e-06,2.48519094073642e-07,1.51996435569011e-06,-1.02436421457704e-06,-1.40360235797209e-06,3.65307397544812e-06,-1.64429284348127e-06,-2.18624251897745e-06,1.90450189634151e-06,1.91730378168675e-07,-1.2049408600933e-06,1.94351911638715e-06,7.67148170978597e-07,-4.68829636424026e-06,1.9908008767093e-06,3.01872766824519e-06,-2.79833411167419e-06,5.35845968056766e-07,1.29958020298849e-06,-2.74471689713674e-06,1.89716187323475e-06,2.68338609864874e-07,-1.84933327927401e-06,2.6561055813742e-06,-2.69695577340269e-06,1.33351942285917e-06,-9.45646938143075e-08,1.12589487306952e-06,-2.96100673563844e-06,2.97421833698373e-06,-2.03318074139147e-06,1.77637745946179e-06,-2.10871562052367e-07,-1.97122107831305e-06,2.43270084892315e-06,-2.89778757823935e-06,3.84051919239348e-06,-5.20194486939312e-06,7.3092410680622e-06,-8.29986573196284e-06,6.89506886086612e-06,-3.07750589110712e-06,-4.2477455588979e-07,3.91355032015754e-07,1.20096418597731e-06,-2.86909270818957e-06,3.50360225887402e-06,1.29684603192623e-07,-2.15256094943079e-06,-2.57703883085769e-06,3.73554204787018e-06
-2.10977320997551e-07,1.79679109129011e-06,2.11551768889156e-06,-3.41989868033469e-06,-2.17764573867421e-06,8.06225466784427e-06,-9.25143170161245e-06,5.73911538404509e-06,-6.45161168144354e-07,-6.07024101266469e-07,-8.15846815320649e-07,8.12521565960591e-07,-1.13802588516037e-06,4.66531088127782e-07,3.18039759977187e-06,-4.21121192308863e-06,1.10197190391269e-06,3.05686583381896e-06,-5.3065226717988e-06,1.11711513863367e-06,5.01911677571461e-06,-4.48884749720935e-06,9.65680134855128e-07,1.05524108565264e-06,-3.82076653702478e-06,4.52195396598209e-06,-2.51091271402485e-06,3.91900217406949e-06,-5.452059705888e-06,3.54636145188086e-07,6.60279076622319e-06,-9.20594408312592e-06,6.56650959611973e-06,-5.53362541012193e-07,-5.34456031263869e-06,7.79328966100392e-06,-4.70305711850906e-06,-4.78529253963762e-07,3.08987707285385e-06,-2.51478159246456e-06,-1.0219167737987e-06,4.22911507275805e-06,-3.40304895093981e-06,2.21570590766353e-06,-3.86264480687321e-06,3.34644032159879e-06,5.00634938175678e-07,-3.73287446848572e-06,6.70534609692598e-06,-7.95086417793165e-06,6.59042709009261e-06,-6.36948544089526e-06,7.36256096428436e-06,-6.20774750735465e-06,3.20138503379427e-06,-2.22336785492947e-06,3.80730529462736e-06,-5.51403338156588e-06,7.5023378245256e-06,-7.78968588337594e-06,2.36149947214549e-06,2.13266993973958e-06,1.31218164238762e-06,-3.65118477202151e-06
3.39719683743178e-06,-4.55606097948574e-06,7.24100681796327e-07,8.26760830392751e-07,3.70411280725334e-06,-7.30453623043973e-06,5.63619040870764e-06,-1.4895316578537e-06,-5.26469150913082e-07,-1.48261542059327e-06,3.16712741644389e-06,-1.48566177786532e-06,8.49461419709544e-07,-2.76825054874762e-07,-3.41551768745333e-06,3.29277274514783e-06,1.56313874643108e-06,-4.86633174089228e-06,4.51722517053946e-06,3.15318598620756e-07,-4.39250525986744e-06,2.44015723403579e-06,-1.56858054624306e-07,-5.13143190628312e-07,4.30434260021503e-06,-7.43330160831644e-06,5.85201147077729e-06,-4.94375317527933e-06,4.59182918170646e-06,7.71699387727382e-07,-8.26811316061924e-06,1.11474143954067e-05,-6.38341252185001e-06,-2.36765866826847e-06,9.38358331902288e-06,-1.0865244178011e-05,5.00270622436604e-06,1.66306875895894e-06,-2.48510867432179e-06,-4.6947228688737e-07,4.62797423344802e-06,-6.7339097047364e-06,3.13127640127442e-06,4.96445551465855e-07,1.43659613134922e-06,-2.19505674779609e-06,-1.07616894237239e-06,4.52851485204526e-06,-8.60283197819211e-06,8.45439498880866e-06,-2.72078209226467e-06,7.41717099029554e-07,-3.95640939385425e-06,5.26204372059255e-06,-4.56727295576419e-06,6.60189009294921e-06,-9.5847937754859e-06,1.01976685832658e-05,-9.84488498852256e-06,8.27580182209486e-06,-2.61987884070468e-06,-2.59130351899419e-06,1.51686386127826e-06,-2.89939474899861e-07
-1.01828820995075e-05,9.75555681697148e-06,-3.86304683502119e-06,-5.27345298294012e-07,-1.60904025560929e-06,5.18414774489692e-06,-3.42002055697586e-06,-1.58531336085656e-06,1.54490124709108e-06,3.86924571949153e-06,-6.46600711584489e-06,3.36155672246943e-06,-7.82444109946553e-07,4.04348486742844e-07,1.29285647430648e-06,-3.21336644271091e-07,-3.47792872340735e-06,4.31181000010613e-06,-2.55299351928152e-06,8.37211899863317e-07,-1.48118654273397e-06,3.36585204784501e-06,-2.07065893834734e-06,4.41616244225535e-07,-3.40893902673338e-06,5.9353079787601e-06,-3.3951575009562e-06,1.31490221419574e-06,-1.39409759520496e-06,-2.20724659154554e-07,3.6245822080212e-06,-6.32578194676082e-06,4.08570579995915e-06,1.73049838145942e-06,-6.17296884831802e-06,6.46973790196293e-06,-1.86051782595008e-06,-1.36078109807236e-06,-1.25865729890892e-06,5.85739121267408e-06,-9.38592420281654e-06,9.95034476542511e-06,-4.56565294257705e-06,-2.16083991863637e-06,2.97954142190742e-06,-1.48976469268959e-06,1.20517113281716e-06,-2.47337331954471e-06,6.20688925823711e-06,-4.28496271965359e-06,-4.11407624285043e-06,6.6738927456018e-06,-1.35268918620947e-06,-3.25216083057304e-06,4.97120400215612e-06,-7.46994503316276e-06,9.69604099779614e-06,-9.01132934180742e-06,6.85597903209072e-06,-3.91958997012385e-06,-6.79246257835688e-07,4.16965044453147e-06,-4.81562555862736e-06,6.67668011297107e-06
1.23346911504117e-05,-9.59565511239486e-06,3.92660475953677e-06,6.26721467974738e-07,3.32624742641077e-07,-4.48968762877801e-06,3.3091965068911e-06,2.90788950075201e-06,-3.02517758180523e-06,-4.03735261347916e-06,7.46073460107924e-06,-3.25797084370733e-06,-8.84243064028672e-07,1.00368787941827e-06,-6.72007541230121e-07,-7.82627731736765e-07,2.80908954918531e-06,-2.36854569695403e-06,2.53172730755102e-06,-5.75418400156536e-06,8.39246235027549e-06,-6.40557701312255e-06,1.18291027787832e-06,1.94200479563928e-06,-7.84979042332527e-07,-1.45864668196042e-07,-2.04460629356143e-06,2.96467773967431e-06,-1.94496259666435e-06,1.29034179489448e-06,-1.43249746215696e-06,3.25728846745843e-06,-3.68816183443696e-06,1.81839545555532e-06,-4.16122407404782e-07,-7.49095373137055e-08,-6.0700076547492e-08,-1.11586986569691e-06,4.39606977317635e-06,-7.48851411838527e-06,9.57200371646728e-06,-9.80649418840626e-06,4.89951666399063e-06,2.42730013093442e-06,-4.86941649626079e-06,2.19196054657778e-06,2.31113304640758e-06,-3.55242935066541e-06,-1.38965757969747e-07,-4.57202511144213e-07,6.787930877091e-06,-8.32636896961617e-06,2.66421768356187e-06,2.52621793579861e-06,-3.38049431525203e-06,3.30554323962832e-06,-3.49464678280301e-06,2.46967752463026e-06,-1.25013791643603e-06,-4.73671488163024e-07,3.12808316242003e-06,-5.18561719543579e-06,7.539499842353e-06,-1.09619652905724e-05
-1.055132010792e-05,6.11815854835994e-06,-1.91230879435707e-06,-4.79188755117699e-07,-1.44503470544032e-06,5.83450405302017e-06,-4.61923377504101e-06,-2.23283360997753e-06,4.1926078577607e-06,1.02226763992919e-06,-4.13536992406189e-06,8.20516357849917e-07,2.55227164506947e-06,-2.32215244762701e-06,1.32505583487165e-06,1.70035647762935e-07,-2.212702503401e-06,3.9886745062682e-06,-7.80557543507069e-06,1.21601596378772e-05,-1.04990565226342e-05,3.01964703514741e-06,3.24968134408675e-06,-5.23344661663365e-06,4.14017013054651e-06,-3.12053103851875e-06,4.00443016699374e-06,-3.81054115729955e-06,2.88406381477024e-06,-3.162473946414e-06,3.48825546135006e-06,-3.69668915960504e-06,3.08630110174083e-06,-1.98083948264501e-06,1.9931307469791e-06,-1.20105965144465e-06,-1.4640839258011e-06,3.57009496690278e-06,-4.35758617744476e-06,4.8618487755686e-06,-6.02815395519504e-06,6.3217976326778e-06,-2.52761036217935e-06,-2.50320490199381e-06,3.61779483409165e-06,-9.68944505220249e-07,-3.72968548068105e-06,6.68109142994271e-06,-4.59789776635934e-06,2.72803525709797e-06,-4.89487109275961e-06,5.04009119125358e-06,-4.15781691860844e-07,-2.6452735583213e-06,1.26977035050766e-06,5.27360004683031e-07,-1.68957072394158e-06,2.64681970911349e-06,-1.96172822622775e-06,1.22879046201259e-06,-1.73884272014521e-06,3.812700893221e-06,-8.45679981629676e-06,1.20903703587979e-05
9.8565193852886e-06,-5.4389693107172e-06,1.56880128063192e-06,6.51295409519291e-08,2.3177089993822e-06,-6.17551833646338e-06,5.1653881824197e-06,4.09474187201295e-07,-3.40752344247664e-06,1.94533592168219e-06,-8.45680673428506e-07,2.18360342330192e-06,-2.79881016315487e-06,1.58253793280634e-06,-1.05409098399685e-06,7.3080414980464e-07,2.04580235985912e-06,-7.56887166658268e-06,1.42145929467562e-05,-1.60858712991873e-05,8.82066343726125e-06,8.64477369291063e-07,-5.01664165104509e-06,4.97197666020661e-06,-3.2394880697081e-06,1.44879131170842e-06,-1.37755683282255e-06,1.31751667470553e-06,-1.91559390507728e-06,4.31158346655023e-06,-6.17625583991876e-06,5.72510995602011e-06,-2.84810455862472e-06,-2.58145804767045e-07,7.23005200241628e-07,-4.21247831507364e-07,1.61540208613143e-06,-1.90678329358449e-06,3.29197067582567e-07,2.07789136253986e-07,2.0586014711547e-06,-3.20729316724762e-06,5.29896718497389e-08,2.70827898063458e-06,-1.89033114139126e-06,4.92980797688972e-07,8.7520005311511e-07,-3.61028131044573e-06,4.81930596571645e-06,-3.99613987695664e-06,4.94667685279981e-06,-5.4055576858957e-06,2.75013652319435e-06,-7.70777993903583e-07,2.82143243127567e-07,4.65563945454422e-07,5.78884549957491e-07,-2.80528503537338e-06,3.18586367856086e-06,-2.09283105308047e-06,5.80960132375652e-07,-1.67805774736013e-06,7.38932797566691e-06,-1.16586726205926e-05
-7.77330609223275e-06,5.5927583828936e-06,-2.01201503268181e-06,-3.34929185401101e-07,-1.34992572714564e-06,4.0720564976726e-06,-3.16054087169418e-06,1.23306151315676e-08,1.15907320923409e-06,-1.02523311962893e-06,1.54487079254986e-06,-1.90108513248828e-06,1.12042806614421e-06,4.08120370214812e-07,-2.79931759900657e-07,-1.10569631942642e-06,-5.85095797007462e-07,6.58800976685086e-06,-1.31925232043331e-05,1.37917033582637e-05,-7.10550349378822e-06,3.52539862778915e-07,2.04937723485183e-06,-2.58710731199989e-06,1.76192243707432e-06,4.07215308612856e-07,-1.47075456802893e-06,1.22018278266658e-06,7.93075078577228e-07,-4.05919294360019e-06,6.36339774088744e-06,-6.77169290212584e-06,4.24857978692424e-06,1.35805491436354e-08,-1.48841419397909e-06,5.62130047609877e-09,8.69586178957199e-07,-8.8120106807443e-07,1.70634497382637e-06,-1.76892724513823e-06,-9.85856841912646e-07,2.13792995311375e-06,9.14392065605016e-07,-2.39355748453433e-06,5.951585348612e-07,1.67924017821784e-09,3.55619032950327e-07,1.66530416177188e-06,-4.46050181742756e-06,5.4176710903446e-06,-6.13914542227509e-06,6.95272468758678e-06,-5.97579433576422e-06,3.49749574651598e-06,1.52215694521783e-07,-3.60339593195077e-06,2.93369571412074e-06,1.00928690763668e-06,-3.58939904484435e-06,3.0319421207847e-06,-3.7405908953136e-07,-2.97335189615973e-07,-3.70070702442013e-06,7.67147852852977e-06
1.55148710305898e-06,-2.48908111836758e-06,-4.80517097062619e-07,2.80487294447456e-06,-2.21722861152967e-07,-3.27131615895384e-06,3.11862377866727e-06,-1.57755511802138e-06,1.93646894700718e-06,-2.16303939814208e-06,1.36732628295604e-06,-1.54291771427564e-06,2.28409577972962e-06,-3.38138850109618e-06,3.57222034356456e-06,-1.35724955086778e-06,-4.07497890275963e-07,-1.29573772692102e-06,4.7895850013409e-06,-5.96129626991456e-06,4.48441672419403e-06,-2.94137662083719e-06,1.64653232640624e-06,4.9792477038632e-07,-1.46239279675254e-06,-2.99533971852463e-07,1.96663088476975e-06,-1.7903048153247e-06,3.40024873678204e-07,1.64273420227667e-06,-3.90281135771848e-06,6.15604919380846e-06,-6.1786949314275e-06,3.07308705912379e-06,-7.02522730819681e-07,5.90189962200104e-07,-1.81440484014948e-07,-7.6221426877793e-07,7.08542856048265e-07,-5.27055757297578e-07,1.81195963180561e-06,-1.31616387313145e-06,-2.004476057084e-06,2.35717098199682e-06,2.27074434448767e-07,-1.18919662683497e-06,1.78846133882401e-06,-3.56877833694088e-06,5.06783725428738e-06,-5.20354803614157e-06,4.50590786386269e-06,-4.2052798193112e-06,3.17873809347188e-06,-7.75650388585132e-07,-1.8280854334488e-06,4.15373581698456e-06,-3.6546235260772e-06,-2.22329334946017e-07,2.62311734550519e-06,-1.40527038844105e-06,-1.20063342214872e-06,3.25093051182478e-06,-3.44813205865338e-06,1.40369126727463e-06
5.63965665069893e-06,-2.96558604453789e-06,4.52412216956991e-06,-4.42897634860715e-06,-5.1538634581796e-07,5.98063136075001e-06,-7.36122062110802e-06,5.68600054517804e-06,-4.46686859223936e-06,3.92851176138436e-06,-3.21444333158207e-06,3.04725055036664e-06,-3.20680673191194e-06,4.770235535632e-06,-7.48234188075823e-06,6.89332864432646e-06,-2.01286472194751e-06,-2.0806747125985e-06,2.24991007386618e-06,-8.86888660432326e-07,-2.60436864566722e-07,1.70953913276218e-06,-2.1275221874714e-06,-9.57863919609335e-08,1.76866220908434e-06,-4.34601579024929e-08,-1.62286298502464e-06,5.62739683390858e-07,8.92996421489583e-07,-1.34991799138004e-06,2.69067557390632e-06,-5.19429692631134e-06,6.13731501356963e-06,-4.19738586415102e-06,1.84196779493265e-06,4.92253662885514e-08,-2.48856045579215e-06,3.01044723507866e-06,-7.19700075649559e-07,-1.43157481672805e-06,1.45955651363641e-06,-1.55917535326246e-06,2.92389775562644e-06,-1.5051720927686e-06,-1.86611269510642e-06,2.85674611205819e-06,-2.76011298029441e-06,2.60095969407228e-06,-1.92720331956926e-06,1.41405940001628e-06,-9.96489443219317e-07,2.54819887250041e-07,1.71816122293175e-06,-3.69822615463974e-06,3.1359861399419e-06,-2.41927945252765e-06,2.10224881455932e-06,5.00744341294088e-08,-9.6681544650684e-07,-1.27609942971628e-06,4.17850867453135e-06,-7.41647673776519e-06,1.0961046496847e-05,-1.05132181654958e-05
-9.9581470244671e-06,7.06051450888617e-06,-5.4035925283807e-06,2.16320576204339e-06,2.99825660938383e-06,-8.07892190225446e-06,9.90781592046919e-06,-7.43556721439764e-06,3.86465820215389e-06,-1.90083286738411e-06,9.44727966104786e-07,-5.15759196165968e-07,8.65719950395803e-07,-3.66591242328961e-06,8.80526843319103e-06,-1.04014155102486e-05,5.24003683952843e-06,1.28586690160234e-06,-3.25904653956529e-06,2.74526221739519e-06,-2.98423136349598e-06,2.24952471661788e-06,-1.41932403731864e-06,3.44524191487309e-06,-4.79991789446379e-06,2.45651577243286e-06,-4.44368572418228e-07,1.78478670113035e-06,-4.3688142859904e-06,4.93555467571495e-06,-4.13032880821143e-06,3.84569519330442e-06,-2.83563905966366e-06,6.09890144529053e-07,1.74916328868773e-07,-5.10952175398117e-08,1.20604370008554e-06,-2.62964865672098e-07,-3.65328192635594e-06,6.64395823906312e-06,-6.53684745359019e-06,3.92025271682902e-06,-7.18395955251051e-07,-3.08187959510652e-06,5.84977056229794e-06,-4.76739549972461e-06,1.75602838006856e-06,1.07950823879921e-06,-2.99224192497929e-06,2.36558640388727e-06,-5.11324486739977e-07,1.0656252811334e-06,-4.24017459328335e-06,6.06748153580274e-06,-3.12989765605887e-06,-4.37744964764189e-07,1.11623105158642e-06,-1.2802533155049e-06,2.95235697931285e-07,3.05217279478049e-06,-6.44486823936998e-06,9.06215394171678e-06,-1.22330287416289e-05,1.31252787586845e-05
9.56815736410913e-06,-6.41197059046685e-06,2.13959700441412e-06,5.24141788666818e-07,-2.46570003272566e-06,5.82696475245844e-06,-7.97015828619842e-06,5.84810426501043e-06,-1.36086534137574e-06,-2.21460432807205e-06,3.30556687096241e-06,-1.57868556364925e-06,-1.28080612758142e-06,4.36922314888272e-06,-7.84672315670486e-06,8.76819976650816e-06,-5.40624287703991e-06,7.3680590639014e-07,1.48319402215322e-06,-2.73723060685918e-06,5.0090606653904e-06,-4.80799745182494e-06,3.16300088241269e-06,-4.76911229733892e-06,5.73583703685692e-06,-2.63354603265155e-06,-2.04025655215302e-07,-3.35882343018219e-07,3.471850864269e-06,-5.40753976733574e-06,4.05009386028402e-06,-1.64156066025589e-06,-8.52361103839241e-07,3.02472451077537e-06,-1.78097891984927e-06,-1.43058486603927e-06,2.64510844380272e-06,-4.29340336398007e-06,7.48178907051912e-06,-9.43167416585049e-06,8.35526574511951e-06,-3.58110185095745e-06,-2.94879448580826e-06,8.0673889605268e-06,-8.94944459814505e-06,5.63757588675487e-06,-1.9460685444623e-06,-8.7958615489306e-07,2.5925630880081e-06,-8.65251738808064e-07,-1.51350355513422e-06,-7.8263513810095e-07,5.02283666382545e-06,-5.82763895122042e-06,2.36507505361129e-06,1.45260937606527e-06,-3.21612078955913e-06,3.53120775169495e-06,-1.22379942875313e-06,-2.91061879926084e-06,5.22069148762351e-06,-4.76303565438072e-06,5.69999214264509e-06,-8.88144032837552e-06
-5.87408490248173e-06,3.824600682044e-06,-1.00758070070307e-06,1.42564067148636e-06,-2.03377934029537e-06,-1.1889753047699e-06,4.84216269700946e-06,-4.31048640813475e-06,6.23502078336254e-07,3.21125111215957e-06,-4.56690418961732e-06,1.3628422858643e-06,4.13343157908892e-06,-7.55950395761387e-06,7.90038749334318e-06,-5.88688617865139e-06,2.86847032252509e-06,-4.72041363328203e-07,-6.24941855065166e-07,2.59785725775457e-06,-5.82804677694318e-06,4.35500082669998e-06,2.10409755530657e-07,6.02298601737929e-07,-3.68437739040614e-06,2.4848149309131e-06,1.21049143760753e-06,-2.87536077895994e-06,8.23354946093019e-07,1.66405370453774e-06,-1.33778766865987e-06,-5.89661781558058e-07,2.47568044476564e-06,-3.31679231782326e-06,3.67804704918124e-07,4.30331807342707e-06,-6.41653436781604e-06,7.30776043700877e-06,-8.44303712393065e-06,9.47532847891495e-06,-8.08704067026585e-06,2.5140040571967e-06,4.25987987519056e-06,-8.61622680527474e-06,8.39173275192019e-06,-5.40949750112522e-06,4.14183733545811e-06,-3.69194519214738e-06,2.82568041637282e-06,-3.65903004506938e-06,3.31068032566682e-06,1.4557331676099e-06,-4.96579870612371e-06,4.20900352378953e-06,-2.68037728159121e-06,9.77288731669499e-07,2.40562067920417e-06,-4.87633442165187e-06,2.97774511704567e-06,9.01824605096648e-07,-2.18686525740341e-06,-2.23666907164428e-08,5.16750628469093e-07,3.30042785643609e-06
4.6217024654728e-06,-4.81426814836752e-06,4.38226917393856e-06,-4.86517352110418e-06,4.71261906835434e-06,-1.26961262470095e-06,-2.98076063673356e-06,3.90293880407126e-06,-2.05362255867072e-06,-8.65839454530551e-07,3.20225612429802e-06,-1.32188199775788e-06,-4.85933608574945e-06,1.01543128694668e-05,-1.03843924810193e-05,5.96192453394027e-06,-7.34344121991365e-07,-1.71986968537102e-06,8.49872235725904e-07,-4.74887396643738e-07,2.66315025390682e-06,-1.19093335861772e-06,-3.78129752906966e-06,3.30350994663556e-06,-1.65785706287296e-09,1.52997465017162e-06,-5.38839256687223e-06,6.26940726519516e-06,-3.97187663469442e-06,1.67500405547994e-06,-1.48908751078514e-06,2.37444958419707e-06,-3.07545921206943e-06,2.61077288705625e-06,1.44509041835949e-06,-6.7724104897694e-06,9.10488971442991e-06,-8.57967545532963e-06,7.36959110409675e-06,-7.83831869448345e-06,7.09530922239703e-06,-2.47582729316676e-06,-2.17908322317948e-06,4.82384545649343e-06,-5.21847363172652e-06,4.28953641870292e-06,-5.2905438229924e-06,6.95269910498934e-06,-6.88630239460141e-06,6.09975078929696e-06,-3.3571006377902e-06,-1.72694481086174e-06,3.61765354575691e-06,-2.25158153173573e-06,2.09120469869521e-06,-7.42839598488114e-07,-3.7657961378007e-06,6.82344287965446e-06,-5.34243583677156e-06,1.25783284472625e-06,1.50898243160766e-06,-8.04345420492855e-07,2.78037296148361e-07,-2.52765423065427e-06
-6.16515172558686e-06,5.48099692170204e-06,-4.39508897315244e-06,3.55892105092447e-06,-2.85572685927779e-06,1.04423198467956e-07,3.67451162016643e-06,-4.72298585454886e-06,3.04831805774937e-06,3.67304925642915e-08,-2.97383335373044e-06,2.52060958913362e-06,2.24203215763974e-06,-8.2605449480447e-06,1.0077988713948e-05,-5.62458010331657e-06,-5.5604571226358e-07,3.78306897200259e-06,-2.19421251725358e-06,-1.73666049472222e-06,2.90393908497057e-06,-2.97049305406031e-06,4.16301567874053e-06,-3.05901463418673e-06,1.51004695927619e-06,-3.57674224155778e-06,6.78575927214178e-06,-7.47673884903269e-06,5.70492005581478e-06,-3.73072092882749e-06,3.24061337716732e-06,-3.58118003905971e-06,3.6973171809851e-06,-2.8564750849202e-06,-1.04437819634003e-06,6.21668364120763e-06,-8.38058035177683e-06,6.97640849578148e-06,-5.08974078387054e-06,5.48564591317926e-06,-5.28566891264398e-06,2.64709177306412e-06,-5.54566372420873e-07,-8.45562832554957e-07,2.08895487346257e-06,-2.37115907913746e-06,3.28018970276401e-06,-5.23343750378245e-06,6.40108414542804e-06,-6.18926629164588e-06,4.49268297837337e-06,-1.4911340454885e-06,7.90114458003139e-08,-7.2756797687271e-07,1.12503720533353e-06,-2.82789105703759e-06,5.95205931224655e-06,-7.16210331410626e-06,5.49619026823804e-06,-1.17094481281089e-06,-2.97451680172182e-06,3.80725009479778e-06,-4.09214405415306e-06,5.60438263785557e-06
5.59354666969368e-06,-2.07707653383074e-06,-1.78800135629878e-07,5.21570569304583e-08,1.16339491868204e-07,2.42649728786442e-06,-5.57751134856517e-06,5.23224462098296e-06,-2.20604082074922e-06,-1.26517353489464e-06,3.73580456809693e-06,-4.0612984602124e-06,2.0297033198531e-06,2.33928302692248e-06,-4.98712380736193e-06,1.91113309019807e-06,3.11494318234714e-06,-5.78042604318788e-06,4.07087251798363e-06,1.62588820901021e-06,-5.17133051080537e-06,4.04628659019417e-06,-1.88029788523132e-06,9.46382079708102e-07,-2.56791205932264e-06,5.93907368313057e-06,-7.9864883274435e-06,8.07396298914895e-06,-7.23883066106371e-06,5.42008733311288e-06,-3.48019967084892e-06,2.6688916556926e-06,-2.40934957076161e-06,2.18710360972778e-06,-5.70989517911144e-07,-2.74252177762499e-06,4.68396706448732e-06,-3.75337259328022e-06,2.78964663992031e-06,-3.69317626054943e-06,4.03564803658934e-06,-2.59779299446655e-06,1.01846763279753e-06,1.87581800555101e-07,-1.19766420895182e-06,1.37291734297713e-06,-1.07929414545612e-06,1.91216069818652e-06,-3.83713695543384e-06,5.12055501551246e-06,-5.67250620251076e-06,4.90005387120457e-06,-2.9512191141045e-06,2.3569222748662e-06,-2.72951531448841e-06,3.31955627665846e-06,-3.75495328836858e-06,2.95101558074085e-06,-1.58288796083071e-06,-9.76823346447773e-07,3.77009784077922e-06,-4.55586471397564e-06,5.33549694144882e-06,-6.71779259912618e-06
-2.4912052866029e-06,-1.28944399421514e-06,2.73338897682803e-06,-1.0101607545074e-06,1.01166420084203e-06,-4.2411400356939e-06,6.23378449862092e-06,-5.00651824307626e-06,2.96528570477801e-06,-8.82548701120796e-07,-1.53770884389218e-06,3.74096337253963e-06,-4.42422451021919e-06,1.72194439269562e-06,1.58302630341759e-06,-6.32972889914142e-08,-4.46102436973218e-06,6.71704511999018e-06,-4.60874229989214e-06,-4.04773698836111e-07,3.470146624182e-06,-2.37568614899721e-06,-1.15007341531764e-07,1.19058268264311e-06,-8.17562385942332e-07,1.59898139793182e-07,1.92681238458563e-06,-5.81716549416834e-06,8.58628031571706e-06,-7.49176077713007e-06,3.86550877974576e-06,-1.48913971068695e-06,9.39355599791512e-07,-1.69118789147484e-06,2.53162433560403e-06,-1.03855742367258e-06,-1.24685061385653e-06,1.3709659828225e-06,-7.21501951164511e-07,1.6022474518231e-06,-2.980377627624e-06,2.49555537409458e-06,-1.66056931373691e-07,-1.9449101468898e-06,2.67600511165219e-06,-2.04884263739744e-06,8.38603362365288e-07,-4.81570111353961e-07,1.20331011089603e-06,-1.98139852203392e-06,3.39027749616034e-06,-3.80604336446579e-06,1.93894550359659e-06,-1.11588270554943e-06,1.30632131788608e-06,-1.6311027218844e-06,2.07747919117508e-06,-1.41305359324959e-06,9.05659985855797e-07,2.63292706947219e-07,-2.90441789938851e-06,4.32631830821651e-06,-4.33755890819275e-06,4.25237199468585e-06
-2.32233731198178e-07,2.61143913704527e-06,-2.67570786675207e-06,4.42073775514231e-07,-1.05247081186934e-06,4.08944127503031e-06,-5.08547141558001e-06,5.12126745838811e-06,-6.09440820588106e-06,5.76922136108511e-06,-2.22203961100334e-06,-2.63120107741475e-06,4.90481018215559e-06,-2.67276380963189e-06,-1.5891119326498e-06,2.00544669798742e-06,2.5195500991793e-06,-6.04311215102977e-06,4.9214372899516e-06,-1.43892290959606e-06,-1.19187532026295e-06,1.59911626313921e-06,3.02382918985015e-08,-1.82509675213408e-06,1.94614490562513e-06,-6.04212792499289e-07,-1.79215574617804e-06,5.07635433235963e-06,-7.90487808036001e-06,8.00597195637597e-06,-5.23801967981279e-06,3.0004782417643e-06,-3.01128762616727e-06,4.00482506773038e-06,-4.34449447232397e-06,2.77707211766228e-06,-3.64808358236749e-07,-2.46640661406407e-07,-1.1244840817708e-06,1.16679673601353e-06,1.23139385788356e-06,-2.24913997718244e-06,-1.25069219707079e-07,3.31089599073542e-06,-4.1942502798264e-06,2.55475277199896e-06,-6.63682578447292e-07,-7.5115542232449e-07,2.34637431878487e-06,-2.98346928034758e-06,9.06734361187126e-07,1.01266790024699e-06,-7.8347432437414e-07,8.29289277346683e-07,-4.80793907263225e-07,1.05589965852227e-06,-3.59316397443437e-06,4.986066384913e-06,-5.47914191274092e-06,3.77048112446304e-06,1.14555618537288e-06,-4.46922052294143e-06,3.80569061082531e-06,-1.78597444878183e-06
1.52060377791256e-06,-3.0078729634715e-06,2.26503689448774e-06,-3.79242855947454e-07,8.18299638636623e-07,-2.45885693936787e-06,2.99214820459808e-06,-4.33336314062987e-06,6.86856084480002e-06,-7.6025961299701e-06,3.80736943343113e-06,1.91698393003073e-06,-3.75263071152582e-06,1.20856983672885e-06,2.6111047990465e-06,-3.37859948599906e-06,-9.08692642316254e-07,5.61999345561809e-06,-6.13307904488664e-06,3.09609406920499e-06,1.82736127674667e-07,-1.10289590997535e-06,-7.22593588685115e-07,3.14147510967259e-06,-3.39436861015767e-06,1.13406714477168e-06,1.521283902543e-06,-2.57645353653186e-06,3.21324859710316e-06,-4.40210018646267e-06,4.62507787522129e-06,-4.74659261191957e-06,5.99548331096159e-06,-5.97042870390897e-06,3.97954760946055e-06,-2.21420997712941e-06,7.06855895463008e-07,3.33939711603408e-08,1.57665758566692e-06,-2.36837609696404e-06,4.6310654615506e-08,1.49995521777243e-06,4.26756567684236e-07,-3.33407829293825e-06,3.33019467772837e-06,-7.16019392229427e-07,-1.3890013716841e-06,3.30998764386106e-06,-5.49559982737977e-06,5.46648581280914e-06,-2.28518575455472e-06,-4.5369955965562e-07,9.62736893901099e-07,-9.71220484600295e-07,9.3623355974926e-08,-9.08403514763363e-07,4.41057687750712e-06,-6.47771519459996e-06,6.5585000910574e-06,-3.94835535741605e-06,-1.48574571670207e-06,5.18336129313881e-06,-4.48839273048925e-06,1.31780177230085e-06
-1.89858061857724e-06,2.01804873439723e-06,-7.30188463949353e-07,-2.19113243951686e-07,-3.49082791542194e-07,1.05171997706062e-06,-1.10777206821061e-06,2.04418659084157e-06,-4.3803777537587e-06,6.02753185872378e-06,-3.66195022482571e-06,-5.31892227037476e-07,6.35723610285615e-07,1.92149899988902e-06,-3.26844410354604e-06,2.24682489622243e-06,1.37682021988582e-06,-5.44600010976881e-06,6.15813508240227e-06,-2.49142192069729e-06,-8.27770007825643e-07,3.32111760681792e-08,3.13650756912455e-06,-4.61707821746784e-06,1.7409688242603e-06,3.0036356199034e-06,-4.14421409944938e-06,6.44235424086782e-07,2.22416822735902e-06,-1.48936264662474e-06,-8.75213190783541e-07,4.0015270273889e-06,-6.36255334452927e-06,4.55284857295073e-06,-1.08842219492711e-06,1.39173516843141e-07,6.34765518288969e-07,-1.47207129483733e-06,-7.26056122359668e-08,1.06021406737767e-06,1.39672143863677e-07,-2.93753038877922e-07,-1.80555222666168e-06,3.45955004772194e-06,-1.67817353166111e-06,-1.99047240683105e-06,3.75788466617439e-06,-4.11263495272639e-06,3.59724965323814e-06,-1.41682126124754e-06,-1.08968230358541e-06,1.8602219272667e-06,-5.15629480881807e-07,-1.06482042442965e-06,1.10575645953182e-06,1.8355013299776e-06,-5.39558211600586e-06,5.58942037539547e-06,-3.4628368929581e-06,-2.32277165669242e-07,4.76328863654327e-06,-6.41080525696457e-06,4.12747185019983e-06,-4.55552285043354e-07
4.07020218936873e-07,7.44575705355513e-07,-2.00182426347631e-06,1.9673573632646e-06,-1.28878387246847e-06,1.81118123348477e-06,-2.81818884149639e-06,1.64721014648331e-06,1.86960628599039e-06,-4.2141218014253e-06,2.51205726166515e-06,-6.59408645396206e-08,1.42535340032513e-06,-3.64400624468872e-06,3.07448963557268e-06,-9.02530184886679e-07,-1.72346605700975e-06,4.41043640885866e-06,-4.3456625054988e-06,3.89006510443545e-07,1.93741943641657e-06,4.47178786876452e-07,-3.80282964413949e-06,3.93063904634023e-06,-7.33222233847572e-07,-1.43251601936757e-06,1.39993691027539e-08,3.82918286653062e-06,-6.55118481441455e-06,5.38251132837654e-06,-1.51307672725199e-06,-3.27435060709758e-06,5.58665337756341e-06,-2.23891542954656e-06,-1.99702110499594e-06,2.89945376874727e-06,-3.13370228453163e-06,2.50079893156626e-06,-3.01424211819582e-07,-1.56625363001637e-08,-9.82229453319382e-07,-2.19969642904396e-07,2.75183931725149e-06,-3.41176275601282e-06,6.6215332939007e-07,3.0172168754644e-06,-3.03144743460351e-06,2.11149703135889e-09,3.36272455746191e-06,-5.82750281427318e-06,5.77415623432655e-06,-3.57583136050368e-06,-1.66569605946691e-07,3.88334918153004e-06,-3.24379457829865e-06,-2.37861312478902e-06,6.56047887528634e-06,-5.14432233404535e-06,1.63392445196377e-06,2.63162647834178e-06,-7.18249984229696e-06,7.57055945554171e-06,-3.74262282222063e-06,3.34478118330864e-07
3.85633633394359e-06,-4.07831024112033e-06,4.12535406885717e-06,-3.81438371989451e-06,4.15614728556734e-06,-6.43433479872963e-06,8.34458870191137e-06,-5.3246095135925e-06,-1.0974519484588e-06,3.5891710925204e-06,-8.23567232897551e-07,-3.63256935442744e-07,-2.87156295468786e-06,5.55382148165178e-06,-4.37355720032012e-06,9.33960778628085e-07,2.54959341266813e-06,-4.50520455755476e-06,2.91996643657862e-06,1.05376686275281e-06,-1.90315070829197e-06,-7.50379997135529e-07,2.0088184024285e-06,-5.59979007502147e-07,-1.32552225932784e-06,1.47718411016978e-06,9.11833343774951e-07,-5.18690437555341e-06,7.44600438379508e-06,-4.69560074386955e-06,-4.50224232907088e-07,4.910012538454e-06,-6.27148769942208e-06,2.68839108856883e-06,2.50903863393623e-06,-4.98729253452181e-06,4.07266039140833e-06,-9.30376289028105e-07,-1.57894684180581e-06,9.66257561760742e-07,8.05109580145974e-07,-4.01259549747897e-07,-1.68908113631519e-06,2.57279832893708e-06,-3.08679630878243e-07,-2.38610906212342e-06,-1.02523173962213e-07,5.69233165324929e-06,-8.68634134144941e-06,9.10711003101302e-06,-7.82931802455383e-06,4.84124460596829e-06,3.53389508416e-07,-6.1314564518199e-06,6.31157871433103e-06,-1.92333913188304e-07,-4.17289630323281e-06,2.87768467642655e-06,-2.3043191892959e-07,-3.02021249152201e-06,7.25342118929248e-06,-8.49024106801036e-06,6.32392559271745e-06,-4.29598786659034e-06
-7.57402013369218e-06,6.49570210597915e-06,-4.54181464402287e-06,4.30214180400846e-06,-5.77223834462879e-06,7.86197781691881e-06,-8.8557807484715e-06,4.94121103221503e-06,1.89596348522145e-06,-3.09152888437894e-06,-1.12955208710542e-06,1.41274332823457e-06,3.72766720989974e-06,-7.50436912538106e-06,6.29043575574195e-06,-1.02813068787121e-06,-4.671129407818e-06,6.60983897725237e-06,-3.42954832844597e-06,-9.25133857654165e-07,9.14976219666103e-07,1.30346404437209e-06,-5.46456351238009e-07,-1.26555456332548e-06,4.58596948502391e-07,1.34929974158939e-06,-2.48789656750578e-06,4.19812530799573e-06,-4.68646055195705e-06,1.88156757500793e-06,2.62116829529855e-06,-6.4162291974647e-06,7.47602233473709e-06,-4.75731637675054e-06,9.2502688208193e-08,2.51648789188041e-06,-1.52477507478696e-06,-3.98057362991884e-07,1.58442674802542e-06,-2.06917668416925e-06,1.10016513690946e-06,3.29503491822833e-07,1.39735137088596e-07,-1.96099938336259e-06,1.37054060636142e-06,4.96104464719224e-07,2.69786433837158e-06,-8.53172788281398e-06,9.35750062026241e-06,-6.58957575286186e-06,5.08586146884278e-06,-3.82321511530763e-06,-8.44754652953816e-07,7.12805504925586e-06,-8.22575678393442e-06,4.11060414649105e-06,-1.40440679700525e-06,1.73785313092472e-06,-2.33235908573477e-06,3.64608212277466e-06,-6.13256739177412e-06,7.7118156457638e-06,-7.51054784971479e-06,7.23868441487199e-06
7.42917508411316e-06,-6.94281285813774e-06,3.53297058730282e-06,-2.56706450840071e-06,4.15122355103202e-06,-4.98933747059676e-06,4.22224410831953e-06,-8.40368601430009e-07,-3.40273398419804e-06,2.427806909096e-06,2.8874777024683e-06,-4.07367859565483e-06,-6.98303001052892e-07,5.60511762707206e-06,-6.55849077392645e-06,3.05277566232376e-06,2.15214382065341e-06,-4.86715982599374e-06,3.13763182936393e-06,-2.7650873505608e-08,1.87212320461118e-07,-1.41928803721276e-06,2.97136912347003e-07,6.22446379605769e-07,2.09575908352293e-07,-5.23276888617788e-07,3.34910444444256e-07,-1.21065001283023e-06,1.72467810712937e-06,-7.41585189193877e-07,-2.01641925382955e-06,5.44936022798756e-06,-6.77670301348821e-06,5.11844225867303e-06,-2.81826162209178e-06,2.29118257893598e-06,-2.37462882976042e-06,6.01269913303777e-07,3.36921185371354e-07,2.08835220606309e-06,-3.61782471531798e-06,1.99395308822323e-06,-7.31532706765764e-07,1.90869077221326e-06,-2.39780949019079e-06,1.57788140727204e-06,-4.09144323699036e-06,8.51029777364851e-06,-7.48001335041317e-06,1.24162677245987e-06,2.18637300503814e-06,-1.60979287713404e-06,2.85838643010094e-06,-6.58269214155042e-06,8.01527899543086e-06,-6.5114809681502e-06,4.86753788186933e-06,-3.43474586241206e-06,2.39155550895879e-06,-2.4601415809219e-06,3.54509561471979e-06,-4.55266235826524e-06,4.20004207201506e-06,-4.91341115537523e-06
-4.12538768547672e-06,5.02914867508342e-06,-2.01947719979818e-06,9.43476928184696e-08,-1.4948775314225e-06,2.92615646232455e-06,-1.68808753280482e-06,-1.60036470357491e-06,4.04428789069795e-06,-2.26203286745387e-06,-3.03707086817449e-06,5.94447041038612e-06,-3.01046037039957e-06,-2.20500755779088e-06,5.63153189918838e-06,-6.67602238545007e-06,5.60032645044928e-06,-3.37696729472707e-06,2.13806282301856e-06,-1.98791739870297e-06,1.06357947319019e-06,-7.12534750645214e-08,5.45158227169527e-08,5.7372992043895e-07,-2.23184261272624e-06,3.14194175740453e-06,-2.66408099963896e-06,2.2268194243221e-06,-2.02703248650626e-06,1.23825724076296e-06,3.97881550629993e-07,-2.57186498070601e-06,4.09544191336908e-06,-3.73539341623628e-06,2.61525607829299e-06,-1.92205535945179e-06,1.05082201752545e-06,1.3669681645147e-06,-3.12163602522105e-06,8.9173616406039e-07,1.92655952058155e-06,-2.06206942199852e-06,1.08141095857527e-06,-1.24049577930923e-07,-8.37205478208409e-07,3.76269906513575e-07,2.6055178085961e-06,-5.45856755908828e-06,3.31320041386355e-06,3.69259108018806e-06,-7.77464024321689e-06,6.14688628962332e-06,-4.00273001520834e-06,5.11907317272672e-06,-8.07459580116774e-06,8.68982374656241e-06,-5.08401395920929e-06,9.39712264218502e-08,1.94269498359855e-06,-1.28318290641526e-06,2.63259310337062e-08,6.49377836243443e-07,-9.73910680311415e-09,8.43408459216623e-07
-5.47280403980654e-09,-2.07198309996792e-06,1.70067547762382e-06,1.15335410650963e-07,7.58952634069324e-07,-3.44182694008675e-06,2.55752551021606e-06,1.86448033905709e-06,-4.73184739723723e-06,3.54722467647175e-06,4.82458110870913e-07,-3.36750254064275e-06,1.26143737824062e-06,2.66145929464664e-06,-4.48150075171128e-06,6.733840237774e-06,-9.84817092636943e-06,1.0689909084298e-05,-8.7579946854928e-06,6.24137199552624e-06,-4.3114170231138e-06,2.59302522100246e-06,-1.4675637074941e-06,4.19256723742476e-07,1.17172178322301e-06,-2.81078300885418e-06,4.3148387912702e-06,-4.93915026772959e-06,3.75919087740437e-06,-1.90425701688753e-06,1.49305845622812e-06,-1.49492477719485e-06,-4.65894828869143e-07,2.60899273986466e-06,-2.37484867450859e-06,-7.17872006667973e-07,4.40563720118112e-06,-6.61727211216178e-06,7.43181084771436e-06,-6.30870792461506e-06,4.59280107567282e-06,-3.31135018746767e-06,2.65223144400585e-06,-4.84898779135163e-06,8.11052318837621e-06,-7.35403444333732e-06,3.15849584936703e-06,-7.83825421036019e-07,2.83580378688307e-06,-6.16739043551721e-06,5.94853289563568e-06,-3.50344784947543e-06,3.00365905298759e-06,-6.2682050827942e-06,1.181309386271e-05,-1.32946252760623e-05,7.08305264669591e-06,1.03796248500073e-06,-4.20930929556033e-06,3.39859540065434e-06,-2.42588589609014e-06,2.25042710925935e-06,-2.37707190739177e-06,1.8960396151888e-06
1.54124233907087e-06,3.23234476869934e-07,-2.49373834254351e-06,1.10598773345806e-06,-9.3869890235854e-08,2.31487818657172e-06,-1.8754533400385e-06,-3.31769031544198e-06,6.45586149295892e-06,-4.50538132264835e-06,9.36048527785404e-07,-3.71118773168778e-07,4.69796508571275e-06,-7.22504967284257e-06,4.05465071840925e-06,-3.17667765380999e-06,8.19525604589383e-06,-1.22680596394326e-05,1.06003224751385e-05,-6.62769976018477e-06,3.78287623931672e-06,-2.02948072845212e-06,2.03085216220053e-06,-1.88451690629201e-06,3.48775175168535e-08,2.81568682456189e-06,-5.76618436551879e-06,5.8899672997853e-06,-3.41615167618378e-06,1.97848073638289e-06,-2.97830041076863e-06,3.91852450839898e-06,-8.99242829653813e-07,-4.00950918945545e-06,5.8533939907937e-06,-2.41140285310149e-06,-4.05392968541021e-06,8.09671947956768e-06,-9.0854044370076e-06,9.49387975062609e-06,-9.80141982472015e-06,8.48078975431418e-06,-6.01153458971967e-06,6.41262433118445e-06,-9.72444691070066e-06,1.09828597224504e-05,-8.40815931293043e-06,6.54666989926645e-06,-7.60489062693969e-06,6.21109842972508e-06,-6.91016210379944e-07,-1.2777004294092e-06,-3.9660945207513e-06,1.0936993180939e-05,-1.52431609336927e-05,1.47022969197895e-05,-8.72512653812765e-06,2.46608771844742e-06,1.1323907914806e-08,-6.52487455908823e-07,1.70508630927927e-06,-2.28470613490638e-06,1.46471801723763e-06,-1.14470891633509e-06
-9.8294630966327e-07,6.15897986752698e-07,1.76314993034689e-06,-6.83775861755387e-07,-1.87732747935124e-06,8.50176804138879e-07,-3.90366406363372e-07,3.86535206476048e-06,-4.60701490492445e-06,3.36485045288022e-07,2.74029439869854e-06,8.46550249999528e-07,-9.50133426120458e-06,1.19865967632301e-05,-4.50303226109353e-06,-5.3341457230408e-07,-3.99273706684736e-06,9.31960063590813e-06,-7.41442005226888e-06,2.56512251847397e-06,4.1921733610376e-07,-1.36187679580329e-06,-3.90244642060771e-07,1.46925178915459e-06,3.16676573262492e-07,-2.90145554323325e-06,4.42300774422472e-06,-2.95796117249311e-06,1.03024991660385e-06,-1.43531054433468e-06,2.36059855203431e-06,-1.59731618190524e-06,-2.70282019025483e-06,7.64996094565104e-06,-9.58749199133034e-06,7.76885747259331e-06,-2.0991565161431e-06,-2.91787814369065e-06,5.33769673479075e-06,-7.85363448996208e-06,9.67985369860064e-06,-8.17250903230831e-06,4.15535213672424e-06,-1.30156268954924e-06,2.64135198749361e-06,-6.34220961873028e-06,7.79688570055231e-06,-7.867875475246e-06,8.28039330467467e-06,-5.21018064738161e-06,-8.48960275751726e-07,6.87236343912377e-07,7.81338388227442e-06,-1.36424911142502e-05,1.22943817576942e-05,-8.82992065412775e-06,5.58868070418687e-06,-4.68093601160048e-06,5.97354101760547e-06,-5.20862159469114e-06,2.17077218311904e-06,-5.0125646054229e-07,1.04199439531858e-06,-8.85438839913926e-07
1.66818315547137e-06,-1.84925425649932e-06,3.18105194387673e-07,-8.04756659460065e-07,2.67259115698515e-06,-2.12497111866231e-06,1.40765416315135e-06,-2.35164870542188e-06,1.56187485898983e-07,4.59100093421519e-06,-4.9848370020297e-06,-1.79253096480926e-06,1.19189566827075e-05,-1.49800400845291e-05,6.22637202534932e-06,2.53359238420852e-06,-7.8671699191276e-07,-3.68939999452723e-06,1.88804759433169e-06,1.75392301331658e-06,-3.16101684900527e-06,3.19109893561665e-06,-9.80060245532085e-07,-1.19641684389984e-06,1.39505551098679e-07,2.54546236437081e-06,-3.03684384651394e-06,1.25363421879835e-06,-1.30745261295875e-06,2.5343827385438e-06,-1.12446902883822e-06,-2.58404050537948e-06,6.79882554343814e-06,-8.28478958730285e-06,7.59161178768754e-06,-7.2547992535531e-06,4.61438923716641e-06,-1.19069695911928e-06,-4.4057492178736e-07,2.43140667656105e-06,-4.2074617830734e-06,2.84574752839072e-06,1.03804915814901e-06,-4.2384058192518e-06,3.78160723381673e-06,-4.4024318215329e-07,-2.58842207618544e-06,4.53976335978718e-06,-5.08947161807335e-06,3.2137642274346e-06,-2.90270660834384e-07,1.85045607587649e-06,-8.14906497686087e-06,9.66474126971159e-06,-5.15541892042439e-06,2.3123674314667e-06,-2.5218349512554e-06,5.08736472367221e-06,-8.78038110751369e-06,8.75152886945911e-06,-5.21264032388507e-06,2.89883199275022e-06,-1.98632121315405e-06,3.66866338151898e-07
-3.77514490450798e-06,2.34482027884345e-06,5.77677723312963e-07,-9.25336509391872e-07,-6.44177689602391e-07,1.45310368890726e-06,-1.90449914386723e-06,1.95232159464027e-06,7.26285686062194e-07,-3.85297060459767e-06,2.14479989730812e-06,4.04972914531785e-06,-1.14781756173298e-05,1.48051968358013e-05,-7.79378651110791e-06,-2.19814669316073e-06,2.72756607775885e-06,8.1301985868964e-07,-2.67694222124598e-07,-1.23485598250808e-06,2.26983218269312e-06,-3.01054947343351e-06,7.19733883652143e-07,3.56256216419555e-06,-4.94245235666499e-06,2.60159798385588e-06,-3.57803621130769e-07,-1.52034433104178e-06,4.46330492854578e-06,-5.23935320345212e-06,1.4497821420658e-06,3.58976625817033e-06,-5.62940966635148e-06,2.88506917678914e-06,-3.20097317370361e-08,6.61502716098297e-07,-9.06592263404146e-07,5.85350681743248e-07,-1.25634803957431e-06,1.58063682282448e-06,-1.13271730211024e-06,2.28889819733531e-06,-5.54568469389317e-06,6.96418773846483e-06,-5.2863949682643e-06,3.60165214110119e-06,-2.28291176158612e-06,3.52173343144633e-07,9.90605131668636e-07,-1.53885164266471e-06,1.17400207374078e-06,-1.33036493270993e-06,2.59607861018996e-06,-1.39527576962113e-06,-1.02734573792e-06,5.90748607771339e-07,1.39924522857488e-06,-3.25510723186931e-06,5.03607897997368e-06,-5.18408187772747e-06,4.01258483719261e-06,-3.63239951412831e-06,2.26972694204776e-06,1.34065858204284e-06
7.14466524297135e-06,-3.01845956574004e-06,-4.19575229308143e-06,6.31611871216309e-06,-3.64805913939379e-06,1.00127739628118e-06,2.0232014432947e-08,-2.78139049494353e-07,-5.39726527332885e-07,1.82064025362078e-06,-7.09023946139282e-07,-2.54578596843096e-06,6.76196798149183e-06,-1.08074050180955e-05,8.2232139692604e-06,-1.12401927008078e-06,2.66162524657829e-07,-3.45719812663499e-06,4.62002010894795e-06,-4.09360459982414e-06,1.63727324533277e-06,6.09232810009232e-07,1.12037205448011e-06,-5.78666452258401e-06,7.32289809662254e-06,-3.90829157046992e-06,1.95207397539544e-07,2.54544496045916e-06,-4.74017622788853e-06,4.72112691941973e-06,-2.0774807419299e-06,-1.09247498640722e-06,1.02310998606181e-06,3.61814929597227e-06,-7.1750614966284e-06,6.52875726409254e-06,-4.05822163540711e-06,7.41117862011985e-07,1.27375115499285e-06,-1.54658294079014e-06,6.73146389138735e-07,-1.07656278020099e-06,4.63743668977506e-06,-5.86414099546809e-06,3.12156291775226e-06,-1.94114223208928e-06,2.86936309275117e-06,-2.6886438124691e-06,5.77848382277578e-07,2.34828484581796e-06,-3.00773253958319e-06,1.21430825297835e-06,1.13043632481693e-06,-3.47038153667977e-06,3.37283679287658e-06,-1.0434876050417e-06,1.64245660027408e-07,-1.63167619972428e-06,2.93843643426609e-06,-1.45815445780338e-06,-2.13926223411162e-06,4.50171317550022e-06,-2.42739768917577e-06,-3.51636314054474e-06
-8.47651622177728e-06,3.68241859460022e-06,5.33185061451577e-06,-9.30802414963999e-06,7.55169051081664e-06,-5.56701692014521e-06,5.30307986345585e-06,-4.4814146197988e-06,3.24070051102588e-06,-3.29770277602794e-06,3.01388797162182e-06,-1.58007753299344e-06,-5.27481576504323e-07,4.87175970234855e-06,-6.87378401822319e-06,3.79150705119025e-06,-2.40348363768607e-06,4.6295211575316e-06,-6.52531965033934e-06,5.85339558222762e-06,-3.63981444184819e-06,2.73072276566924e-06,-4.08341933488563e-06,6.79126499619296e-06,-6.91758910180109e-06,3.51048367407672e-06,-7.69596887379271e-07,-3.11735510033017e-07,5.70926815258443e-07,-9.94533832843737e-07,1.95686095552757e-06,-1.38153404163349e-06,1.18923887825062e-06,-4.72013711807134e-06,8.27873918500022e-06,-8.81296842404546e-06,5.79028069155464e-06,-4.53323402279113e-07,-1.81472660970452e-06,4.68415179236372e-07,2.76634674115208e-06,-4.56227608971667e-06,1.53884681021412e-06,6.07770376775273e-07,1.40997987500188e-06,-2.39455762047334e-06,4.28459864473648e-07,1.35491045431431e-06,-3.86589317383597e-07,-2.9135683690432e-06,4.41127609000688e-06,-2.32827024424698e-06,-1.15668829122815e-06,4.09982826178873e-06,-3.72456833086625e-06,1.08048807477354e-06,-6.7805451432077e-07,3.55640978926693e-06,-6.33650305322771e-06,4.06437579227187e-06,2.03073318051312e-06,-5.23789617487151e-06,2.42424819707525e-06,4.34126078307645e-06
5.62869738812501e-06,-2.87474690564817e-06,-3.41717517032347e-06,8.15128532319605e-06,-9.40139283170185e-06,9.16599332506052e-06,-8.86160206189321e-06,8.26835511095326e-06,-8.04950543763544e-06,7.68312509798036e-06,-5.4194534020836e-06,3.39939621649539e-06,-3.80158525678724e-06,1.88074276674025e-06,1.66340107816653e-06,-1.12916345368343e-06,-6.90403469820628e-07,-2.31813193632983e-07,1.5200569614547e-06,-9.36282174864097e-07,1.07944842393113e-06,-3.43687940179715e-06,5.97042007068371e-06,-7.38873121657797e-06,5.6920600254383e-06,-2.0992276399715e-06,1.42331668577253e-06,-3.46922167394081e-06,4.59767736785554e-06,-2.69999860525927e-06,-6.65753830319825e-07,1.28282560291435e-06,3.59823544966644e-08,8.13366116631937e-07,-3.46672250296615e-06,5.85127094925358e-06,-4.63764886478693e-06,4.02673251668313e-07,6.80633431139654e-07,1.82534439242902e-06,-5.49995961791232e-06,7.88455586804479e-06,-6.29863844901608e-06,3.85923592395549e-06,-3.78472189051825e-06,4.28278599975402e-06,-3.70735713735409e-06,1.7395182765691e-06,8.94871049874216e-08,1.88724957042182e-06,-4.88521953849087e-06,2.99791465306748e-06,1.4975526156564e-06,-4.71516057941893e-06,4.83917620500093e-06,-2.1106443537985e-06,4.67656731354249e-08,-1.33089419099218e-06,4.7256808352676e-06,-4.59353870735743e-06,-4.14542695161696e-07,4.34856528190556e-06,-3.03907434117155e-06,-2.1766117637813e-06
-3.24306493211363e-06,2.69167311555361e-06,7.19086233241093e-07,-4.94143783591357e-06,7.33125739203592e-06,-7.56591309335433e-06,7.44745373182653e-06,-9.00909201318432e-06,1.16464247842845e-05,-1.0548449533458e-05,4.77129447358805e-06,-1.49046543499215e-06,4.04137549886843e-06,-5.39415480607462e-06,3.53351297442814e-06,-3.43041413764797e-06,4.07093966843719e-06,-3.28728494827589e-06,3.30779081196884e-06,-4.22590433808749e-06,3.14425025121204e-06,1.05184017067362e-08,-3.04680142457476e-06,4.32052807648882e-06,-2.99310075874974e-06,1.59998835831424e-06,-3.20916315509654e-06,7.11035865560081e-06,-8.87256192896178e-06,5.73814285983858e-06,-1.62525096615275e-06,1.00796496074732e-07,-2.33038404908025e-07,8.45154072848166e-07,-1.86664659389419e-07,-2.70027438881685e-06,3.41834892441472e-06,-1.47505616375858e-06,2.40968339819193e-06,-5.9683807808986e-06,8.03224959807974e-06,-7.71454996318872e-06,6.00177958225635e-06,-4.02647312101792e-06,2.94617747836089e-06,-3.23130507644748e-06,4.54599931812685e-06,-3.48402836614362e-06,-5.39278415755573e-07,1.35564008294465e-07,4.01643407665787e-06,-3.03925564659412e-06,-1.36461612092873e-06,4.32591350268912e-06,-4.99452320117248e-06,2.7821599272289e-06,-1.7473920450052e-08,1.87514666302556e-07,-3.35923995927372e-06,4.73882886611963e-06,-1.42236338348479e-06,-2.9016409796533e-06,3.35147077331189e-06,2.32517866554872e-07
2.47398303723845e-06,-2.90105857549719e-06,1.5204747387551e-06,-2.77794211956683e-07,-5.72802479247849e-07,1.4485368046934e-06,-3.19515145163915e-06,6.67686713065426e-06,-9.63080998792014e-06,7.08266665692919e-06,3.8689090425462e-08,-3.29888109306513e-06,2.9623061514852e-07,2.58323105120801e-06,-3.23702484825287e-06,3.70678668277362e-06,-2.82847453244063e-06,1.19370725204248e-06,-2.13171546327492e-06,4.52439091281131e-06,-5.19666183411769e-06,4.771144756625e-06,-4.26742032285354e-06,3.72114041052332e-06,-3.51629600421492e-06,2.13507573089073e-06,1.30919299214024e-06,-6.14980797848467e-06,8.82725666358836e-06,-6.06215566059784e-06,2.91395585415982e-06,-1.87612193470838e-06,-1.46637450904055e-07,1.00948655671085e-06,-4.02245150699221e-07,1.82930328286843e-06,-2.99219147295775e-06,2.60787756020543e-06,-4.53251385819639e-06,8.53777694456804e-06,-9.57316017317498e-06,7.05122987617984e-06,-4.92019686202673e-06,4.10886101965436e-06,-3.63568769446233e-06,3.31970106445965e-06,-3.55564748928436e-06,2.15670639209555e-06,2.3296616210361e-06,-3.944291176253e-06,8.10950762158191e-07,8.09369348338298e-07,-3.06843490115906e-07,-3.19458976675324e-07,1.32152656250219e-06,-1.07407473312263e-06,2.62379602100367e-07,-1.30091109032297e-06,3.44218293245093e-06,-4.03240802213631e-06,2.06503013004539e-06,1.03662879854869e-06,-2.60656635948774e-06,5.50581043372663e-07
-1.54573090438184e-06,1.74620923302184e-06,-2.04723664124764e-06,4.34485621218566e-06,-4.76043388325397e-06,2.65718119255266e-06,-5.1061031617365e-07,-1.64421811640929e-06,2.69249409456135e-06,2.97397156293082e-07,-5.52100307880541e-06,6.60272792473879e-06,-3.81839208166777e-06,2.29175221486929e-06,-2.23577934247833e-06,1.64648225826748e-06,-1.5976607326561e-06,2.44261177444303e-06,-1.18956098037472e-06,-1.58269706479751e-06,2.99089104986982e-06,-4.89932447963355e-06,7.94278166024554e-06,-8.76109669282282e-06,6.7098038119287e-06,-3.21178228991367e-06,5.13084549790211e-07,1.46783100734696e-06,-3.45622185917118e-06,3.13119445534729e-06,-3.73869616366118e-06,5.71948299557008e-06,-2.92597054761546e-06,-1.5187052191886e-06,2.13802388659104e-06,-1.36302906675066e-06,1.16380421881968e-06,-1.45064574831443e-06,3.5475248818583e-06,-6.74459661724412e-06,7.34517737291895e-06,-5.39203625161598e-06,5.08137781388578e-06,-6.43754064020261e-06,6.90874209947917e-06,-5.78581476398082e-06,3.36254759708172e-06,-2.45454346396221e-07,-3.72383087707254e-06,6.50805216913122e-06,-4.68025534629691e-06,7.99834434192772e-07,1.66068366354957e-06,-3.35876555492196e-06,3.80564768016928e-06,-3.18760628560198e-06,2.10469725464673e-06,-1.98230077164353e-07,-1.81182122727263e-06,2.85450561580293e-06,-3.01895601814703e-06,2.44800457360629e-06,-4.23068060934592e-07,-1.10753124236648e-07
1.58694782227706e-06,-3.08466998935691e-07,5.41606953067605e-07,-3.87245185025825e-06,4.37197035114852e-06,-1.08563808523238e-06,-2.72877965388069e-08,-1.41730885990353e-06,2.54099768611909e-06,-4.23274813360452e-06,5.68814637433701e-06,-3.72705323707787e-06,2.46854570593894e-06,-5.56517522325032e-06,8.67721882770211e-06,-7.33471829677285e-06,4.16209450023972e-06,-3.75615213490939e-06,3.42990818733374e-06,-1.35500580881324e-06,4.80593448983477e-07,3.61482102040719e-07,-3.20238316483009e-06,5.32382219621302e-06,-5.06040138307865e-06,3.40906533383802e-06,-2.61106274203669e-06,2.77435578795128e-06,-1.58312000965108e-06,-7.17765153388486e-07,4.99004383715095e-06,-8.95200540355166e-06,6.33698563206763e-06,2.7290427443237e-07,-2.53402183058229e-06,-6.30001333405582e-07,3.93391806814805e-06,-3.72426817871165e-06,5.24259654447779e-07,2.44590779429556e-06,-2.79040238138915e-06,2.1755418068135e-06,-4.02094521003103e-06,7.14066962545487e-06,-8.25964084476462e-06,7.41462292062087e-06,-4.84808376032142e-06,8.49576029879628e-07,3.38879867440008e-06,-5.90497572262169e-06,3.46771196386877e-06,1.1901503647738e-07,-4.63629916490521e-08,1.12525579811399e-06,-4.94639661359777e-06,7.27329998263517e-06,-7.13174305829875e-06,5.88567648271228e-06,-3.2811429284408e-06,-5.64074771603982e-07,4.38662803866377e-06,-7.41598202740731e-06,6.50994216382646e-06,-3.19171629021717e-06
-2.04944122934574e-06,-6.10661674099828e-07,1.45685361794946e-06,1.45203906153644e-06,-1.81575123913337e-06,-2.98836936080953e-06,5.0077666884933e-06,-1.39155465979031e-06,-1.85900928785747e-06,2.30688012880008e-06,-9.12275627284641e-07,-1.56690195570869e-06,-2.43089696557524e-07,7.10701761980006e-06,-1.14359427283557e-05,8.92850336089671e-06,-5.1702046547035e-06,5.86571427343053e-06,-5.52898111160111e-06,1.02499602942628e-06,1.13941809120801e-06,1.94611703850863e-06,-5.28677854109691e-06,3.95519059011323e-06,1.69729914778322e-08,-1.31469246487001e-06,5.41723577550202e-07,-5.62863141322184e-07,5.88356378241034e-07,1.02596105568456e-06,-4.60416172670749e-06,7.62037976758584e-06,-6.97914301428828e-06,2.77298491545723e-06,-2.89658126889514e-07,3.57355827898429e-06,-8.40391985770593e-06,8.24470681457213e-06,-2.78475624668208e-06,-1.82867720951285e-06,1.65224116047159e-06,-5.18192484220717e-07,2.19855033092814e-06,-4.69475620211786e-06,5.6700659430582e-06,-5.86372420087479e-06,5.3116214732838e-06,-2.49500054295109e-06,-2.31289420803997e-06,5.08374101435573e-06,-2.29602937921699e-06,-2.53378620729032e-07,-2.27896178598543e-06,2.75838385594252e-06,2.652706362509e-06,-7.66911080843509e-06,8.30554240494253e-06,-7.11970391523806e-06,5.34910618403317e-06,-1.398350162237e-06,-4.14909126563018e-06,8.90785827974254e-06,-8.90962879389089e-06,5.15922453686242e-06
1.87940450607287e-06,5.36357585952771e-07,-1.81319435849513e-06,-9.03479430499066e-07,1.03141591240296e-06,4.85554021460296e-06,-9.1955145905152e-06,6.78805403966042e-06,-2.62772745588014e-06,1.68308029051547e-06,-2.77602055514675e-06,3.14901578174319e-06,-6.39068810638034e-08,-4.89931254277079e-06,7.02660668004505e-06,-5.99894014371383e-06,6.53310272635712e-06,-8.83581464316028e-06,5.508438865662e-06,2.42880330520716e-06,-5.10920434680807e-06,-1.48692968220025e-06,1.05878395541948e-05,-1.08950171748725e-05,2.49660498123628e-06,2.96968168197691e-06,-9.94046980211337e-07,-2.15204569562755e-06,1.58275712083213e-06,3.51364087866491e-07,-6.3476375192472e-07,-8.86179025927785e-07,3.95652944776533e-06,-5.20762353442246e-06,3.87013440101695e-06,-4.665820573001e-06,7.66850966022179e-06,-7.15019004195251e-06,1.23349470775514e-06,3.41501361762728e-06,-1.74308082588326e-06,-4.20672133939379e-07,-1.04295803315777e-06,2.78762765859135e-06,-3.33358898748157e-06,3.62756726196244e-06,-4.21074821928828e-06,3.52128547924641e-06,3.95146734020745e-07,-3.7903527326181e-06,2.07124109884608e-06,2.8488950632827e-07,1.26898471281851e-06,-2.15134985297217e-06,-1.40024776114319e-06,4.66080817825689e-06,-3.07620818896398e-06,4.31137127560202e-07,-1.56976337667348e-06,3.10761004699045e-06,-6.96957385247211e-07,-2.69992349978359e-06,2.83026851311613e-06,-2.13557419925571e-06
-2.30474064206412e-06,7.35135330923157e-07,8.04566986656965e-07,1.38537650424138e-06,-1.23333897448521e-06,-3.55737594140126e-06,7.95450003141723e-06,-7.74426645702876e-06,4.49215897719451e-06,-2.44658150868246e-06,2.37364900401332e-06,-2.22994325716471e-06,1.04809852653005e-06,-1.09790120750938e-06,2.09731760782308e-06,2.5049561038042e-07,-5.96137113351175e-06,8.37776088875548e-06,-3.38551987557216e-06,-2.51462163060001e-06,2.84697358679011e-06,2.57487912815212e-06,-9.77853711972981e-06,1.02242706042807e-05,-2.18721627460167e-06,-4.0379177349163e-06,2.09195256847012e-06,1.32012225564098e-06,8.01288143712926e-07,-5.50991338654914e-06,8.3036316531869e-06,-7.67822780130902e-06,2.16039054666385e-06,3.88961273479626e-06,-4.4498654072334e-06,2.99369346191338e-06,-3.72429365839887e-06,3.49434841100778e-06,-9.94253907407916e-07,6.5242168856335e-08,-2.42077301324118e-06,2.92658529025531e-06,5.16868253181433e-07,-3.64728724503824e-06,4.09192813711093e-06,-2.88570135100578e-06,3.43892111271364e-06,-4.83496297322666e-06,2.37106211639339e-06,1.28574500834588e-06,-7.08818489981425e-07,-1.2572317130677e-06,8.42099445172054e-07,-6.22431891612707e-07,2.25983355768001e-06,-2.06037335269677e-06,-2.07389400004922e-06,5.06948822286058e-06,-1.36179354900263e-06,-4.25774179523967e-06,4.41801024676122e-06,-2.36968090733242e-06,2.48534354582791e-06,-6.49907035052834e-07
2.84714446670699e-06,-2.33225917042592e-06,7.82062682602329e-07,-2.0326932833053e-06,2.24691582988154e-06,-7.62391629776353e-07,-8.77969573294339e-07,1.96187549259481e-06,-9.39459072393916e-07,-7.49626873632196e-07,2.92144344309241e-07,1.30022281390992e-06,-2.54371573057081e-06,5.19967258877387e-06,-7.42378703141523e-06,3.88643524381613e-06,3.19816478570979e-06,-5.6980425403758e-06,3.09554017190507e-06,-1.82268939303446e-06,2.58382559299778e-06,-3.80904486184521e-06,5.76791212607716e-06,-5.10839359426492e-06,-2.1211452692391e-07,5.14240612789526e-06,-4.42241588252692e-06,1.79121055742637e-06,-3.60987204056684e-06,7.84838888420087e-06,-1.04139603565884e-05,1.01558329800555e-05,-4.74370352538287e-06,-2.74493584082752e-06,3.97354465833369e-06,-1.17475105820763e-06,7.03311488573678e-07,-1.33836520958374e-06,2.99308522074294e-06,-5.52600706740434e-06,6.60534535252269e-06,-4.44544131249245e-06,-6.38907551701363e-07,5.56956982471645e-06,-6.91093819693055e-06,4.46722800247334e-06,-3.51420290255676e-06,4.91365470086604e-06,-3.39489029548789e-06,2.10257424724397e-07,-5.17066447254561e-07,2.20789198789533e-06,-1.50307107996889e-06,1.17366713779075e-06,-2.12142535428397e-06,4.61504444038496e-07,3.69945123642849e-06,-5.21614714994399e-06,1.31396604738538e-06,2.39763970729933e-06,-1.02410018080732e-06,-5.29970995685654e-07,-1.05754730416012e-06,3.91912563548417e-07
-2.29349432135689e-06,3.0740911843724e-06,-2.63902395368844e-06,3.85235422867116e-06,-5.15659891760885e-06,6.27040822673149e-06,-6.33403143534054e-06,3.96208763418103e-06,-2.71149598748934e-06,3.49616481952807e-06,-2.43862939798866e-06,-4.89779543636091e-07,2.67084817836708e-06,-4.34538318010688e-06,5.94639371346622e-06,-4.7477489634132e-06,2.87474464556811e-07,3.04443723271763e-06,-4.39127073291139e-06,5.53148005621999e-06,-4.7597225499489e-06,3.01283752877655e-06,-2.51745152230056e-06,1.97350644371887e-06,-5.94784160712704e-07,-2.21140368761116e-06,5.00210300198301e-06,-5.22618890226385e-06,5.26727318646414e-06,-6.5303355498299e-06,6.73371638629809e-06,-5.3955420067621e-06,1.67491515153862e-06,3.43197663236188e-06,-3.98928400052413e-06,7.48258581795719e-07,6.09663896051255e-07,5.17925112356026e-07,-3.6291258877017e-06,5.88871189674531e-06,-4.72505679666917e-06,1.40559476627369e-06,2.99081905445321e-06,-7.13806729415286e-06,8.7802051905543e-06,-7.21667042723638e-06,4.90025068414698e-06,-3.77145126213469e-06,2.41956643636641e-06,-5.20766110453727e-07,1.01327354155465e-06,-2.89036004617051e-06,1.66087415551489e-06,7.78295357308327e-09,2.93749753610404e-07,8.01333422371961e-07,-3.56384207797099e-06,4.43802645298905e-06,-2.21444824605061e-06,1.39944092561049e-06,-3.84421011909902e-06,4.45141343957093e-06,-1.56961711470973e-06,2.68061919491481e-07
1.12454755684577e-06,-2.64622843696318e-06,3.09283717350204e-06,-4.12560590109151e-06,6.12035514052707e-06,-7.9707614280032e-06,8.19416846708217e-06,-5.70647598842537e-06,3.95378651381525e-06,-4.74877467711429e-06,3.91539127156823e-06,2.14783289581137e-07,-3.0942462988538e-06,2.94049041063469e-06,-3.21435583124386e-06,3.84949802214978e-06,-2.18755192143272e-06,-1.00232565787828e-06,4.16752624857276e-06,-6.1132954565882e-06,5.00830874134908e-06,-2.72795309626976e-06,1.58217404547595e-06,-1.79736887088762e-06,2.90206976874906e-06,2.12518513517546e-07,-7.46506613039495e-06,1.04709008242328e-05,-8.88130865245702e-06,7.60667856524751e-06,-5.33203853012553e-06,1.76028254389297e-06,3.79352273830064e-07,-1.68804268001814e-06,2.03161437289249e-06,-6.49680180211123e-07,-5.40964618539529e-07,8.5842402709958e-08,1.29380221403985e-06,-7.85867479834133e-07,-2.0711543151225e-06,4.7791869858641e-06,-6.66849837898982e-06,7.13733586921064e-06,-6.7581400926282e-06,7.18167954514166e-06,-6.27495810057436e-06,3.22645461748377e-06,-8.09241958648681e-07,-2.70993656226957e-07,-2.64072396567966e-07,1.87619141913696e-06,-1.25105290833307e-06,-2.153092072193e-07,-1.33869012534124e-07,2.06724980797537e-07,1.40145791762948e-06,-2.67249541741578e-06,2.7672075826837e-06,-4.08987389616743e-06,5.72445074393222e-06,-4.75834289022073e-06,2.04081897812934e-06,-3.15447530611163e-07
-4.56605151143463e-07,2.31150809521608e-06,-2.30835321126682e-06,1.5266624058074e-06,-2.75922289906062e-06,4.92838450993314e-06,-6.23647860294042e-06,5.3287662007065e-06,-4.10835030971517e-06,4.97308593360014e-06,-4.56426568774229e-06,-4.51684977598002e-07,4.98241660687847e-06,-4.7673246481222e-06,2.6618018500153e-06,-1.14242367360648e-06,6.63066760574492e-07,-7.37452866058085e-08,-1.41171782467866e-06,3.13628910106456e-06,-4.32939049507681e-06,4.2954202741875e-06,-3.18297900695717e-06,3.50018341658099e-06,-6.05926759490763e-06,4.32936225474662e-06,3.45367881846949e-06,-8.63022926603165e-06,9.36463434593124e-06,-1.06010640619797e-05,9.73655237087197e-06,-5.22926393855907e-06,2.67302506568739e-06,-2.84842826963291e-06,1.99554826302948e-06,1.68899556887237e-07,-1.05875022042102e-06,-1.1106809773893e-07,1.88808860371374e-06,-4.41808708813271e-06,7.18315847299318e-06,-8.03176625672266e-06,7.16482763871706e-06,-4.00340611039879e-06,1.0997459036813e-06,-2.93079672660229e-06,4.78263631900084e-06,-1.82210564099205e-06,-1.92928071834321e-06,2.77769380092229e-06,-2.01511547192538e-06,1.26416991084671e-06,-1.01330314788962e-06,1.09434339910833e-06,-6.32513398041164e-07,7.88128828972907e-08,2.96849772104944e-08,-6.91554133460476e-07,-4.6240225874105e-07,5.03773155663352e-06,-6.78633953444592e-06,3.87401768344453e-06,-1.27566305702202e-06,4.87552504054221e-08
2.2636846527439e-07,-1.3280570838779e-06,6.0142862116519e-07,1.26122570290898e-06,-1.10198111209435e-06,-6.69096792956708e-07,2.27606300921763e-06,-2.17614085881722e-06,1.58822684982775e-06,-2.93761516761432e-06,4.01748701169676e-06,-6.49969404575531e-07,-4.63811703690401e-06,5.68880866376289e-06,-1.44502352523907e-06,-2.92723748325098e-06,2.48006472044003e-06,-4.00283624036988e-07,1.56035965074802e-07,-7.54747917080433e-07,2.46617663303998e-06,-3.92398390669006e-06,3.41700967848224e-06,-3.74386543380335e-06,5.79413526004287e-06,-4.68721105281196e-06,3.08367607602056e-07,2.60245025936651e-06,-6.09252549224163e-06,1.22753500398169e-05,-1.47192812348163e-05,1.08624708842476e-05,-6.61500746856989e-06,5.01778623715215e-06,-3.57265077862792e-06,1.47004022235761e-07,2.21837053892143e-06,-6.39198447576146e-07,-2.22191302665606e-06,4.86774186497499e-06,-6.48603493322922e-06,5.1251742034172e-06,-2.24292080656553e-06,-1.58135887720653e-06,3.8356848579497e-06,-1.06860740733562e-06,-1.54584574090709e-06,-1.24991057868638e-06,5.48207235663343e-06,-5.99345730063752e-06,4.65322020204974e-06,-4.30161156039291e-06,3.8677190398236e-06,-3.67306903234448e-06,4.46623993228592e-06,-4.85292583914105e-06,2.89096603804787e-06,1.38910217140004e-06,-1.96538314404734e-06,-3.49988491049101e-06,6.02537593539525e-06,-2.66943169304054e-06,2.02293328670313e-07,1.2204518908953e-07
1.31428812384639e-06,-2.78410069970065e-06,2.93317083507009e-06,-2.46728545753214e-06,1.77248257636575e-06,-2.05842521123251e-06,3.44786733313968e-06,-4.39639977868897e-06,3.6200361534399e-06,-5.37673076317027e-07,-3.07265008781037e-06,3.04440686412937e-06,1.03310847011289e-06,-3.27625059542198e-06,2.48065251918403e-08,3.58898032596864e-06,-2.9051334358568e-06,1.96212581894727e-06,-2.74772733583705e-06,2.40940609765891e-06,-1.67034194939001e-06,9.74919495843003e-07,-1.51171493220611e-07,1.5909804615294e-06,-3.96753055460891e-06,3.68245959108686e-06,-2.56053051232897e-06,1.8004002308515e-06,3.40719590028965e-06,-1.15936347929376e-05,1.38945783602686e-05,-9.55675819675143e-06,5.06101740447991e-06,-2.70315031048788e-06,1.16460814038853e-06,7.06005636619263e-07,-1.62058766482884e-06,4.70711593204825e-07,1.21159712535169e-06,-2.78208984592458e-06,2.2001779042955e-06,1.31723864525577e-06,-3.9920593891467e-06,4.29710896399784e-06,-2.66254728129854e-06,3.86680552360903e-07,-2.84349506472372e-07,2.82852102040828e-06,-5.24857019371082e-06,5.37167929394256e-06,-4.6022289942048e-06,4.68107869380656e-06,-4.5073406369197e-06,4.75524609410856e-06,-6.9005152982107e-06,7.79166493593263e-06,-4.69218194313169e-06,-4.2470707335891e-07,2.65824676191028e-06,-4.08940380855581e-07,-1.48237566483649e-06,5.19520802713083e-07,-6.1941592177557e-08,2.38933919301043e-07
-1.61943174641319e-06,4.89949023119878e-06,-3.7479702557183e-06,7.52461192538356e-07,7.64594987855107e-08,3.2173002669474e-06,-8.30319692438269e-06,9.74736569211503e-06,-6.84978436291681e-06,2.00481517268952e-06,2.9386449055987e-06,-4.72851031456682e-06,1.97378038764133e-06,1.02953770592298e-06,-5.75777730494255e-07,-3.24656459268606e-07,3.59249025235931e-08,-1.60807908270082e-06,3.61642289446692e-06,-3.06024043091784e-06,1.29785768059351e-06,1.02579869375868e-06,-2.10283442565303e-06,-5.19355186953572e-07,3.47426949537353e-06,-4.53427982115877e-06,6.00498182530892e-06,-6.12012793637353e-06,3.3170680510576e-07,6.99116519298801e-06,-7.37069040231988e-06,2.99074214129822e-06,-1.28543498340105e-06,1.76666907466788e-06,-1.18719822842774e-06,7.32055720034706e-08,-1.67631958094977e-07,1.15178229485412e-06,-1.69462116649731e-06,1.29272905851028e-06,1.84384491252499e-06,-5.66197722723529e-06,5.39239444381887e-06,-1.64635023390025e-06,-1.82206880095306e-06,1.91814975613725e-06,2.01796767645451e-07,-5.15183523893194e-07,-6.07015231926028e-07,-1.35070777362111e-07,2.61245036507584e-06,-4.760777044027e-06,4.80260026546635e-06,-4.11597485441604e-06,5.06751437507503e-06,-4.16142213201815e-06,9.11374637334021e-07,7.14409335951844e-07,-1.18371840365729e-06,2.35253467176585e-06,-2.78435595760179e-06,1.13400320299712e-06,1.38510939295773e-06,-1.83902739775877e-06
-4.22266756825007e-06,1.40125070678264e-06,-7.85528569711421e-07,1.18712524647916e-06,2.70206002670579e-07,-4.53016549808723e-06,8.53103254845575e-06,-7.84827690327672e-06,3.87043307812312e-06,-1.34004121766253e-07,-3.12517321351831e-06,5.19489072294444e-06,-3.77780561739095e-06,6.63637885927568e-07,2.54557849152267e-07,-7.9250043006132e-07,2.18785627818039e-06,-1.23783003929671e-06,-5.12535677902025e-07,3.10170653262706e-07,7.20949352254444e-07,-2.08330283397254e-06,1.36645123437243e-06,2.54527305953291e-06,-6.17140980772977e-06,8.92311037339481e-06,-1.12196287742453e-05,1.01291353592854e-05,-4.1555133795586e-06,-1.43181356732767e-06,1.12867409180533e-06,1.11651294037671e-06,1.29903856675483e-06,-6.0467797173817e-06,7.67360395610347e-06,-5.29521578957224e-06,2.45846081032326e-06,-2.16819900242816e-06,2.38699464561624e-06,-8.70480043513055e-07,-2.45891321168772e-06,4.46646424628981e-06,-2.14167541242158e-06,-1.34299418853087e-06,2.31429536485696e-06,-8.46748587057878e-07,3.30032387539722e-08,-2.59900940192191e-06,4.83159900341561e-06,-1.80178008279224e-06,-3.98805542927457e-06,7.82013716878136e-06,-7.32575873655161e-06,3.93277920936499e-06,-1.08615418220272e-06,-2.20532069590216e-06,3.69093876923711e-06,-6.4111579626554e-07,-1.37499088410047e-06,-1.31732326053746e-06,3.3713511981284e-06,-3.67654676921124e-07,-4.13043566208056e-06,5.92748289860865e-06
1.16429281293207e-05,-8.59602046875659e-06,2.64002289661312e-06,2.43580959755063e-06,-4.99184629395717e-06,5.85180100873164e-06,-4.14617013495432e-06,5.5125850537582e-07,1.29111257384034e-06,-1.87119748163985e-07,-2.84148363786367e-07,-2.09913555184927e-06,3.01181676840339e-06,-9.41840591896099e-07,3.36184359037019e-07,4.58367145864131e-07,-4.3796920672669e-06,6.24550751937321e-06,-4.54055941879521e-06,3.53339326408324e-06,-4.20992023372687e-06,4.46765580159357e-06,-1.46674216678819e-06,-3.23150179557411e-06,5.88114532114336e-06,-7.01768704162239e-06,7.84449646371784e-06,-6.89035558378637e-06,3.42565460346963e-06,-6.13487956828672e-07,1.0252272341697e-06,-1.74680352613921e-06,-2.42571382933862e-06,9.88910771792324e-06,-1.31368976978768e-05,8.9114384622581e-06,-2.83621845747142e-06,9.47593467798366e-07,-1.10256928956307e-06,2.22933568520059e-07,1.16613426540607e-06,-1.19995827280405e-06,-7.74770699057054e-07,1.34405450470813e-06,7.56555159386063e-07,-1.90133859164112e-06,-4.41109097271845e-07,4.18940849708065e-06,-4.02452107674082e-06,-1.37001401019595e-06,7.01639343359262e-06,-9.95058418059651e-06,9.67496597893441e-06,-5.45893160966598e-06,-7.0667413697018e-07,6.24866408602231e-06,-6.98122677092777e-06,2.84415886683515e-06,-8.55184376019097e-07,3.19417209940875e-06,-3.26719092403145e-06,-2.13476688873507e-06,7.87979810414491e-06,-1.09830427806795e-05
-1.22280495509605e-05,7.70555283214523e-06,1.67467280128083e-06,-8.81393598608153e-06,9.41677631651789e-06,-5.54013907479178e-06,-8.06627128075838e-08,2.88958043411793e-06,-9.98305519859885e-07,-2.47554618490988e-06,4.20176110502794e-06,-3.44718865988374e-06,3.25826036097426e-06,-4.20037082484846e-06,3.41705512851234e-06,-3.83374100944038e-06,8.5523288609837e-06,-1.12652748938976e-05,8.62223462188533e-06,-6.15606250744233e-06,6.60951500544648e-06,-6.63019926852336e-06,3.96235612495438e-06,-6.55874826577599e-07,-1.77597115984847e-06,3.10142253106782e-06,-2.68978501008366e-06,8.19896906399033e-07,4.25498908041593e-07,3.07810232678568e-07,-1.39988129133713e-06,1.56943371993254e-06,1.80364432948324e-06,-8.30879229481185e-06,1.02591867596056e-05,-5.60557307880543e-06,7.27626443292036e-07,1.28430571893938e-06,-2.56276550377349e-06,3.79105798867218e-06,-3.21218829661986e-06,1.12763249367048e-06,1.45598266372356e-07,8.87235237064363e-07,-3.03743585169406e-06,2.56531612405531e-06,1.30840425160944e-06,-4.14951545517475e-06,2.18132745163889e-06,2.29919086810155e-06,-4.84092017542282e-06,6.92995488648691e-06,-1.00726378960017e-05,9.21142531200588e-06,-2.43831877519292e-06,-5.22474584489536e-06,7.899688146572e-06,-5.91338352529451e-06,4.84620592377544e-06,-5.70712248546166e-06,2.88479166213579e-06,3.84316905969993e-06,-8.98762354402262e-06,1.16937501784647e-05
7.24871974841371e-06,-3.00910922848062e-06,-5.40114893322918e-06,1.1516547182149e-05,-1.06922524243376e-05,4.60217448127658e-06,9.87338929469423e-07,-2.11908640438193e-07,-3.76071826076413e-06,3.8731101967788e-06,-2.08789482155784e-06,4.24967235247763e-06,-8.91704466183206e-06,1.02680998233281e-05,-8.08041724218526e-06,7.94188915016953e-06,-1.1209336299414e-05,1.2005500564848e-05,-8.08393943138696e-06,5.00705577437608e-06,-5.79683498940554e-06,6.41666821643954e-06,-5.39671255477353e-06,4.22549569032682e-06,-2.18595110549858e-06,6.34154607715789e-07,-1.53056293773456e-06,3.62855269588617e-06,-2.84129499151366e-06,-1.47834652280033e-06,3.59032406616874e-06,-2.2661137427338e-06,-9.63732678254503e-07,4.55142146911202e-06,-3.46823258779812e-06,-3.98903682775189e-07,1.39849776163138e-06,-1.38786149705208e-06,3.56584264942994e-06,-6.01795766698318e-06,5.01778129829068e-06,-2.13904654160609e-06,1.35157313258283e-06,-2.14878348950242e-06,2.99074613122843e-06,-2.37429931911042e-06,4.4393475406038e-08,1.19466305724344e-06,-3.10353876303682e-07,-6.54498842269594e-07,6.65543350749397e-07,-3.16286213950188e-06,9.06455238472314e-06,-1.11870156063909e-05,6.04592285032995e-06,1.09896292318049e-06,-4.86667537469069e-06,4.45442850394502e-06,-2.99990124205897e-06,2.24672417083522e-06,7.9192658266686e-07,-4.92983874436359e-06,6.49582855877343e-06,-7.20552434756232e-06
-2.72084478825947e-06,1.51541187055669e-06,4.37343635420643e-06,-9.7018052223073e-06,9.63832304593997e-06,-4.60265578584374e-06,7.42495086108292e-07,-3.11540612469123e-06,6.44941340803902e-06,-2.70702790011447e-06,-3.39513038613104e-06,1.45381513854464e-06,5.64068899383518e-06,-8.2825291660661e-06,7.08096701867235e-06,-7.84473898355941e-06,9.84346304185314e-06,-8.91760695065185e-06,4.64877433101144e-06,-1.61180096419179e-06,3.09112568906055e-06,-4.77318052797854e-06,4.34611322984759e-06,-2.97523359892341e-06,-3.74067383581592e-07,3.14158674849864e-06,-1.25927942479429e-06,-2.91601976050112e-06,2.07393370776405e-06,3.49770552130417e-06,-5.11928794760193e-06,2.10612151143224e-06,1.30670583183414e-06,-2.68253566631999e-06,-6.96157430186682e-07,4.41220239047222e-06,-2.67736148707975e-06,-6.15175048413149e-07,4.89247828584329e-07,1.26400123574938e-06,-1.69768037010456e-06,1.56749587090102e-06,-1.65579736724572e-06,1.37115034284305e-06,-2.28145449465402e-06,3.80123005480034e-06,-3.19466018949033e-06,1.67486698087353e-06,-9.36335294538094e-07,1.25311652275415e-06,-1.99617480711671e-06,3.97306086855698e-06,-7.64276311924395e-06,8.28936427244533e-06,-4.30937202727404e-06,-3.00532576541848e-07,2.99985500482713e-06,-2.50503259337536e-06,-1.06735217951898e-07,2.01458789997523e-06,-3.67429390703825e-06,4.21444216725266e-06,-2.06459043523882e-06,1.10816793535333e-06
1.83307355222321e-06,-3.55218391960361e-06,-1.15591062337151e-06,6.16892233411249e-06,-7.19247997746304e-06,4.89576712808873e-06,-2.81134689429516e-06,3.90246888946356e-06,-5.38284660572684e-06,1.27638640564068e-06,5.29666678613452e-06,-5.12814911768168e-06,-5.03972857003732e-08,2.89589987433164e-06,-4.08601611282609e-06,5.87456881534163e-06,-6.33292178382104e-06,5.13458081747576e-06,-2.65713455929068e-06,-5.18413608771106e-07,9.44748892016614e-07,8.81128063657269e-07,-2.06196518152024e-06,1.46491637339666e-06,1.79484213339436e-06,-4.82541771449477e-06,2.79256978788929e-06,2.50658414051469e-06,-2.85198772075129e-06,-1.44861058870864e-06,2.35452771396299e-06,-6.34993091986216e-07,-8.09779940804214e-07,1.52715807358354e-06,6.74813070008168e-07,-2.71703935170763e-06,3.29488475895736e-07,2.90798110055892e-06,-3.35563086747963e-06,2.73386744894765e-06,-9.72920240156177e-07,-2.13254401190224e-06,2.82181928601412e-06,-1.07342882361976e-06,1.77979513132113e-06,-4.07265371710503e-06,3.16665675197053e-06,-3.17147216718788e-07,-6.72950944115564e-07,-1.54246521151817e-06,3.94632580400006e-06,-4.39667335410077e-06,4.49582844956784e-06,-3.26072784285565e-06,6.08724608029688e-07,1.77517583091297e-06,-3.16424427790031e-06,2.04981884555315e-06,6.99666979543552e-07,-2.24896435123478e-06,1.88987939119935e-06,3.7457577903427e-07,-3.58434579554314e-06,3.15712568319691e-06
-4.06765916442086e-06,5.54950859458217e-06,8.03224284428969e-08,-5.20230526837765e-06,6.33882652065839e-06,-4.68163521747638e-06,2.22075279211531e-06,-1.46619783244827e-06,2.39693941015272e-06,-7.79104715115083e-07,-2.9653773172378e-06,2.97136239775205e-06,1.46497380316883e-07,-2.4824282270048e-06,4.45216899001181e-06,-5.29309153245886e-06,3.87202760344835e-06,-3.24208163583826e-06,3.35731846191714e-06,7.49622801153565e-09,-4.22954497826016e-06,3.87681173961722e-06,-4.99228620372627e-07,-1.39020769346127e-06,-1.44196743178094e-07,2.54573344720976e-06,-1.13106103668858e-06,-4.06538735061869e-06,6.67705993946503e-06,-4.48169749309858e-06,1.49514559101725e-06,8.58970384760803e-07,-1.1136866672949e-06,-7.8517283469509e-07,2.15272554954153e-06,-3.66291093874347e-06,5.46901058933952e-06,-4.71485721081832e-06,2.07943924406026e-06,-7.82874488951986e-07,-6.81700672516166e-07,3.49027314489468e-06,-3.52146010324589e-06,6.83570217647305e-07,5.92112916079376e-07,-2.63034494888378e-07,8.48254556096046e-07,-2.48300303450937e-06,3.10125596130296e-06,-6.8695499593756e-07,-1.62084476540016e-06,6.21111764873711e-07,1.38189647216693e-06,-2.17862892093197e-06,1.76656053253226e-06,-2.39633208474141e-06,3.5213872944895e-06,-2.15537568473637e-06,-3.78324146216378e-07,1.77117943096032e-06,-6.35471736708132e-07,-2.84050813398607e-06,5.3792787544656e-06,-2.63260284406174e-06
5.43929413535294e-06,-5.47589851491674e-06,-7.06170455465578e-07,5.59616636100134e-06,-6.21684911522407e-06,3.47553445741892e-06,7.38388453754543e-07,-2.86822978842865e-06,1.44900398514956e-06,-2.72160041788948e-07,1.35418324124157e-06,-1.33330570953283e-06,-8.16468237326384e-07,2.83051858813612e-06,-3.88680791660952e-06,3.52480058050036e-06,-2.3387890847978e-06,2.66470560416773e-06,-3.41464113865412e-06,1.74322920353106e-07,4.59526031202415e-06,-4.14759870642336e-06,-6.00754683044916e-08,3.09858249570169e-06,-4.08678742323669e-06,3.9704703821807e-06,-3.86025916009894e-06,5.65402850519738e-06,-8.36223095024564e-06,7.48930093860539e-06,-1.98829225873708e-06,-3.13713796797662e-06,2.91524772138172e-06,8.65596971839698e-07,-4.59900057030738e-06,7.89604434366551e-06,-8.55731983391229e-06,4.37139833653169e-06,1.4900813706045e-06,-4.66708900415381e-06,5.35544427784803e-06,-5.33772274001924e-06,3.55551508126991e-06,1.73138399623536e-07,-3.84117739497052e-06,5.22006632870895e-06,-3.46765049358902e-06,2.46218957841117e-06,-3.71531596788491e-06,2.54323489919318e-06,-6.5922263673769e-08,1.3339964603703e-06,-5.36098006819306e-06,6.94816154023386e-06,-5.29067230744394e-06,5.30979758731145e-06,-5.94511476997302e-06,3.84435006243821e-06,-6.66056657043822e-07,-2.22609111587172e-06,3.02285291928061e-06,-8.03941356637053e-07,-1.69891403895815e-06,-1.63016111908037e-07
-3.98627652617171e-06,4.36588998944025e-06,-3.10575274067272e-07,-3.51961621800225e-06,4.52546374205641e-06,-2.49561052637551e-06,-2.51695595154661e-06,6.84445326297683e-06,-5.90987587558235e-06,2.48677334801174e-06,-1.49497213394993e-06,1.86285655046101e-06,-9.33056299844728e-07,-5.36435898045542e-07,8.82235794838766e-07,-1.86959056588765e-07,1.01983090947834e-07,-1.02361147667266e-06,7.1487183926088e-07,1.80336895743753e-06,-2.63770370558239e-06,-9.9237246956377e-07,4.65420881702169e-06,-5.71863531102405e-06,6.16666178943458e-06,-5.94005372818737e-06,4.74241061758597e-06,-4.74119173156678e-06,6.32280737121145e-06,-6.10534968364174e-06,1.52678196256708e-06,3.79347010982712e-06,-4.32483940597215e-06,1.84575923229096e-07,4.89221770474363e-06,-8.02367925784399e-06,7.18985550685386e-06,-2.36814663833451e-06,-3.39947260638442e-06,7.22151236185071e-06,-8.61298922818774e-06,7.69760044118793e-06,-4.3426877663619e-06,-5.03577948200815e-07,4.83626960714595e-06,-5.62318478161046e-06,2.06701959220561e-06,-6.40245062952348e-07,3.58839619371404e-06,-3.0368758215783e-06,-1.53559461787855e-06,1.8119140497899e-06,3.98602113564895e-06,-7.6959815236242e-06,7.30967682424098e-06,-8.36412057383371e-06,8.31653888791662e-06,-4.90641614105374e-06,1.15702467204611e-06,2.33084116832673e-06,-4.47164018200148e-06,3.68608045386637e-06,-9.80235135099571e-07,7.97789800351632e-07
2.62462334430756e-06,-3.46613157371632e-06,2.14806701674291e-06,1.15747311714721e-06,-3.904683247595e-06,3.33077503419948e-06,2.32580421814441e-06,-9.68919557409758e-06,1.03794890312619e-05,-4.85672273144642e-06,1.1000603691732e-06,-1.40016655200874e-06,2.22853073395612e-06,-1.33329847616795e-06,1.94725365127958e-07,-7.23232279658453e-07,8.10963515688041e-07,4.40146473820422e-07,3.02608869714017e-07,-1.5987526269021e-06,-1.63868830811917e-06,7.76513402315272e-06,-9.608577523116e-06,6.65997544646226e-06,-3.80898219657257e-06,2.81772020496259e-06,-3.56773287414629e-06,5.26041927894559e-06,-6.0802427128222e-06,5.42688975618899e-06,-2.75414950539871e-06,-1.61131129644376e-06,4.08473681940106e-06,-1.46084253369386e-06,-3.6888899018243e-06,6.07070901205219e-06,-5.02759354588074e-06,2.77433491343992e-06,-9.82160009507466e-07,-7.53197621228204e-07,4.06730630493273e-06,-5.85735219107759e-06,2.90453129345055e-06,1.40697044487586e-06,-3.47394329349474e-06,2.51032465602566e-06,8.72254344869663e-07,-1.10071601420379e-06,-3.03478476585726e-06,3.12110505639973e-06,2.37377387151333e-06,-4.25840526216734e-06,-9.01607591061668e-07,4.54659719729979e-06,-5.61436251242906e-06,9.06543114133215e-06,-9.64851396283306e-06,4.94769214700304e-06,-4.56574972933518e-07,-1.78442589554323e-06,2.03741394886403e-06,-1.01439521852652e-06,5.28990073092626e-08,-6.94848438435354e-07
-2.87657838890104e-06,2.57808108923954e-06,-2.0277374695949e-06,-8.58749338056514e-07,4.17355586131649e-06,-3.44883202207556e-06,-2.255597752267e-06,9.55097056943176e-06,-1.09789681127414e-05,5.632225893512e-06,-1.09572762088593e-06,1.10434856305885e-06,-2.36957169081508e-06,1.33407032767777e-06,8.40989177920247e-07,-6.71458217376073e-07,6.89349481376753e-08,-1.03193787323268e-06,7.36123699664209e-07,-8.82166130875399e-07,5.88684560201612e-06,-1.24234459692256e-05,1.23186215925596e-05,-5.06006911614056e-06,-2.83326844412809e-06,5.47378462312213e-06,-1.14856556375942e-06,-4.91030882430489e-06,6.69460786116082e-06,-5.07843349613449e-06,3.08136178719218e-06,-8.66708430930961e-07,-1.24973172143247e-06,6.26615785453711e-07,1.80706647194026e-06,-2.27383104075313e-06,1.91392451107947e-06,-3.04087345866602e-06,5.89105922339009e-06,-7.79741525218383e-06,4.42899238449264e-06,-1.72591656780822e-07,1.53984402784247e-06,-3.97272876993526e-06,3.33500174904976e-06,-1.55841525625886e-06,-1.10816177188984e-06,1.74665447346787e-06,1.60184917101386e-06,-3.30582029469412e-06,3.71892069197447e-07,1.43866630551642e-06,1.16597740677806e-06,-2.47781801957006e-06,3.53686024866041e-06,-8.26392584191264e-06,9.56620509755435e-06,-4.09240191758794e-06,-1.29690137288716e-06,2.48332320486229e-06,-9.70337897587532e-08,-2.15461146295048e-06,1.18897404737688e-06,1.55410107495353e-06
2.66719658555825e-06,-8.44299311911187e-07,1.03833360294555e-07,1.02630572785553e-06,-2.3666370600601e-06,4.32606085989403e-07,3.6787913196044e-06,-7.03754079736591e-06,7.46155435541625e-06,-4.95294258485176e-06,2.96570844638193e-06,-2.69586922700571e-06,2.02158748002006e-06,1.23188454437845e-07,-2.25632034700079e-06,1.94982308106892e-06,-2.96609738358913e-07,-1.01089898052081e-06,1.66343351653159e-06,2.011083117575e-07,-6.24943332754752e-06,1.24873081409178e-05,-1.11077809031904e-05,2.0666745482656e-06,6.42504980172794e-06,-7.4139145794828e-06,1.76042456157769e-06,3.41884062013614e-06,-4.35479304183865e-06,3.6189391972073e-06,-3.79853291537236e-06,4.19665767253093e-06,-2.95626488307318e-06,8.43551282290807e-07,1.40696929021971e-06,-3.78424015372368e-06,4.00378089363405e-06,-7.38600407834161e-07,-5.15880339791112e-06,9.94751875227673e-06,-8.31057310639208e-06,3.78657935758853e-06,-4.41510946004229e-06,6.41073757088432e-06,-5.348900960485e-06,4.51255794623051e-06,-2.86679913591063e-06,-8.90759693178521e-08,-1.07932501428603e-07,2.92914272791115e-06,-3.21752849757564e-06,2.0643800272281e-06,-3.33546603550834e-06,3.31227317294046e-06,-2.43739887676431e-06,5.43814556251588e-06,-6.99565246417776e-06,2.57953328498287e-06,2.47259080677715e-06,-3.76665218089527e-06,1.40612877661281e-06,1.48793943130708e-06,-1.15272977493924e-06,-1.79377583733991e-06
-6.45362354242863e-07,-2.34107213107303e-06,2.93606544288466e-06,-1.65284861727178e-06,5.25519707069703e-07,2.1844188028578e-06,-4.45246609495056e-06,4.44727212509243e-06,-4.22140714808314e-06,4.53161281682804e-06,-4.93121320807839e-06,4.32392468725091e-06,-2.12653720518524e-06,-6.33231405136998e-07,2.30619543343797e-06,-1.92649368172637e-06,-4.4338813445467e-07,4.82079395383636e-06,-7.60760320575649e-06,4.80710241992394e-06,2.54506821519334e-06,-8.2784587750004e-06,5.89723598132998e-06,2.28933403475783e-06,-8.02517667999039e-06,6.42185035437159e-06,-8.14436361123817e-07,-1.6025727045511e-06,1.43219829441664e-06,-3.46552581039732e-06,6.25594932513102e-06,-6.99099108041056e-06,5.20689285160257e-06,-1.20942834790922e-06,-3.66352951562062e-06,6.58290028226229e-06,-5.91251986055447e-06,2.77073686182033e-06,1.92464600004885e-06,-5.98150717101389e-06,5.36054638949743e-06,-2.26988349362565e-06,3.31470009114292e-06,-5.63160430141519e-06,5.55996254107353e-06,-6.34579306993753e-06,5.68448136266993e-06,-8.50157323604306e-07,-1.27425678013659e-06,-2.56917817306249e-06,4.57481747881205e-06,-2.74093249822543e-06,2.72385348336683e-06,-2.47753001792283e-06,1.03113318743857e-06,-3.23283218053573e-06,5.725314952818e-06,-3.01713124108607e-06,-1.0228649035452e-06,2.31739146427181e-06,-1.64378208462151e-06,-3.58911373155104e-07,1.31320040884005e-06,5.46309967295927e-07
-1.18922476640997e-06,4.16606744536217e-06,-4.21390820538291e-06,1.85393348132024e-06,-7.94825321878588e-07,-6.33521950382301e-07,1.69257130066972e-06,-8.30269679292766e-07,8.42097780745091e-07,-2.89726869124084e-06,4.7401129511782e-06,-4.39636083998806e-06,2.53955730317823e-06,-3.48910146122673e-07,-1.16083320814009e-06,1.29319074290454e-06,7.60427974693642e-07,-6.0893734658715e-06,1.06026955352255e-05,-9.11294182092132e-06,2.67704735022444e-06,2.23379587221019e-06,-3.15074914960109e-07,-5.77949981719206e-06,8.95227637180571e-06,-5.25174338595897e-06,-1.06295877494035e-06,2.21431372899933e-06,-8.04567243523661e-07,2.6700177473122e-06,-4.05401258215095e-06,3.22906035028431e-06,-2.80869979200045e-06,9.89959723767199e-07,2.40638745319891e-06,-2.65410115203891e-06,1.48015676195964e-07,-6.25174392594221e-08,1.41614354021039e-06,-1.26635206320185e-06,1.45671882235924e-06,-2.10318480512804e-06,6.77627504900736e-07,1.24274000753811e-06,-2.61351185003313e-06,4.4816786501186e-06,-3.36826475912333e-06,-1.78437577755522e-06,2.80629937273179e-06,2.86379828186357e-06,-5.3350677604934e-06,1.82530008397248e-06,8.0510770871321e-07,-1.74750979785868e-06,1.21162505786654e-06,3.14348551481118e-06,-7.33027403173405e-06,5.97702336288613e-06,-2.1707177662904e-06,9.59856616378216e-07,-1.48800893177421e-06,2.32906246913023e-06,-2.46756476302183e-06,8.98047545451919e-07
6.16950048191787e-07,-1.38076135708563e-06,5.34614367196151e-07,1.5791037294226e-07,1.75451774699782e-06,-2.42915813813621e-06,8.70598365874514e-07,-9.15899101299395e-07,1.79643796844892e-06,-1.14843900679518e-07,-2.69468240528645e-06,3.35693999663218e-06,-2.19154177723599e-06,8.36600024903533e-07,1.2247098005597e-07,-7.53245637337095e-07,1.43416184953663e-07,2.72014296549152e-06,-5.93532852722811e-06,6.94648845546935e-06,-4.91411956335589e-06,1.95748642615866e-06,-1.94729856905532e-06,5.42783205571139e-06,-8.39043368525276e-06,6.16471834843302e-06,-2.01767638534495e-07,-1.84252026165478e-06,-4.54387234588834e-07,2.32235628972307e-06,-4.46300999999363e-06,5.02933845330075e-06,-1.39584840131617e-06,-6.06966275240169e-07,-6.9171661189453e-07,-1.37508257318031e-06,4.62958555797484e-06,-1.74309403178015e-06,-3.74650903158825e-06,6.13208674353851e-06,-6.56026141323625e-06,6.22668294818699e-06,-4.88444722133198e-06,2.68624520843853e-06,5.8014028593346e-07,-3.08092578698558e-06,1.32346536900977e-06,3.11581944960705e-06,-2.91136812154105e-06,-2.52063809602702e-06,4.56758014021916e-06,-1.0593422015917e-06,-2.79722547384811e-06,4.99688553445368e-06,-3.60119185753758e-06,-1.60308700131906e-06,6.49077773491868e-06,-7.61085588804848e-06,4.77770047063939e-06,-3.39802931196746e-06,5.41999029866402e-06,-5.77964432326841e-06,3.29855852557136e-06,-9.59170284949528e-07
-3.34027794084003e-07,-4.73143498167034e-07,1.54148434195632e-06,2.57098710302856e-07,-3.52816445461439e-06,3.37453890242183e-06,-3.09762768383997e-08,-7.04488494817846e-07,-1.67752100191322e-06,2.01105122422823e-06,6.64617010145178e-07,-2.76183684693336e-06,2.21753049406703e-06,-1.3828873991064e-06,1.99896179195907e-06,-2.17506054675022e-06,1.50564671064635e-06,-8.00325651469179e-07,3.37494002852527e-07,-1.05311501827199e-06,2.32715846952919e-06,-2.8090976147947e-06,2.94423927813728e-06,-3.45500231965053e-06,4.12718044577749e-06,-3.63537940243054e-06,1.62138658966821e-06,-1.78652862155345e-06,5.30203109288259e-06,-8.73671887524575e-06,1.01998335242998e-05,-7.49067447473914e-06,1.02435514151032e-06,1.44117210068946e-06,2.23243861458308e-07,1.6348390713578e-06,-3.48197915607977e-06,1.22238748512962e-08,3.78570831756537e-06,-5.10591162257179e-06,6.36307879803144e-06,-7.10897082562055e-06,5.63692354933513e-06,-1.18749834701572e-06,-4.09817701307e-06,6.0308026902823e-06,-3.9081704763365e-06,5.53038014269473e-07,3.85776997333661e-07,1.13530597358919e-06,-1.66808903047326e-06,-7.02493111062617e-08,3.54381676755705e-06,-7.60382516914875e-06,7.71827828495595e-06,-4.38516507211012e-06,7.29437576991322e-07,3.3108685443119e-06,-3.83116581152007e-06,3.31630631267413e-06,-5.91225852274093e-06,5.1259092467495e-06,-6.57548753902632e-07,-5.78687296200621e-07
2.96634811078e-06,-3.77811347579196e-06,3.41912583654851e-06,-5.66506317636825e-06,6.84144089651528e-06,-3.6034041904159e-06,-3.22039936318638e-07,7.90986438308351e-07,8.77768009512569e-07,-1.63694371685584e-06,-1.39518008859455e-08,2.79612968994314e-06,-3.04888205344444e-06,2.27403419504592e-06,-3.98103910912673e-06,6.17352999670203e-06,-6.56553446442011e-06,4.53808837968177e-06,-3.85263873640837e-07,-3.00091372537064e-06,2.54532691257323e-06,1.2402139833796e-06,-4.25872504704397e-06,3.43275616290541e-06,-1.60194090887923e-06,2.46915858842436e-06,-3.88405217366136e-06,5.29900312133495e-06,-8.31510284987171e-06,9.88357262370366e-06,-7.90266515957927e-06,2.95172624256056e-06,3.01863485506493e-06,-4.08761917712797e-06,1.39149020388265e-06,-1.34469021280468e-06,1.71583174297391e-06,3.40503244190345e-07,-1.88323866567145e-06,2.40920023509797e-06,-4.27222359835442e-06,5.78961865107326e-06,-3.52350149769478e-06,-3.18168052721647e-06,8.32512478207738e-06,-7.36286434222589e-06,5.22145654039277e-06,-4.4491887315087e-06,2.71232363148691e-06,-1.12782195286436e-07,-1.55231650434201e-06,2.64835825528687e-06,-5.53158810499749e-06,1.0012150529803e-05,-1.13190405751315e-05,9.92568700699638e-06,-8.1842145254373e-06,3.77006597259776e-06,-1.59275385151716e-07,-1.04294401309004e-06,2.03675967181822e-06,9.4248503195522e-07,-4.91374177722581e-06,2.12791469876408e-06
-4.97510866744356e-06,7.14015310812913e-06,-8.09664597114826e-06,1.11197544797466e-05,-1.1565882665799e-05,6.08468759681172e-06,-1.16534469982609e-06,3.47517591253974e-07,-4.49453630902451e-08,-3.65523165314212e-07,5.27185863096662e-07,-2.12055606774068e-06,3.22634500253155e-06,-3.01733669406774e-06,4.19936169378311e-06,-6.58024728120979e-06,7.84071992597409e-06,-5.74760795871919e-06,-4.501721703601e-07,6.94760501751257e-06,-7.84455598970143e-06,2.93024528379653e-06,2.03227164536105e-06,-2.36664757240898e-06,2.16290788617697e-07,-6.01465016311473e-07,2.43135907035462e-06,-3.1956038193327e-06,3.96106251463762e-06,-3.50661970616831e-06,8.92591735224503e-07,2.04248599315507e-06,-4.74769493413838e-06,5.28868884542109e-06,-3.03504364800829e-06,1.16977176780478e-06,-1.43348294853191e-06,1.61049099718581e-06,-4.39635588397911e-08,-2.28705484139953e-06,4.91019446138181e-06,-5.80791303360604e-06,2.7349821694162e-06,3.09287085507325e-06,-4.90727957726432e-06,1.32155951516303e-06,-7.6671630921168e-07,3.4417932910009e-06,-2.81325914231235e-06,-4.28964938195257e-07,2.8778028372092e-06,-4.42249309552453e-06,6.01699532405563e-06,-8.41578004442326e-06,9.75102587799816e-06,-9.56954268392906e-06,9.38692645319393e-06,-7.28212097638805e-06,3.35089225762882e-06,-5.90299264928725e-07,1.03455047231707e-06,-5.25545770846382e-06,7.05985069480487e-06,-1.5081726336803e-06
2.94193758223517e-06,-3.22307162398364e-06,5.27334710448579e-06,-1.07301250300657e-05,1.37454655692152e-05,-8.46340452581776e-06,1.40067524820998e-06,4.14635288585566e-07,3.60426984236849e-08,1.09288556570657e-07,-1.39770982078694e-09,8.6677282401082e-07,-2.78885450902019e-06,3.84363683297478e-06,-3.8943399232272e-06,3.91268173479095e-06,-4.01088216714774e-06,1.66868813387586e-06,4.77282805582109e-06,-1.07289008964572e-05,1.06310115129286e-05,-6.22484074306686e-06,1.93397905342271e-06,1.89288778072582e-07,-4.7060753687453e-07,1.42730230614631e-06,-2.8040608027167e-06,1.63282437793511e-06,1.37501811902795e-06,-4.24782630044292e-06,6.33346382739228e-06,-5.88648866757008e-06,3.49901578473937e-06,-1.68502446275284e-06,3.31134708435249e-07,5.62038923497755e-07,7.95435506476868e-07,-2.48443319720081e-06,1.43921608367017e-06,1.93316842069686e-06,-5.47354369515082e-06,6.08356217924985e-06,-3.62317387356889e-06,6.96727140937506e-07,-1.08549487788798e-06,4.19090491634044e-06,-3.69889141467397e-06,-1.18685102117186e-07,1.70941049495407e-06,-7.519484344156e-07,-1.48892253522851e-06,3.77345746201894e-06,-4.05413866366875e-06,4.51563440769726e-06,-6.05494392652134e-06,6.44489537812095e-06,-6.31789900215054e-06,5.83219797000685e-06,-3.33650117018857e-06,3.44691058507657e-07,-9.66963281032985e-07,4.95470064012505e-06,-4.97992688210094e-06,-7.19076394298899e-08
-6.87191061276711e-07,-1.94900092202578e-06,6.88714694124328e-07,4.9451103329744e-06,-9.63608466741839e-06,6.39422308014987e-06,8.88207402868827e-07,-2.82393595004618e-06,-4.62791508598658e-07,2.62408524436589e-06,-1.79507197844548e-06,-8.24060494645735e-07,3.85025927957788e-06,-5.10651600657711e-06,3.57774390603888e-06,-1.38054184088899e-06,9.39086021559593e-07,8.30181219572016e-07,-6.6112901984668e-06,1.06547562071093e-05,-8.37760285670458e-06,4.02548488025856e-06,-9.38548865842099e-07,-1.43725790503266e-06,2.45687451582731e-06,-2.27353302090682e-06,2.04088214650209e-06,-6.01180463943336e-07,-2.86106023234813e-06,7.35245486764611e-06,-1.06262354859967e-05,9.08573549189124e-06,-3.14406051109133e-06,-1.72725569557748e-06,2.50317748797761e-06,-8.28423328047001e-07,-1.12372148733887e-06,2.07669460833907e-06,-1.92491183429159e-06,1.66561142917348e-07,2.94683319551691e-06,-3.98851260418693e-06,2.68509123627302e-06,-1.47584798467155e-06,1.984994192183e-06,-4.06842607521035e-06,4.00618429162091e-06,-1.28448781163538e-07,-3.8470020478231e-06,4.40401256306966e-06,-1.15817215076633e-06,-1.9212989057266e-06,1.63541562866453e-06,-9.27868023963281e-07,1.6540870357084e-06,-1.40328153662148e-06,4.66206517037274e-07,-6.6792891920459e-07,4.10549709302077e-07,7.94526102390843e-07,1.41486235918933e-07,-2.99503914889643e-06,1.89214770775262e-06,1.66395224956603e-06
1.69053290887269e-06,2.04856061522871e-06,-2.67580272192748e-06,3.44671154965404e-07,2.14834831641408e-06,-2.40843115035343e-07,-4.68639360930501e-06,5.66793630323934e-06,-1.01123968415548e-06,-3.09005606824248e-06,1.9944244707227e-06,2.63087875029515e-06,-6.83408354383625e-06,7.32960864350178e-06,-3.86397292903392e-06,7.41227332890677e-07,-5.89649962437128e-07,-1.44127457189509e-06,6.89241314947717e-06,-8.48155528101501e-06,4.24039384946081e-06,-1.78755503491263e-07,-2.25813691633363e-06,4.80516048088864e-06,-5.78758008099226e-06,3.89280308744167e-06,-5.86911415062447e-07,-1.67475494095208e-06,2.79087195370402e-06,-5.97136350785466e-06,9.8729105694534e-06,-9.39901262831739e-06,4.68930741043517e-06,-7.15287121615656e-07,3.54309655550339e-07,-1.17150913572779e-06,6.54291135383332e-07,4.31448596634712e-07,4.03676414056232e-07,-1.98851763571832e-06,8.70425064868964e-07,5.9803857120683e-07,-2.69472668218765e-07,1.15421853277043e-07,-1.82828329102562e-06,4.26230462782431e-06,-3.54124202768405e-06,-1.42933463032871e-06,6.00653531457799e-06,-5.25404563773992e-06,3.54507135167864e-07,2.20447972928567e-06,-4.52852755082314e-07,-2.16563057063819e-06,3.31411685465196e-06,-4.02865183795475e-06,4.55161132892563e-06,-3.20194370427533e-06,1.65152644615882e-06,-1.32945723002211e-06,5.14825287344392e-07,1.88276657838579e-07,2.11354342456451e-06,-4.28154362042304e-06
-1.57245886622786e-06,-5.18671763284706e-07,1.27393870060435e-06,-2.45069731392532e-06,3.81642811891943e-06,-5.34784632495709e-06,7.38418013704008e-06,-7.29459871759089e-06,3.00599102571812e-06,1.31685043139823e-06,-8.41916291129904e-07,-3.1528370576678e-06,7.3341559726802e-06,-8.67518242534589e-06,5.64158380143709e-06,-3.06913459062142e-06,3.19533118630397e-06,6.27957534513709e-08,-5.23190380272195e-06,5.06917360224567e-06,-2.11404861402686e-06,1.25700901145975e-06,5.0762764893509e-07,-4.77243746071928e-06,5.8370569938415e-06,-1.56223634516742e-06,-3.61617200331037e-06,5.09502121689574e-06,-3.09629618358083e-06,3.08350575059291e-06,-5.28882338919849e-06,5.69132842598525e-06,-4.12901696093108e-06,3.26911133171968e-06,-3.01168850107316e-06,6.61748196281591e-07,2.16104601719072e-06,-3.15946075338299e-06,1.23276462850308e-06,2.10490890905086e-06,-2.74414228517729e-06,1.77082233159329e-06,-1.19637794577915e-06,-3.82584217665613e-07,4.02281322866592e-06,-6.83768973332939e-06,4.75360389569815e-06,9.40036319326687e-07,-3.8503005498617e-06,7.72745603895921e-07,3.86716233634448e-06,-3.86816869753908e-06,1.02992772383812e-07,2.81267602378397e-06,-3.88099982032667e-06,4.70088500558437e-06,-4.63151352918763e-06,2.62141602430856e-06,-1.31164348898114e-06,1.18564900573066e-06,-3.09506704921106e-07,6.36848814858428e-07,-3.30138356977952e-06,4.08567774683316e-06
-1.54165686503365e-06,4.25483182164839e-07,7.65628782500639e-07,8.222314402184e-07,-3.02087361588684e-06,3.62667078525015e-06,-4.85269913087643e-06,5.7167887138803e-06,-3.17327963865906e-06,-1.33833529123335e-07,3.4840657862531e-07,1.64973062268294e-06,-4.75811494659274e-06,8.00086660086083e-06,-8.03544641958997e-06,7.40533375806785e-06,-8.4818975072055e-06,5.76809316419073e-06,-1.22096341274718e-06,1.68843700953779e-07,9.44521145035582e-07,-3.55852131564741e-06,2.33402954085252e-06,3.81100610565853e-06,-6.72827018861942e-06,2.64892240627718e-06,3.00771601636758e-06,-4.71997551702449e-06,2.52490905657285e-06,-1.13813759907909e-06,1.39426664931328e-06,-1.80725807661793e-06,2.11165698464116e-06,-2.6125390740504e-06,1.51971954031544e-06,2.29875490908707e-06,-3.96600204636236e-06,2.91235402496752e-06,-1.77552987347969e-06,4.5538269355055e-07,6.17143904976067e-07,-1.64552848551075e-06,1.79561231248384e-06,7.66355816176831e-07,-5.30692700846728e-06,7.60461350945414e-06,-4.51017166754068e-06,-8.84564967728362e-07,1.57943731389575e-06,2.22986627929402e-06,-3.89859702701477e-06,1.1512218709316e-06,2.34042026079663e-06,-2.84330694119145e-06,2.53775592141955e-06,-4.17380734540132e-06,4.27262094601287e-06,-2.26944067318549e-06,2.01511915798915e-06,-1.6814136996452e-06,-9.45906377077828e-07,2.12395489856289e-06,-9.75535764025495e-07,9.20357681276383e-07
2.89279177084531e-06,-1.30547016066109e-06,-8.75427696441281e-07,2.33908100706034e-06,-3.67958259890342e-06,4.36578165451402e-06,-1.75913494448598e-06,-1.60308487687898e-06,1.68495548321119e-06,-1.51724899568074e-07,5.27674001359446e-07,-2.51199985790506e-06,4.84448986558075e-06,-7.79568732688882e-06,8.94187663149663e-06,-9.27519107075259e-06,1.12159331175986e-05,-9.85439923385878e-06,5.27667985806513e-06,-2.37922974325671e-06,1.22096630854463e-07,2.40199566881408e-06,-1.97008548216954e-06,-3.29426276726039e-06,7.37443192706472e-06,-5.28167996574161e-06,8.3911667585172e-07,9.98071732043051e-07,-4.50233013271844e-07,2.03181866350972e-07,5.34891468170697e-08,1.72645148180649e-07,-1.61158880237896e-06,2.53576076729376e-06,-5.70011715586626e-07,-2.76255636224948e-06,2.29157796149132e-06,-4.27786800839276e-07,1.74204923975911e-06,-3.29193865606819e-06,1.90667883645757e-06,1.30128632044116e-06,-2.55546753929778e-06,-6.44135106985055e-07,5.18271498662741e-06,-5.13947145380971e-06,-4.73380906408457e-07,5.45050661804076e-06,-3.7118197150739e-06,-3.5103292438248e-07,-2.63706533263114e-07,3.54242375818824e-06,-5.04470169649575e-06,4.11017759344389e-06,-3.85937438746054e-06,5.70891923387572e-06,-5.41798592780191e-06,3.37670731880485e-06,-2.97029243075742e-06,9.93315218942671e-07,2.77623005453084e-06,-3.93060672508625e-06,3.51046223164307e-06,-3.43220049937446e-06
-1.23807883696501e-06,3.06271429617132e-06,-1.32568815266146e-06,-3.41140233852395e-06,7.42105254800839e-06,-7.59165240031679e-06,3.97463563422078e-06,-7.19545086801352e-07,2.92121455187554e-07,-5.28332787113721e-07,-1.68448798060688e-06,5.1342562690017e-06,-6.58253056717404e-06,7.06978077729241e-06,-6.77416647662675e-06,6.96264393331517e-06,-9.4866164488269e-06,8.76351745314737e-06,-3.74960755789261e-06,8.47157464014045e-07,-2.41982278774583e-07,-1.73775510361006e-06,3.47036340102364e-06,-1.21586261311879e-07,-5.79351272567633e-06,7.54783349381233e-06,-4.72277397140437e-06,2.04237970604694e-06,-1.37402755449469e-06,5.45367811451602e-07,9.87475611269993e-08,-2.3132526550264e-07,1.63808776896129e-06,-3.55819319232255e-06,2.96022201942781e-06,-1.45241095125808e-06,2.66967035689702e-06,-2.86171989321777e-06,-1.76556586272097e-06,5.53622892690579e-06,-2.95455102569719e-06,-2.30644348552851e-06,3.61761853776671e-06,1.90275281954629e-07,-3.88540888217783e-06,1.49922141218532e-06,6.06748540886149e-06,-1.04680598181868e-05,6.98105075126514e-06,-1.76574580177934e-06,1.15448529033583e-06,-2.99630082013229e-06,3.70011462505072e-06,-3.62005145526621e-06,4.44232502644337e-06,-5.76559090997744e-06,5.0910484538495e-06,-2.98685026255491e-06,1.12297382459877e-06,2.73105416302275e-06,-5.85748019397536e-06,3.59122573224676e-06,-1.7388910927353e-07,-5.18467970212132e-07
-1.63228061282921e-06,-1.00786150749649e-06,-6.91862133588041e-07,3.75715348943969e-06,-4.21017447263435e-06,2.09172598977277e-06,1.3584978525205e-08,6.78862094228823e-07,-3.03264178383539e-06,3.10463384702525e-06,8.27745590046852e-07,-5.6324962637151e-06,6.26976799176188e-06,-3.93866447619046e-06,1.68405141768313e-06,-2.23198591973458e-06,6.57775870443002e-06,-7.3592504798177e-06,2.25421794407213e-06,7.30228099543347e-07,-3.14279177940188e-07,2.60039309782084e-06,-6.39692098582556e-06,4.41823449092658e-06,2.14592105760062e-06,-5.31821599776263e-06,2.98668977877482e-06,-6.45180377663718e-07,1.30380977745039e-06,-9.06615211992719e-07,-1.24406001356253e-06,1.21325546735531e-06,8.6749508387092e-08,8.91694721425296e-07,-2.73001455315863e-06,4.19183256936586e-06,-5.70883161228469e-06,3.9707490455618e-06,2.42073563258992e-06,-6.63159148391055e-06,3.47184705322504e-06,1.8775696036991e-06,-3.36098220475696e-06,1.65260864988514e-06,-4.23767919558943e-07,2.90767050126765e-06,-8.32664706269041e-06,1.06558005605319e-05,-7.28814709621268e-06,2.70061136738943e-06,-8.21173820649244e-07,1.6392706040841e-06,-2.7769163780542e-06,2.51047638822544e-06,-1.78181282064709e-06,2.02733781312437e-06,-2.44009734464049e-06,1.57708825855992e-06,7.36941115665533e-07,-5.3144239050033e-06,8.29904612533197e-06,-4.25186755887227e-06,-2.44357147575901e-06,4.60969145384276e-06
5.2813332259957e-06,-6.86263309603006e-06,8.66259137136938e-06,-6.6093710513417e-06,2.32638699619359e-06,3.99469362854411e-07,-1.42057986540588e-06,-1.31951104910601e-07,3.70447911113046e-06,-4.84278468541986e-06,1.74721565599224e-06,3.53460433637912e-06,-5.53086641400714e-06,1.8077441297647e-06,3.25413419895923e-06,-2.77201679783642e-06,-4.00237250771839e-06,6.94433331535358e-06,-1.91042992625641e-06,-2.24793458051035e-06,1.77890134270208e-06,-2.51501700532718e-06,5.14332249409601e-06,-4.18749990152003e-06,-2.39804852211757e-07,2.53028814182209e-06,5.36127239670178e-08,-3.02794065885322e-06,2.24317228762607e-06,-1.41329233655332e-06,2.35527455062336e-06,-3.40300078545732e-07,-5.08851422664917e-06,7.50958824750828e-06,-4.44753220028532e-06,-8.28641098159644e-08,2.42094226436973e-06,-1.12187843622789e-06,-2.48184818580701e-06,3.35876836901147e-06,-7.37650515493124e-07,-1.00496958168584e-06,1.78640890564002e-06,-3.37309447162772e-06,5.15011340863912e-06,-7.08501159062561e-06,8.49295076620565e-06,-7.23410468573596e-06,4.09002207643196e-06,-2.13914612911768e-06,2.28062707547838e-06,-4.1898518015864e-06,5.70238886810419e-06,-3.26959058349469e-06,-9.87337454400569e-07,1.57857927170073e-06,6.28906110770156e-07,-1.39385753118345e-06,-6.16594933914409e-08,3.34000320794824e-06,-5.8101297325641e-06,3.37310299335445e-06,2.12787096286733e-06,-5.06754976725149e-06
-6.00552157689166e-06,1.02788263785514e-05,-1.205719158772e-05,9.24567173670417e-06,-6.34845283538918e-06,5.77128903434502e-06,-3.31934598659153e-06,-1.49682922847279e-07,-2.29386663870682e-07,2.6621666442881e-06,-3.57271485781043e-06,6.81346734782987e-07,3.07410162768647e-06,-1.04031281611124e-06,-4.51616582349085e-06,4.08020718893497e-06,2.91179312298861e-06,-5.90435564069035e-06,1.41713650141749e-06,2.87392541354315e-06,-2.76485940679107e-06,1.68678728458434e-06,-1.69349859995506e-06,1.05778196617509e-06,2.81242176159024e-07,2.41207601583846e-07,-4.45649856567429e-06,9.20642687687829e-06,-9.40098182875332e-06,6.10118535876744e-06,-2.78510556703823e-06,-1.48570264340299e-06,8.23619829671251e-06,-1.25569223706505e-05,9.51166523438397e-06,-4.27106372518818e-06,2.48673871250485e-06,-2.67152576711837e-06,2.30943404570402e-06,3.05828822023837e-07,-2.32448674110995e-06,5.85434304182962e-07,1.97512837439448e-07,2.9598194721905e-06,-6.78266183540749e-06,8.1990740357115e-06,-5.89828109655654e-06,1.27070415009923e-06,2.29182366505635e-06,-1.99942752033971e-06,-1.49311257266972e-06,5.18569480218525e-06,-6.77191922595375e-06,3.68561078600826e-06,1.26025843497379e-06,-1.48172894061781e-06,-9.89218369446166e-07,9.46108561501239e-07,-2.13919941851942e-07,1.40351859445832e-06,-2.8171483094912e-06,3.07240261884293e-06,-3.02731396430657e-06,3.57185299707409e-06
3.01015422574468e-06,-3.96647302997006e-06,4.9896204952129e-06,-5.79595608185903e-06,7.38648118968738e-06,-9.74896353485723e-06,8.22021096788124e-06,-2.45095796293449e-06,-8.44524131923375e-07,-6.53714026616092e-07,4.05471105532096e-06,-4.61877365258967e-06,1.23918963816245e-06,2.87370278786005e-07,1.20347676957182e-06,1.78756058948838e-07,-4.13828375907744e-06,4.55587157245966e-06,-1.2562115769824e-06,-1.28918938173308e-06,1.37563531707113e-06,-7.57465053644698e-07,4.02347611159975e-07,1.71402055600145e-06,-4.70919719531621e-06,3.17643909999475e-06,4.65049786854523e-06,-1.21939331187254e-05,1.25335810292167e-05,-7.68513757961348e-06,2.81275938910668e-06,9.47913016569595e-07,-5.45850355699845e-06,8.72874583340251e-06,-6.98353684614544e-06,4.25233507551094e-06,-4.13332145269809e-06,3.92768658525975e-06,-2.82001878213486e-06,1.10615371959361e-06,-3.03983901783943e-07,2.09329208018993e-06,-2.0848049752361e-06,-1.8823330596824e-06,5.63406874837695e-06,-5.38165275856336e-06,8.16075444134475e-07,4.58995238852251e-06,-7.79546994255514e-06,6.74547383140693e-06,-1.80557133928875e-06,-2.64291206204209e-06,4.35015950726489e-06,-2.74613308191343e-06,-5.64194761143586e-07,1.10467787007892e-06,1.99270590651226e-07,6.98777709195003e-07,-1.66098928647472e-07,-6.29480998616443e-06,1.22752677105223e-05,-1.0768788343333e-05,5.61076804462381e-06,-2.93787357410847e-06
-2.18894159573971e-06,-2.69219124113994e-06,3.22225434580729e-06,-7.90410906468056e-08,-3.09913222910661e-06,6.00885934241798e-06,-7.57655049020496e-06,5.88041827708828e-06,-2.78720885465102e-06,1.73367854094382e-06,-3.58486222304114e-06,5.30497722049676e-06,-3.02627029853029e-06,-1.43684568770231e-06,4.11870331616887e-06,-4.81938240161792e-06,4.03093201536349e-06,-2.10679382258379e-06,5.00464332171291e-07,2.62964705318836e-07,-1.85576431831392e-07,6.72842233256177e-08,-2.42032393652537e-07,-2.49929734574995e-06,6.4616003250054e-06,-3.72652647151799e-06,-5.24912434534141e-06,1.01864188861516e-05,-7.40221902811902e-06,3.65632143270371e-06,-1.40393793158497e-06,-9.71353494151007e-07,3.05565780184232e-06,-3.66530019951139e-06,2.74029290157774e-06,-2.35593450947626e-06,2.50659148975856e-06,-1.90626073592647e-06,2.4773646135681e-06,-4.24448730199889e-06,5.00508771005132e-06,-4.97332693947272e-06,2.68415419558277e-06,1.34102087242427e-06,-3.48445992235999e-06,1.93309037282436e-06,2.06663727785088e-06,-4.75837709471042e-06,6.06244167449447e-06,-6.64427291678946e-06,4.36518389500163e-06,-4.96444742944095e-07,-1.89179052265518e-06,2.02007202779921e-06,-3.32513123367536e-07,-1.21596728231611e-06,1.82878603435816e-07,9.80016114366282e-07,-1.93998074652294e-06,7.7505692899716e-06,-1.37055080954788e-05,1.23203631410771e-05,-8.39962034904759e-06,6.1608963918111e-06
3.55676819621441e-06,2.49868450745234e-06,-2.92994799869216e-06,-2.17418507501554e-07,1.75340211684275e-06,-1.28104350071353e-06,2.28521798547148e-06,-4.37437816300381e-06,4.15622173522441e-06,-2.26260747118144e-06,1.89486398235253e-06,-3.10450833218439e-06,1.8959464472876e-06,2.88027797640801e-06,-5.70444386284848e-06,2.74591588086689e-06,1.91590066241397e-06,-3.22553151470742e-06,1.99376811304313e-06,-1.86031999988103e-06,2.42245063495422e-06,-1.49564747901814e-06,-5.34563705735579e-08,2.24613763786528e-06,-3.59075631421159e-06,-5.17618642988425e-07,7.53433276417247e-06,-8.02621840215772e-06,2.40673747290637e-06,1.42513382229546e-07,-5.67690029609254e-07,2.54779504318669e-06,-3.39633522608522e-06,1.93175537326361e-06,7.2235302906381e-08,-1.43621361183939e-06,2.59806451642957e-06,-2.96025828086252e-06,6.28910279812513e-07,2.75410425019716e-06,-4.44071444159505e-06,4.89192414420052e-06,-2.75419747282669e-06,-1.24468730199947e-06,3.85323339400307e-06,-3.59266731848826e-06,1.17453531775251e-06,-6.17116874095719e-07,5.84657671931417e-07,2.22518563044354e-06,-3.32952639544517e-06,1.69054195608594e-07,3.13313321322708e-06,-3.97130013810901e-06,2.51973429588304e-06,-1.10787711097748e-07,1.27218940567886e-06,-4.36263456653167e-06,4.03759234006151e-06,-4.44266625980593e-06,6.49080640741566e-06,-6.87960435408217e-06,8.41657663891369e-06,-8.86738072248004e-06
-3.97311221873416e-06,2.63055468206226e-06,-3.1059316743323e-06,4.13308675999921e-06,-2.64085423915199e-06,-1.02593971159916e-06,1.67032986427909e-06,1.30502340667349e-06,-2.85766165173595e-06,7.26452984183972e-07,1.32129597058598e-06,-1.52234701025507e-07,-1.4174511712132e-06,-4.12454743033858e-07,1.4205126286078e-06,3.74403728387236e-06,-9.38966702270663e-06,9.3269642681562e-06,-6.09555894854807e-06,4.71226209973678e-06,-5.29177171814703e-06,4.02706290854162e-06,-6.71050923853418e-07,-1.6305776828847e-06,-3.89397411654854e-07,6.87943205170585e-06,-1.20285416109611e-05,9.62184356900789e-06,-2.69665666920221e-06,-7.92833707367454e-07,1.62576930216634e-06,-2.4338854485574e-06,2.34248909814964e-06,-1.56130026715087e-06,-8.45377719013482e-07,4.77633515579779e-06,-7.60741791696224e-06,7.25687866306588e-06,-4.24254004628185e-06,1.97640622684248e-06,-3.70939785286747e-07,-2.89751512357763e-06,3.25640652583123e-06,9.7153705133761e-07,-5.57242824984318e-06,7.94693370337727e-06,-6.36675796327857e-06,4.16996652813092e-06,-3.38330888209034e-06,1.89479176222996e-06,-2.12464236355815e-06,5.28889535324457e-06,-8.39138484058929e-06,8.89236571663839e-06,-5.6046375736911e-06,1.16588438079625e-06,-8.95605143106068e-07,3.08806374064554e-06,-2.20002786547242e-06,2.15442395237654e-07,4.85951370186799e-07,2.47780911603916e-07,-3.39686106031267e-06,5.34320444523614e-06
3.76234694889141e-06,-6.19117557870096e-06,6.14698312052399e-06,-4.11741750384604e-06,-3.24918247537242e-07,3.7991089031095e-06,-2.41427486016664e-06,-1.92691113203548e-06,3.31709600430811e-06,1.54808910752068e-06,-6.33118068456177e-06,4.26100602941272e-06,1.48763856063591e-06,-3.56446749458127e-06,2.91720675146033e-06,-5.56555877560542e-06,9.1957919418221e-06,-1.00027670120029e-05,8.66524435105548e-06,-6.43291958572287e-06,4.04368750172852e-06,-1.81260175304088e-06,-2.5026189429949e-07,1.67390258283945e-06,5.41459233743945e-07,-5.9822824640633e-06,9.07631399610581e-06,-6.80983263435022e-06,1.4285363534954e-06,2.72244099202044e-06,-4.07782384061869e-06,2.95920894177202e-06,-2.05669425797762e-06,2.96048115871436e-06,-8.8118929263386e-07,-4.9743385872767e-06,8.39759078561785e-06,-7.01510860116246e-06,4.31509533548566e-06,-3.93421743062082e-06,3.56325540506759e-06,5.97730701781266e-07,-3.71889283487389e-06,2.2041512916891e-06,1.43846181939919e-06,-5.28502821327568e-06,5.36187832269028e-06,-2.91032864380798e-06,3.21119914780633e-06,-5.52468734014273e-06,8.069575191853e-06,-1.00571701637992e-05,1.19113674895055e-05,-1.28827637833015e-05,8.72637381100931e-06,-1.70261506793015e-06,-1.55592211130669e-06,1.50003200587841e-06,-1.40774361496678e-06,1.6433821291071e-06,-1.47432889209343e-06,1.02664197570801e-06,-9.65894114554372e-07,-3.23983385514907e-07
