-5.59074028199464e-06,4.41419811282136e-06,4.21776202675885e-07,-2.84088477831031e-06,2.51479782892293e-06,-1.19128096986202e-06,4.1380501075875e-07,-1.28752224650827e-06,1.04703006083493e-06,1.90944828672488e-06,-5.98072125993202e-06,8.68220869259395e-06,-7.33174266770259e-06,2.80663970876973e-06,7.57837628136998e-07,-3.35151516863452e-07,-1.79503283500547e-06,3.02229011042814e-06,-3.50308638433362e-06,2.8665932113881e-06,-3.4412255974854e-06,4.70099540484115e-06,-4.29615909717051e-06,3.57213308385777e-06,-1.37706329596455e-06,-1.19444399288449e-06,-1.62295037660461e-06,7.91327676992546e-06,-8.33885930500152e-06,2.66874041439718e-06,2.16599910749165e-08,1.92351579074967e-06,-4.74686499558237e-06,4.04779230934029e-06,1.853210716491e-06,-6.85088261614043e-06,6.85727827004586e-06,-3.96951782022202e-06,4.46268497317216e-07,2.69129707714945e-06,-6.31255603257661e-06,9.03205595520495e-06,-8.11572233806487e-06,3.14180380580437e-06,4.58530582350084e-06,-9.76529205872706e-06,1.09859229495965e-05,-1.05136602716903e-05,8.83721561800163e-06,-7.3522313508673e-06,6.30434977080731e-06,-5.27752714726636e-06,4.07902615817081e-06,-1.87952159222437e-06,-1.68874851929728e-07,4.18381807722813e-07,5.49645399750858e-07,-1.70322429222808e-06,1.0282859423199e-06,1.17213644503411e-06,-1.61188486424436e-06,8.03428276813401e-07,-2.99465909119151e-07,2.16004390010743e-06
4.56589767707255e-06,-4.88178949754474e-06,1.2819987061116e-06,4.67944388123409e-07,-6.32576776846349e-07,1.4626061042874e-06,-3.57023936315171e-06,4.49356385482415e-06,-2.12979273780066e-06,-2.88353440887944e-07,1.00461195295797e-06,-1.11898990499838e-06,4.35700201647914e-07,7.59857886438671e-07,-2.19253548674868e-06,2.52086253748102e-06,1.07505966010164e-07,-4.7562451900561e-06,7.95897392004157e-06,-6.98191013613611e-06,4.35073429844033e-06,-2.53182107033902e-06,1.75814784113775e-06,-2.57854184525505e-06,1.86419898444311e-06,2.13635766951605e-06,-3.83423490093882e-06,-3.18181076973023e-07,3.78673127903555e-06,-2.6648317827327e-06,1.76293441904442e-06,-1.19391638166884e-06,5.46975750699678e-08,1.75441587881685e-06,-5.89388161054121e-06,8.53405350775165e-06,-6.46512162280767e-06,2.2086053133789e-06,2.10573102054467e-06,-5.09950725171774e-06,6.49540674275681e-06,-7.42520290501293e-06,7.63869356964019e-06,-3.25418737058239e-06,-6.00357428654047e-06,1.23078122361496e-05,-1.36040591021273e-05,1.20012246958996e-05,-7.97998819504326e-06,4.41405787611668e-06,-2.59986417264458e-06,2.44724544849148e-06,-3.59920771415631e-06,4.01914737562517e-06,-3.26354215985852e-06,2.1175131818231e-06,-1.6448994633066e-06,1.77944046606381e-06,-1.85127507804598e-07,-1.29838547556522e-06,-2.77872684567241e-07,2.67704179676163e-06,-3.67511846458555e-06,7.19825370175249e-07
-4.22333922144844e-06,7.44143414089043e-06,-6.3011617790391e-06,4.72686682842986e-06,-3.1809505123315e-06,-4.29575510830952e-07,5.56771339427564e-06,-7.24773933197618e-06,4.30070269163101e-06,-2.23288448092489e-06,3.57260029187498e-06,-4.76298721824696e-06,3.31054955352787e-06,-6.87169326107584e-07,7.60589743167094e-07,-2.87465007320928e-06,1.02816053643697e-06,3.90736833814028e-06,-5.6065620927954e-06,3.72634052113784e-06,-2.23871866892438e-06,2.14778314928413e-06,-2.46710761461358e-06,2.50573693834694e-06,-2.52224962147925e-07,-4.17736982600008e-06,5.65493890949167e-06,-1.58580568965641e-06,-2.21835803223005e-06,2.92881815942044e-06,-3.64995288588394e-06,1.61698412815169e-06,3.09282122544358e-06,-5.91906004330414e-06,7.85419091064903e-06,-8.97074889834618e-06,6.56185258580933e-06,-1.14976119851916e-06,-4.12157298218872e-06,6.39251150264101e-06,-5.67286351757931e-06,4.58894031540779e-06,-4.35448020501104e-06,8.18186478772176e-07,7.45449417335214e-06,-1.40952882090646e-05,1.53493400826641e-05,-1.09621115238611e-05,4.42290667660902e-06,-1.35661633126949e-06,8.04815887274937e-07,-8.26535059607839e-07,2.98194826816503e-06,-5.95172317998853e-06,6.24614220407325e-06,-3.28870359883201e-06,1.62919670015613e-06,-3.12036985869233e-06,3.10045553227995e-06,-1.90961291048318e-06,3.31258058686293e-06,-6.55271807363223e-06,7.92969132914072e-06,-3.38377368310025e-06
2.83714577958311e-06,-8.39370631265472e-06,1.00396749555795e-05,-9.15218388160245e-06,6.1022103708937e-06,-1.06271337868714e-06,-4.69832469445879e-06,8.06178483331953e-06,-6.81529578202804e-06,3.75318073548409e-06,-3.32948143900539e-06,3.41649146104266e-06,-9.45657257614648e-07,-2.03243390214017e-06,1.41092287011378e-06,1.86144662902915e-06,-1.2363194816737e-06,-2.78906131253967e-06,2.6398150902054e-06,1.07837611435544e-06,-1.69766783145754e-06,-6.85435549449172e-07,2.45607040664039e-06,-1.89222844458822e-06,-1.27754660865214e-06,3.88406318830502e-06,-2.0115235566901e-06,-2.24003781644112e-06,3.57374826197169e-06,-3.46427433895446e-06,4.90690812845355e-06,-3.05244488281078e-06,-2.57898273614295e-06,6.10162915369747e-06,-7.2568204759831e-06,7.88736775815417e-06,-5.2052710966576e-06,-1.76838567597966e-06,6.89118263093724e-06,-6.71171055843418e-06,4.16279943978808e-06,-2.28037755556804e-06,1.81897932671047e-06,5.68233310161065e-07,-6.25295472417504e-06,1.14291628716923e-05,-1.21836976405026e-05,6.55195851767989e-06,6.63332094496418e-07,-1.99551053106245e-06,-3.63758511874247e-07,6.50167388297238e-07,-1.15186047977971e-06,4.21019061956959e-06,-5.49879939033838e-06,2.15710243950628e-06,1.32654891256981e-07,2.77255054187365e-06,-5.45186313192239e-06,5.11278811795077e-06,-5.53864139593664e-06,9.32609949328737e-06,-1.1698782530191e-05,6.28354879771548e-06
-1.39962750368197e-06,6.22657086404964e-06,-1.03312368799596e-05,1.15713224277811e-05,-7.77539844607486e-06,2.30033751575778e-06,2.76881280819328e-06,-7.99694627622432e-06,9.11260665031985e-06,-4.72485781305482e-06,1.14659120804696e-06,2.31068579074446e-07,-2.31069587401502e-06,4.43950532183345e-06,-3.83026899079088e-06,6.00385209934631e-07,1.48705452445212e-06,6.68970954659708e-07,-1.62474116549106e-06,-2.83516806263808e-06,5.47220069501233e-06,-3.47983570325907e-06,9.64215782605009e-07,1.01420019857215e-07,9.87841951161513e-08,9.53435323525292e-07,-4.22594801204189e-06,5.81484709648703e-06,-4.17310752817626e-06,3.7947605769312e-06,-5.45666411009093e-06,3.25940756263463e-06,2.74289338649656e-06,-6.66484544493643e-06,6.75256181023045e-06,-4.79674633137835e-06,2.13637802139899e-07,7.03357168119055e-06,-1.02606751520426e-05,6.66740986142129e-06,-1.11530468476888e-06,-2.22589920888455e-06,2.13568745703002e-06,-1.73050767602356e-06,2.58273452103705e-06,-3.18793034372109e-06,3.11443907363345e-06,-1.17660919269654e-06,-2.37400314320936e-06,2.51151358874274e-06,6.85065340716849e-07,-8.46678974785377e-07,-6.29388292371697e-07,-6.03740546838533e-07,2.34214540791806e-06,-1.04204000901279e-06,-5.93677396550473e-07,-1.3651823404404e-06,4.50327595045858e-06,-5.41227068290556e-06,5.31127615469759e-06,-8.2331074044378e-06,1.03822217172943e-05,-5.58509773905294e-06
1.54100058591817e-06,-3.3493616877794e-06,7.30664689844576e-06,-9.10231747895694e-06,5.63751194804115e-06,-1.53948206202228e-06,-1.59605445745657e-06,5.60511363537141e-06,-7.07924099406541e-06,4.56404599731542e-06,-1.69673967190437e-06,-1.28408890022197e-07,1.42920917183766e-06,-2.73510341855954e-06,3.36823293256084e-06,-1.3646267178869e-06,-3.08239679193307e-06,3.29302273531253e-06,-5.12816178912662e-08,1.76705362263665e-06,-4.80488083640965e-06,4.4716761690241e-06,-2.79950069120615e-06,-4.6108139448035e-09,4.01722910104974e-06,-7.68499507371458e-06,8.52680015938887e-06,-5.00487098503147e-06,7.32716190757042e-07,-1.04262797554453e-06,3.18256114570658e-06,-6.59900929071891e-07,-4.73736021990156e-06,7.72030551554914e-06,-5.96466429010521e-06,7.30708052585294e-07,4.07447537373419e-06,-7.17166223737747e-06,7.53898762658452e-06,-4.13912882803014e-06,-1.69758722722541e-06,6.97409563042771e-06,-7.22955696911812e-06,2.95954051330521e-06,2.12909042565352e-06,-5.79862292665933e-06,5.30141779472642e-06,-2.14220099827049e-06,1.56878815319487e-06,-1.75293987761901e-06,4.87915016695008e-08,3.91685018477106e-07,2.81810545902063e-07,-3.46502663048302e-07,3.69409312871395e-08,9.75910916888645e-08,2.4205830879252e-07,-3.47951995779006e-07,-5.14784111644037e-07,1.14259996977902e-06,-6.2699494551265e-07,1.90523336185817e-06,-3.17243565857871e-06,7.799305332466e-07
-1.86505330091223e-07,-2.88342683684443e-07,-2.44242967684952e-06,3.9118404619157e-06,-1.98351853346456e-06,5.52735377202691e-08,1.28008067012295e-06,-2.03917014369174e-06,1.54721113823053e-06,-2.65042891489085e-06,4.48746443635552e-06,-3.70711948091046e-06,2.58896944717525e-06,-1.31997200611929e-06,-9.69556184821997e-07,3.77612062164409e-07,4.39590986635264e-06,-5.99756217705707e-06,2.18938318779734e-06,-5.7932627498128e-07,1.29012132840375e-06,-7.53985320484938e-07,-9.21919078371171e-07,4.44661636163258e-06,-9.69162756732724e-06,1.33242615210907e-05,-1.11304240205927e-05,3.5868520000335e-06,2.7615306119513e-06,-2.55666474791097e-06,3.27511866919942e-08,-1.27609583713702e-06,4.40489709202934e-06,-6.5039166981237e-06,4.59712809210038e-06,1.49598984090295e-06,-4.2375853352444e-06,2.24679575710906e-06,-5.82370119895661e-07,1.5618472504359e-07,1.61800765396756e-06,-6.5412125234941e-06,8.35353371945606e-06,-2.11078987104434e-06,-5.98183677979215e-06,9.43006619113591e-06,-6.7556767981461e-06,1.72877177053024e-06,-5.67307346934702e-08,9.64582368713681e-07,-1.14459074811453e-06,4.27766055062051e-08,1.66508250211808e-06,-1.83714245293723e-06,5.16136327998495e-07,-9.05171306445507e-08,-8.29054272517627e-07,3.43810445362323e-06,-4.71146110922263e-06,4.20434595449625e-06,-3.88138161628895e-06,2.74055482562107e-06,-1.59505778829955e-06,1.48654636594134e-06
-2.88089095512308e-06,4.69438805798149e-06,-1.26621704575307e-06,-1.48735618882348e-06,4.17682395438769e-07,8.62506044967664e-07,-1.37918145850443e-06,8.46765890740586e-07,7.2688747761271e-07,1.51808348191805e-06,-5.62999313035561e-06,5.32416746055849e-06,-3.01241348855002e-06,4.21250312475301e-07,2.38864531501536e-06,-1.81375561475541e-06,-2.24191250727191e-06,3.82180612254533e-06,-9.76557750628068e-07,-1.12352115854607e-06,1.36383884214682e-06,-2.23176946985035e-06,4.4316315874443e-06,-7.0697503731823e-06,9.34496555483626e-06,-1.09536226458311e-05,9.15937809660524e-06,-2.98877383127293e-06,-2.6732630527716e-06,3.28363653902378e-06,-1.21823177026803e-06,2.34800356782178e-07,-8.54875687723069e-07,3.56744941772791e-06,-4.09799664678527e-06,-5.30068664363314e-07,2.92261019985029e-06,-8.63610432594525e-07,-9.90625195358322e-07,7.53407008958907e-07,6.36077935028452e-07,1.59891470369385e-06,-4.01746602759759e-06,-1.27570959445808e-06,7.86991162633296e-06,-7.76992083552649e-06,3.17425640903552e-06,1.45352892599046e-06,-3.24392957781887e-06,1.81397934175033e-06,3.36601505921137e-07,3.6819883954502e-08,-2.82303553561235e-06,3.97427137919135e-06,-2.63633805596186e-06,1.50783460184564e-06,1.27530422981219e-06,-6.26711514790639e-06,8.01216941874257e-06,-5.39269135081778e-06,2.16909814982755e-06,-5.31181918185235e-07,1.10473954605769e-06,-8.24885929174326e-07
3.31708781814521e-06,-6.52577308445988e-06,2.73535038195346e-06,4.04509116828968e-07,1.73398461117192e-06,-3.26188919652975e-06,2.22351444396029e-06,-1.67551387926862e-06,1.73291762714411e-06,-3.59047215290164e-06,5.02020624546763e-06,-2.51314976288913e-06,-1.35622757664319e-06,3.82349571037235e-06,-3.70662905788632e-06,1.53663558399344e-06,-1.51690353967059e-08,1.19446694139998e-06,-3.61413065122481e-06,4.0683946388991e-06,-2.21264790703843e-06,5.23413135792215e-07,-1.42391371774961e-06,2.80676302921267e-06,-2.31991418566122e-06,3.03604919072081e-06,-4.59024110460909e-06,2.57361828400809e-06,1.0475327047299e-06,-2.05354878771673e-06,5.28582708937814e-07,2.07662877526183e-06,-2.95530068036355e-06,-3.13079676062654e-07,3.22801422349368e-06,-7.75172298727915e-07,-3.20002099008618e-06,3.96785784615625e-06,-1.51477270540743e-06,-1.09279383682818e-06,6.29743439712981e-07,-3.18762207872891e-07,1.46725927080686e-06,1.37288482606881e-06,-5.17336976665451e-06,4.00617200824398e-06,-6.17082259253364e-07,-2.26641767897889e-06,3.57351951671459e-06,-1.8763640821865e-06,-8.0093349408338e-07,1.23859593928591e-06,9.52369044640555e-07,-2.59093244557549e-06,2.01724159152958e-06,-1.37309919730703e-06,-8.27622690064378e-07,5.73569577546013e-06,-7.74972897721771e-06,4.14982409048504e-06,8.84088928455501e-07,-2.11301104539936e-06,-1.25116411153238e-06,2.08654643844834e-06
1.22570855137349e-06,3.66522172378207e-06,-2.53760665014264e-06,1.06279682076816e-06,-3.22728622432905e-06,4.25868519333608e-06,-2.14423769364861e-06,1.22480242454631e-06,-2.74154537666798e-06,4.66334393182887e-06,-3.78064020741918e-06,-3.01258517484432e-07,4.39007868673627e-06,-4.88827815299092e-06,2.11863602484082e-07,4.1025375213081e-06,-2.09920378057305e-06,-3.56388544408285e-06,6.64083238523343e-06,-5.77194589228102e-06,2.2519167078179e-06,1.92742603435534e-06,-2.63254069704049e-06,1.53838155905018e-06,-3.0405593859648e-06,3.16783647334089e-06,3.2460808155196e-07,-1.37377250638107e-06,-1.68228962559466e-07,-1.49953552891661e-08,2.47648182402799e-06,-5.38184390123476e-06,5.24934205303335e-06,-1.7458920849978e-06,-1.0900659571295e-06,-2.34706180470355e-07,5.02090744681912e-06,-7.52489091272153e-06,4.25114375847042e-06,1.27437645280622e-06,-4.05590773673553e-06,4.13223051962931e-06,-5.26696910543555e-06,5.73219769204165e-06,-3.14475841670303e-06,-1.12596074513062e-07,2.43458669429883e-06,-2.76426326197701e-06,2.36337222929505e-06,-3.55262378540718e-06,4.66960237388792e-06,-4.89736136629268e-06,4.67394136311313e-06,-3.38449309055531e-06,1.96506776796416e-06,-1.46184349939065e-07,-1.19591933124498e-06,-9.32560320312068e-07,3.82497794787685e-06,-3.57233037145156e-06,1.38712013207557e-06,-1.72520685848069e-06,6.12440875300908e-06,-7.23330411634803e-06
-5.16690690692663e-06,-1.3324349432635e-06,3.32368548952599e-06,-1.95087829482695e-06,1.19071030630132e-06,-1.65135848760054e-06,8.94714063077448e-07,9.21465895903388e-07,-6.66364276979332e-07,-1.84501417027448e-06,2.21538106766407e-06,7.18245005350297e-07,-3.94693362275492e-06,3.76960281625663e-06,2.24987229326411e-06,-8.25215143228708e-06,6.22058518325715e-06,9.21360114887552e-07,-5.08748881486735e-06,5.32947119866291e-06,-3.66360811572055e-06,1.1081567564578e-06,-1.03253899991816e-06,1.54758318958162e-06,2.22360434022144e-06,-5.11465092531968e-06,2.79747579272363e-06,-1.39212626724988e-06,1.89260550403137e-06,4.75141440463368e-08,-4.4627810366295e-06,7.07723299184162e-06,-4.68236893188039e-06,8.68749642450791e-07,4.17563042370523e-07,1.22060474195012e-06,-5.49924263209277e-06,8.76454051308261e-06,-8.10767101133511e-06,4.18310594365007e-06,1.46101766546686e-06,-5.29555674924465e-06,7.86651871928913e-06,-9.94588697832427e-06,7.7081436627605e-06,-1.10685823946781e-06,-4.76990239504621e-06,6.46798360435378e-06,-6.57500067807464e-06,7.43687091761019e-06,-6.92852516158158e-06,6.55692351216867e-06,-8.3414593896421e-06,7.99515549692422e-06,-4.5089041846671e-06,4.627203829476e-07,2.97404921310882e-06,-3.38481364860466e-06,7.51924550071491e-07,2.93704560896158e-06,-5.41116013805984e-06,6.92450464779124e-06,-1.01091657923282e-05,1.07796949588444e-05
2.66437473240287e-06,2.992137915967e-06,-4.98120530469671e-06,1.88421071570782e-06,1.53918386169197e-06,-1.24883718280076e-06,7.72721671605399e-07,-3.84381253914049e-06,5.19869046282418e-06,-1.84234754024674e-06,-4.19096741355034e-09,-1.86357837119442e-06,3.96089486046209e-06,-3.83958364779823e-06,-5.72749812459619e-07,6.86597531956838e-06,-8.16876196838359e-06,4.27485660278209e-06,-7.91220281587603e-07,-1.53301495197724e-06,3.68275982888876e-06,-5.1909309869636e-06,7.3298881173202e-06,-7.36433853655346e-06,8.72515557195959e-07,6.00118819354101e-06,-6.79232575266092e-06,6.1131123756111e-06,-6.22680050891123e-06,3.59661732520671e-06,1.99792187317197e-06,-4.98478149482117e-06,2.06154398992829e-06,2.17025095224866e-06,-3.13317381789838e-06,8.91183424862231e-07,2.5315039207793e-06,-5.10430309676692e-06,7.63862718916358e-06,-7.98400531507608e-06,2.39297344766351e-06,2.85054793228352e-06,-3.7391718166672e-06,3.92536706153e-06,-3.20347369501575e-06,2.59475635862728e-07,2.29446233686171e-06,-3.03675137996285e-06,4.48707165919093e-06,-6.11293606847336e-06,4.77842849123067e-06,-3.51986398936733e-06,5.23395199584878e-06,-5.32061648890784e-06,2.26702310167625e-06,6.41834235000824e-07,-2.82910604289217e-06,3.94002796343329e-06,-2.46655541483701e-06,-2.464688083615e-06,6.669042111005e-06,-6.77186938841567e-06,6.64169661804635e-06,-6.47305023795509e-06
2.05252338029673e-06,-4.63797181933425e-06,4.3953125613498e-06,-1.0583182318896e-06,-1.94586291760507e-06,2.82319466937735e-06,-4.04446240467571e-06,8.02476355477473e-06,-9.57457673545782e-06,6.34584321545603e-06,-4.55188083846058e-06,5.25291853404176e-06,-5.22995440440491e-06,3.83750349624314e-06,-4.71647220147008e-07,-4.51254808254998e-06,7.80063832957869e-06,-8.42493912054594e-06,8.49547058797577e-06,-6.49946834739426e-06,1.71200224036826e-06,3.01826653622202e-06,-6.55997485331941e-06,7.51390835785951e-06,-2.73267607440521e-06,-4.70934646879554e-06,8.74139090307311e-06,-9.49549975694693e-06,8.9507139845171e-06,-6.67084803968545e-06,1.78160943441689e-06,1.9445970021752e-06,5.42167549583443e-08,-4.86797413766498e-06,6.0207778539917e-06,-2.50562645311146e-06,-1.58609239159119e-07,-4.50038634976555e-07,-8.85318676059229e-07,2.35660844846056e-06,1.41177787554009e-06,-3.55905285887573e-06,3.79034111968187e-07,2.31510724715791e-06,-2.09157607703171e-06,5.49441283717181e-07,7.96747453763859e-07,-8.34633730080322e-07,-9.89791707400744e-07,2.10874436546297e-06,-3.81407975223606e-07,-7.97923002555864e-07,-2.1469191965055e-07,-1.62162708334919e-07,2.12738067996602e-06,-3.39495256796298e-06,4.73267509502841e-06,-5.97151436683111e-06,4.45875764556584e-06,9.98048964496896e-07,-4.6519206123361e-06,2.07119596785733e-06,9.36299023722187e-07,-1.00662842322119e-06
-4.33445812950176e-06,4.97646530371514e-06,-3.22192041897402e-06,1.31381251136193e-06,1.88368209971788e-07,-3.60553072683651e-06,7.14454256810348e-06,-1.0034989416349e-05,1.14180226971935e-05,-9.74549979611102e-06,7.88657954450068e-06,-6.62496524143463e-06,5.12894484341547e-06,-3.62095490808044e-06,9.01905389011149e-07,2.34641079682507e-06,-4.52686952369563e-06,7.3493409821601e-06,-1.12331027633246e-05,1.13949756647887e-05,-7.0312074578257e-06,3.15992882279647e-06,-9.17850287836931e-07,-2.08305230315781e-06,3.09050936181128e-06,1.14047679114705e-06,-6.69346859623322e-06,8.42179428870248e-06,-7.4517665066787e-06,7.06683000320622e-06,-5.07939814036945e-06,1.76412348057033e-06,-2.85763066849728e-06,6.97050793197775e-06,-6.25897573397695e-06,4.32014311759219e-07,1.63554671729204e-06,2.33233478517789e-06,-3.7327662190344e-06,3.08025352314528e-06,-5.87668306137568e-06,6.83610281798424e-06,-3.14399791917775e-06,-1.33033106603285e-06,3.44944863080392e-06,-2.4693198624467e-06,5.23260657243484e-07,7.25953179951974e-07,-8.77586295481851e-07,1.17664817743168e-06,-2.58752007241639e-06,2.8423012818141e-06,-1.97241732509514e-06,2.95044469350634e-06,-4.88877503304751e-06,6.17432273089373e-06,-8.18859519094832e-06,1.04867297057427e-05,-9.30182663521052e-06,3.23955697513152e-06,8.35535823590878e-07,2.04885972252855e-06,-5.20453899090709e-06,4.51295604021916e-06
3.84282346147788e-06,-4.5181721786716e-06,3.11840745243438e-06,-2.9984325702129e-06,1.70704222721851e-06,4.07428029588818e-06,-8.16298669372093e-06,8.8343399153741e-06,-9.48482602635465e-06,8.50788203775455e-06,-6.72523124004647e-06,5.58932360374695e-06,-4.96944294867075e-06,5.27901490091071e-06,-4.15348812333315e-06,2.2671362490842e-06,-1.73033018688363e-06,-1.51773383466319e-06,7.18897037746901e-06,-8.04965312494974e-06,5.32680381729946e-06,-5.58396739288093e-06,6.32154020529461e-06,-1.92747670397543e-06,-3.37040872968085e-06,3.02464864529265e-06,3.66815824870553e-07,-1.7636263538894e-06,2.97374084906969e-06,-6.35453133502913e-06,7.4500976789599e-06,-5.51078052967722e-06,6.22727838717201e-06,-7.88342753907006e-06,3.89533240821607e-06,3.16811151539322e-06,-4.660721541377e-06,2.20407188063029e-07,1.91650828545896e-06,-1.24182930918159e-06,3.01746817606243e-06,-5.77051502141312e-06,5.50976455130069e-06,-1.0039376687494e-06,-3.68379092172846e-06,4.45292718370153e-06,-2.88806707134347e-06,9.38853530692035e-07,3.83666876931484e-07,-9.88606316745946e-07,1.70173099191467e-06,-1.67212750620342e-06,1.81356609565963e-06,-3.9862019133247e-06,5.8992046000581e-06,-6.21655944075688e-06,7.57552870298278e-06,-1.09491155134559e-05,1.14137364806306e-05,-5.75827184045902e-06,5.54244607996896e-07,-1.22930737709626e-06,2.88815417020985e-06,-2.73270761379994e-06
-9.43334981193825e-07,1.66184100427061e-06,-8.35847661264183e-08,7.41864246884371e-07,-1.59530234399832e-07,-4.15909804535745e-06,6.5496955566822e-06,-6.53916468665726e-06,6.00585924412818e-06,-4.3384685211402e-06,4.59986904076602e-06,-6.23217988013085e-06,6.27396478614883e-06,-6.65551808773429e-06,6.78070182160232e-06,-5.75614894844054e-06,5.19842927950547e-06,-2.22099923891485e-06,-2.25561339411981e-06,1.56421091710953e-06,1.0170560934617e-06,1.44433367262125e-06,-4.17078886865448e-06,1.02514935579364e-06,3.35013516305623e-06,-4.38110453716253e-06,4.75636042764101e-06,-4.99579880645468e-06,1.98432625134975e-06,3.12778674259062e-06,-5.34353725216264e-06,5.17066603061836e-06,-6.12043879421933e-06,5.01128205879363e-06,4.87810660346385e-07,-4.8535294865497e-06,4.90587569940816e-06,-2.86985724974244e-06,1.20232225068301e-06,-9.46243506560834e-07,6.1077500049209e-07,2.2800648909942e-06,-4.72810359481367e-06,1.72268064547668e-06,2.60920736629902e-06,-2.843585406725e-06,1.46310571147106e-06,-8.25023455681195e-07,3.22382840218622e-07,-4.26863113561145e-07,1.01866264512218e-06,-1.75607942389881e-06,7.84645764236013e-07,3.10651705858866e-06,-5.46014170455508e-06,4.05340268269087e-06,-3.06105286849997e-06,5.66958552746961e-06,-7.25446792246704e-06,3.27005798587925e-06,1.43955538706611e-06,-2.44278852417947e-06,2.4425947897498e-06,-1.8158680049961e-06
-5.92925238668849e-07,1.38709699431223e-07,-4.56330546675244e-06,6.17090904828588e-06,-5.52817405743013e-06,4.92772204417518e-06,-3.58305094601584e-06,3.64151348137564e-06,-3.15134050838047e-06,1.41793225143129e-06,-3.18313123735812e-06,5.87990300115344e-06,-5.10049636289373e-06,4.19257040059888e-06,-4.87947290309635e-06,4.90300882929362e-06,-3.79768880459384e-06,1.39244981858405e-06,4.0645739147194e-07,2.12143139671734e-06,-5.3394199396658e-06,3.62766008187588e-06,-9.49772800846729e-07,1.92473616818418e-06,-3.63674064433199e-06,5.46452455010682e-06,-8.08942285955724e-06,7.70632439329891e-06,-4.55491331184864e-06,2.23383389540886e-06,-1.04634163320271e-06,-8.99731618505062e-07,2.29724198100076e-06,6.53348632673129e-07,-4.57422402362295e-06,3.59106091383995e-06,-1.29495495771759e-06,1.07340581602159e-06,2.92661776265685e-07,-1.80006904116651e-06,5.71541772163766e-07,-1.18713072562099e-06,3.9327260065493e-06,-2.38743311326285e-06,-6.41781905469307e-07,-5.84989742145038e-07,2.68999788641485e-06,-2.35369230096161e-06,1.68162303594996e-06,-3.91282064993189e-07,-1.94057266287815e-06,4.46549404949331e-06,-4.68481000515315e-06,2.78912744605161e-07,3.41231582903935e-06,-1.94876662686854e-06,-1.07019029109746e-06,6.49817358011168e-07,1.75421296007572e-06,-9.63173518282082e-07,-1.7800019652218e-06,3.47272375542835e-06,-5.25758118836876e-06,4.77868413780471e-06
-1.0437404947502e-07,1.21765759582839e-06,5.06574341349369e-06,-9.17037616647552e-06,8.48088065742538e-06,-5.2450009992777e-06,1.84974865519813e-06,-2.08712509238971e-06,3.24800595119547e-06,-2.59413854683266e-06,2.07177902270104e-06,-6.26322326389941e-07,-1.9006650062561e-06,2.1086810257538e-06,3.13245095888417e-07,-2.56897978844496e-06,2.23550006799487e-06,2.98032986929124e-07,-1.31080452373035e-06,-1.60034995967381e-06,5.21673101849653e-06,-5.32730862081152e-06,4.14097966673615e-06,-4.57557824772798e-06,5.26159545741232e-06,-7.18934711346915e-06,9.11682208621363e-06,-6.94670198853927e-06,4.35342274578533e-06,-5.02943964389223e-06,5.19200191271642e-06,-2.80281295725743e-06,2.06994419329143e-06,-5.04753856413986e-06,6.19069650482494e-06,-2.65044705879263e-06,-1.01322141991678e-06,2.74153485639436e-06,-4.55580012138036e-06,4.69138781055379e-06,-6.48460137682108e-07,-1.4145401837793e-06,-8.94137751478745e-07,7.02747380200862e-07,9.25573766619034e-07,1.480197090496e-06,-4.63744569687045e-06,4.20738626823514e-06,-2.21360817034293e-06,2.1469543530739e-07,1.64363687104275e-06,-3.8391083084073e-06,4.74380563885082e-06,-1.37543000857284e-06,-1.7187342520539e-06,2.29972073084452e-07,3.19883844632939e-06,-4.20954002382273e-06,1.21427958247514e-06,8.92333676278761e-07,1.96255224056767e-07,-2.10327381426694e-06,5.02663523855678e-06,-5.12996502295801e-06
-1.57919194858805e-06,-1.3206520149197e-07,-4.45245194810688e-06,7.43969041270262e-06,-6.48321563986131e-06,3.50391701868352e-06,-1.08456803047707e-07,-2.91458814241104e-07,-2.27365176206248e-06,4.10006473460382e-06,-1.4769037570185e-06,-5.15252183043185e-06,9.26364828419739e-06,-7.29313864456241e-06,2.6714195880968e-06,1.3099112022299e-06,-1.95630552208805e-06,-9.55601425240342e-07,2.8570660458563e-06,-1.10717722641864e-06,-2.19483850568783e-06,3.54787277800581e-06,-3.60606579731111e-06,5.01845226961076e-06,-6.82474340527857e-06,8.06463030342012e-06,-7.891221794815e-06,5.92574502685035e-06,-4.97599828450468e-06,5.55311405020156e-06,-4.81910163335342e-06,3.19148776864197e-06,-3.3443504969788e-06,4.77909002765309e-06,-5.10621235988683e-06,4.07342006915293e-06,-1.56749065110855e-06,-2.31843361402356e-06,5.30689930472862e-06,-3.69661061470131e-06,-2.99816389711664e-06,6.90859986356029e-06,-4.47745391550916e-06,2.48506031945634e-06,-2.02271064074016e-06,-1.17463128263272e-06,4.23643251407725e-06,-2.32534067072061e-06,-2.09824754452995e-06,3.8757363282261e-06,-2.07214584902632e-06,5.70383228601405e-07,-4.59277247012481e-07,-1.15217660896951e-06,1.78974265754239e-06,5.3797605730343e-07,-3.17384611994922e-06,4.4701314872833e-06,-2.77438120645011e-06,7.65174765583147e-07,-1.28436527466029e-06,2.83640752108763e-06,-5.60059047182231e-06,6.14023948357199e-06
6.04690547453037e-06,-3.7992097821346e-06,5.93268622425659e-06,-7.37550769158513e-06,6.50823981454048e-06,-4.04563696852026e-06,-5.44803160967834e-07,3.8738688084949e-06,-1.71980267030556e-06,-2.46531014168489e-06,5.83861746962721e-07,6.51953687469966e-06,-9.52329041743166e-06,5.82159458916031e-06,-1.03185931074979e-06,-1.49969786278486e-06,8.3668214449296e-07,2.11168984066593e-06,-3.51581080881312e-06,2.17787642570942e-06,-1.10777860310339e-08,-5.14135028933048e-07,1.44804705935197e-07,-2.32782341498337e-06,5.03094054951506e-06,-4.14390507476665e-06,2.0144069246316e-06,-3.26472705318225e-06,6.23931409945004e-06,-5.7571522113918e-06,2.032545043757e-06,3.14452772880217e-07,-5.47777346193303e-07,6.08576408023314e-09,2.44236306930024e-06,-5.53824567169061e-06,5.08203977626731e-06,-1.03768698899779e-06,-2.98403875520222e-06,2.50665277194766e-06,3.80200714754341e-06,-8.60768228238297e-06,6.53074791856873e-06,-2.97818127104078e-06,1.15362693293713e-06,2.03551547644605e-06,-3.99987434997722e-06,-1.71653942668154e-07,6.39463384954293e-06,-7.11254566702382e-06,2.03436151599411e-06,2.38815643836106e-06,-2.93393461940122e-06,2.71590376585557e-06,-2.04156450244816e-06,-3.43593060357238e-07,2.76639260833008e-06,-4.47376877071142e-06,4.59464143549451e-06,-3.1113904959957e-06,1.84253550327708e-06,-2.95764023671884e-06,7.08774288160239e-06,-9.21477883584393e-06
-8.215057961346e-06,4.8917687121632e-06,-5.89883726532722e-06,8.31563570214332e-06,-9.31109649967397e-06,7.54533157196247e-06,-1.66202520497472e-06,-3.84497102921812e-06,2.5974734728607e-06,1.2998823574714e-06,-5.97473428173805e-08,-3.92620064890657e-06,3.74067085566602e-06,7.36349251035452e-07,-3.66663315674056e-06,2.66194847941544e-06,1.62580419256805e-07,-2.82593806716122e-06,2.73078612273725e-06,-2.82050187090328e-07,-9.3100390541031e-07,-4.77890523549286e-07,1.57569498340755e-06,1.52719392873143e-06,-4.71717809590938e-06,2.16086211834993e-06,1.59362601409844e-06,7.79404798895055e-07,-5.55939740038369e-06,4.38485641919965e-06,1.14382282255848e-06,-4.28704071720187e-06,4.66795445183305e-06,-3.81739195593456e-06,2.06532067162957e-07,3.71347511733028e-06,-3.65944339631631e-06,7.3328202650829e-07,2.67544520776396e-06,-4.23528048769532e-06,8.30516210370154e-07,4.41919234219336e-06,-4.93907464281709e-06,1.9838158470873e-06,7.58659572551843e-07,-3.58453375674958e-06,3.61248505744893e-06,1.82008264151955e-06,-6.53498466160253e-06,5.09327542057174e-06,-5.18195778057689e-07,-2.62085069159804e-06,2.96164463267368e-06,-1.62397890429208e-06,-4.9468502724124e-07,3.14143626820372e-06,-5.56478644811836e-06,7.11439785822664e-06,-6.85308271326092e-06,3.27304888824338e-06,1.33235767740263e-06,-5.5242695502983e-07,-6.12030887751061e-06,1.06132015041674e-05
7.83544316995193e-06,-3.7145368271882e-06,4.05750893605052e-06,-8.16073897369814e-06,1.09722000827755e-05,-9.63090413397433e-06,4.26664250037424e-06,3.04389573739721e-07,9.85309808815157e-07,-3.56816196549292e-06,2.2073107284044e-06,2.25852561356635e-07,3.07122024046357e-07,-3.93657136301664e-06,5.46612659001632e-06,-3.22665580786972e-06,1.3123351779723e-06,1.06469292893429e-07,-4.28101213978788e-07,-1.17511642071707e-06,1.47758849855544e-06,4.21314535115358e-07,-5.21350389305355e-07,-4.02979211265844e-06,7.16601795551108e-06,-3.5344348119647e-06,-1.11352062599425e-06,-4.24902993398589e-08,3.53665508954195e-06,-2.71445762497037e-06,-1.63788017667074e-06,4.51273716389165e-06,-4.54930495772148e-06,3.92373851475036e-06,-2.59303263792703e-06,1.08895249113333e-06,-7.03302919047391e-07,6.08590305664847e-07,-1.40843643895798e-06,3.92639557369938e-06,-4.07163654317651e-06,-2.19268062181456e-07,3.20835555046912e-06,-1.54658926464952e-06,-2.33184240223597e-06,5.11806044322385e-06,-3.58467465186361e-06,-1.83099618719803e-06,4.25458506533811e-06,-1.47041508543877e-06,-3.21392579147994e-07,-5.94248019612884e-07,1.6359769036066e-06,-3.7347688679785e-06,6.85093744017803e-06,-8.64261870264269e-06,9.781204190069e-06,-1.06933303600813e-05,8.50759182611014e-06,-1.98377100353965e-06,-3.8971273456725e-06,3.20651636837485e-06,3.35595656442416e-06,-9.01424615369818e-06
-8.91150321839986e-06,4.08603287442957e-06,-3.11229367982601e-06,7.32887855831342e-06,-9.98273543490081e-06,9.13268107809588e-06,-6.61677590558266e-06,4.38414448864972e-06,-5.30563778248501e-06,7.15203882291735e-06,-5.95156311276679e-06,2.28008292146728e-06,3.08995093648683e-07,9.87193675447078e-07,-2.06773218438169e-06,1.37524914218345e-06,-3.11845785924897e-06,4.63596821630937e-06,-3.96596927422422e-06,3.65555067035557e-06,-2.81761430253394e-06,7.08887485215687e-07,-6.27114248260197e-07,4.65400579809207e-06,-8.18081159753756e-06,7.41405691419156e-06,-4.26435828753719e-06,2.05908400703152e-06,-2.08646282586449e-06,2.41571691736521e-06,-3.51596428262189e-07,-2.19483377326611e-06,2.34853998921906e-06,-2.9095651233737e-06,4.69163565128447e-06,-5.06604079335648e-06,2.39555594355365e-06,1.70640883226429e-06,-3.33334657190854e-06,1.08728023432743e-06,1.162069415159e-06,4.57365120747394e-07,-3.01048230660597e-06,1.96792707295069e-06,2.38872971543532e-06,-5.27088586204818e-06,3.90733147896685e-06,-1.39791044197705e-07,-1.78920764720883e-06,4.63709501621548e-07,-6.8572867191246e-07,4.06945823458664e-06,-6.94664079349699e-06,9.07025631273778e-06,-1.04321681504676e-05,9.92664678587823e-06,-1.02338276592908e-05,1.13525883148495e-05,-8.10511452965263e-06,5.42734014725744e-07,4.51820978416369e-06,-4.18111221898478e-06,-8.58834011481339e-07,7.85848211151742e-06
7.60869174737652e-06,-3.22792203218852e-06,1.74352597989397e-06,-4.58230836229208e-06,6.19148850636794e-06,-6.95793444614722e-06,7.90428928843108e-06,-7.1272514686634e-06,6.54728657822421e-06,-7.86361477091177e-06,8.37906470674693e-06,-5.17025668255945e-06,2.38612600570668e-07,1.18128981201045e-06,-9.97692515067453e-07,9.40559547691266e-07,2.76188088454559e-06,-6.60391288277168e-06,7.50039368855912e-06,-7.87378086363983e-06,6.65866443837602e-06,-3.09269874787049e-06,8.61667887224774e-07,-2.26893807153275e-06,5.10863216952432e-06,-6.7818744653453e-06,5.63331061093664e-06,-2.17168991498381e-06,6.82451046471247e-07,-2.12346967913092e-06,1.52812972109681e-06,1.2287774350532e-06,-2.19794062976685e-06,3.19124043570913e-06,-5.57479999762542e-06,5.87849845533782e-06,-1.44093203953269e-06,-3.81712742535777e-06,5.20414181032693e-06,-3.59627687706014e-06,1.87944032007292e-06,-2.25333247266954e-06,4.0701228598815e-06,-3.48449138532878e-06,-1.08065177275863e-06,4.49793252570823e-06,-4.65748393670153e-06,3.54922492118126e-06,-1.57806845477847e-06,3.84708208162457e-07,6.50010295207217e-07,-3.67205956643458e-06,6.65847592789313e-06,-7.67069007299211e-06,7.15553830180928e-06,-6.40400829789717e-06,6.91425502687864e-06,-7.37432562717546e-06,4.58869333424134e-06,8.61206231469722e-07,-4.63141514961941e-06,4.88716139240253e-06,-1.05924108431539e-06,-5.71297649346607e-06
-3.62555651093653e-07,-1.34102674212679e-06,1.6170839724255e-06,7.43657299836492e-07,-2.64652839466482e-06,3.85776433370988e-06,-4.89380563926633e-06,4.07682745822486e-06,-2.84846673527321e-06,4.68482499941942e-06,-8.32558875738214e-06,8.5067892561971e-06,-3.95685610551993e-06,6.49577452184059e-07,3.9688311819866e-07,-9.8531784721186e-07,-1.93806963792696e-06,5.38142004511745e-06,-6.56844588302136e-06,7.86857249703069e-06,-7.25093404577365e-06,3.67433217255773e-06,-7.23358534744034e-07,-1.26793602663884e-07,-8.4343440128372e-07,2.54549387761944e-06,-2.1425221350555e-06,-7.68903642130755e-07,1.59245948432266e-06,1.20325638620284e-06,-1.92980591474919e-06,-1.70144795191122e-06,4.5408692052442e-06,-4.69916417950235e-06,4.81742934936608e-06,-4.16360799514821e-06,5.69812269158256e-07,2.53817310497536e-06,-1.85365459029134e-06,-1.54709721870157e-07,3.87233721965665e-07,1.29566353174277e-06,-3.63970036979924e-06,3.90447309376395e-06,-1.71400331418171e-07,-3.28229274132238e-06,4.881690439015e-06,-5.85955897039107e-06,4.79597510082751e-06,-3.25533494785995e-06,2.06591762012183e-06,8.38045973578498e-07,-3.91658884429345e-06,4.16811162678549e-06,-2.75913695085515e-06,2.85994588348798e-06,-4.05832536647388e-06,3.68284528700729e-06,-2.04521498369815e-06,3.11064412990602e-08,2.19472978719081e-06,-3.24331741741629e-06,2.47633223296615e-06,-4.04798496362327e-07
-5.23217058817103e-06,4.56307447204367e-06,-4.02811939362093e-06,8.9339016100569e-07,1.34597402614145e-06,-3.04782323586855e-07,-4.16688549996645e-07,8.43785709809267e-07,-1.5980381192229e-06,-9.75017295091982e-07,6.21779253026235e-06,-8.94056927246044e-06,6.41819108246702e-06,-2.77961758170305e-06,8.38919027383552e-07,-3.49616305763232e-07,2.81499252721551e-06,-4.4584130696273e-06,3.17269443710049e-06,-2.97154528499696e-06,3.16834418364187e-06,-2.00360496103439e-06,6.97453038213936e-07,1.06691155121377e-06,-1.90060558681818e-06,1.07389619416897e-06,-1.72298327145987e-06,4.41365790223115e-06,-4.09033835273095e-06,-9.42352923556211e-07,3.7037257551287e-06,4.47380967445144e-07,-5.46375732045587e-06,5.80111176035822e-06,-4.00264538170564e-06,2.82663701105103e-06,-1.8641742704984e-06,1.51262992859297e-06,-2.74363045371021e-06,4.30019269270841e-06,-3.03822938082775e-06,-1.84550309230296e-07,2.46176639790636e-06,-3.34102040376204e-06,1.924172898409e-06,-7.95254433681808e-08,-1.33461025121386e-06,3.22621473488825e-06,-4.76296246501377e-06,5.94023989676617e-06,-5.37770679174302e-06,1.91648601377128e-06,1.5959031600976e-06,-1.6264733018917e-06,-6.52023008949248e-07,6.57085286915297e-07,2.06646480706519e-06,-3.71669633395211e-06,4.23363782569369e-06,-4.3601776694402e-06,2.16605678083614e-06,1.32881338960305e-06,-4.53631078534409e-06,6.17949138002066e-06
3.79584264617525e-06,-4.17586216107195e-06,4.64308153846654e-06,-1.24580835664094e-06,-3.25627970665703e-07,-1.89580447041944e-06,2.46355997194278e-06,-2.19086639408628e-06,2.50934528716255e-06,2.51630241524693e-07,-4.71774475158696e-06,6.41460177014642e-06,-3.86239145955521e-06,2.1978331574157e-07,1.25146094446081e-06,6.87486655002069e-07,-4.7966610054947e-06,5.11101163286687e-06,-9.01674253130097e-07,-1.46806938813909e-06,4.47300465454764e-07,8.93159957497177e-07,-9.83189282428915e-07,-5.86802725226776e-07,1.49685960878026e-06,-9.79678625316754e-07,1.93156736959152e-06,-4.25033608885875e-06,3.23448975995022e-06,1.82316686776736e-06,-3.8920547466814e-06,-6.69767074199726e-07,6.15232994106059e-06,-7.45292590099005e-06,5.15156632532139e-06,-2.77379633273054e-06,2.86822270910722e-06,-3.51542719745575e-06,2.95919473457096e-06,-2.6277662158425e-06,1.10591627857506e-06,2.09260200735475e-06,-4.04859916728616e-06,4.39766587855182e-06,-3.41883409652337e-06,2.1708002721575e-06,-7.96206816793338e-07,-1.11799439022754e-06,3.52973824656342e-06,-5.94293128423754e-06,5.82369196801735e-06,-3.25020904396851e-06,1.37143885718015e-06,-1.96725892417366e-06,3.89804038640266e-06,-4.02953134632823e-06,9.80320610262793e-07,2.49338414728984e-06,-5.25460124599987e-06,7.18512434601749e-06,-4.71240396690761e-06,-1.26104905578876e-06,5.6104078113204e-06,-5.86031881781794e-06
-2.17266388587793e-06,5.25243594291455e-06,-6.38409694681985e-06,2.92710951156575e-06,-1.90690448424086e-06,2.98549679980018e-06,-2.57551113290458e-06,2.26559825191217e-06,-1.27781501410305e-06,-1.94564904617742e-06,4.17940834917412e-06,-2.97149909107767e-06,-1.15767676805536e-06,4.65336106738922e-06,-4.25975065969877e-06,-8.60805910853956e-07,6.15048260608932e-06,-5.02083396638101e-06,-5.80888978531828e-07,3.36110060416948e-06,-9.21189760963906e-07,-1.9188732398727e-06,7.57206373079697e-07,3.20195216443915e-05,-0.000220163501624639,0.000541336928241826,-0.000576307453918087,0.000261825742574954,-3.76904467081179e-05,-3.79043730318795e-06,1.79847973097915e-06,3.73552385366319e-06,-6.66398772716918e-06,6.58882696963912e-06,-3.88125665777707e-06,-5.36370936872173e-08,1.40882358184068e-06,-1.78301607975614e-06,3.26973943651714e-06,-3.20630252985437e-06,2.22941644049618e-06,-4.14282352669725e-06,7.14954778311246e-06,-6.98147239840845e-06,3.62971313831379e-06,-2.6189654744373e-07,-2.7904071223302e-06,4.58494494388535e-06,-5.47756546749864e-06,5.99198485411551e-06,-4.16271850429214e-06,1.80683673356692e-06,-2.92837795191573e-06,4.90940092715409e-06,-5.36164718282226e-06,4.69526871978246e-06,-2.50814730006373e-06,4.86436069290251e-07,1.28514234921953e-06,-4.67129083896505e-06,4.48188063882414e-06,8.17324049443959e-07,-4.48357675824559e-06,3.20978367324372e-06
6.27517652049145e-06,-8.70425835041642e-06,8.70663654216001e-06,-5.26657281825724e-06,4.64240071524071e-06,-4.03000124438884e-06,3.0718836753292e-06,-2.8071163724558e-06,1.19698067106038e-06,2.04447363720886e-06,-2.69497761960888e-06,1.62835309237721e-06,7.23200351180382e-07,-2.7862485809932e-06,1.8357606207398e-06,3.12976116515925e-06,-5.80302691067022e-06,1.87052258936179e-06,3.35890849695682e-06,-4.01879984234396e-06,1.17178040189598e-07,2.44085285262385e-06,8.69025656937317e-06,-0.000412705097330384,0.00282375751292548,-0.00688812491629941,0.00726640820993057,-0.00327612259739456,0.000491603383549311,-7.1355441112908e-07,-2.23739479946538e-06,-3.67084448539746e-06,3.68391605659282e-06,-1.49476250655112e-06,-7.99884593867188e-07,4.09950260276106e-06,-6.26753620946925e-06,8.17501671985057e-06,-8.57510301258265e-06,6.67621844602966e-06,-3.37217780245111e-06,4.68551533333399e-06,-8.30473722518541e-06,8.34333959788959e-06,-2.48643037973498e-06,-2.09178759823469e-06,5.37546607617483e-06,-6.3001892739771e-06,7.95151499145727e-06,-8.05601847693522e-06,4.77538081955211e-06,-6.33274595615648e-07,3.46589701940124e-06,-6.47555404651888e-06,6.86872903887044e-06,-5.11043485140045e-06,2.9304720631639e-06,-1.75629528423597e-06,3.1086232148501e-06,-6.27399929776151e-07,-1.31701421934554e-06,-7.89923485299705e-07,4.8262302798615e-06,-5.26170001939169e-06
-1.0292831037302e-05,8.1473224818437e-06,-7.38495939913587e-06,5.52949750232298e-06,-5.85735892359452e-06,3.58806265206247e-06,-3.0510108021322e-06,3.36129563055076e-06,-2.87146230287024e-06,-8.31037289723141e-07,2.33318304708463e-06,-3.74383862392514e-06,3.83161892740633e-06,-2.5968071973581e-06,2.08895515688325e-06,-4.32155811153272e-06,3.11395771739097e-06,2.68872399418997e-06,-6.40876461252528e-06,4.7964365536641e-06,-6.73678528712409e-07,-1.26914899342212e-06,-3.41896193367004e-05,0.00149590491684084,-0.0101249582749826,0.0244484557301858,-0.0255798414204095,0.011461974559373,-0.00172597109086766,1.97144812975371e-05,5.42647555810513e-06,1.58636009540618e-07,4.70864670320831e-08,-1.50800878603726e-06,2.28025350835718e-06,-3.394110491274e-06,3.64325489989601e-06,-5.99598432778244e-06,6.09920388673982e-06,-5.93363153237811e-06,2.73940802560883e-06,-4.51755962964026e-06,6.6183281393923e-06,-7.42734633130907e-06,2.41789219918801e-07,2.53933397611474e-06,-3.60891532744367e-06,1.80557508510703e-06,-5.55043437643543e-06,6.41970602990348e-06,-5.65731006282724e-06,1.73546331331126e-06,-5.61201825717783e-06,7.50099534459854e-06,-8.82642392166337e-06,6.75435216393634e-06,-6.15670350668281e-06,3.35464807605258e-06,-5.25988334456121e-06,3.73921541200724e-06,-2.43609238604242e-06,1.31268773932669e-06,-6.21159976695201e-06,8.65273432785127e-06
8.21370449801003e-06,-2.9684625279001e-06,2.59106212808002e-06,-2.6649952732733e-06,3.95778371080921e-06,-2.01751917919095e-06,3.28157282798724e-06,-4.11527874509716e-06,3.33039079530167e-06,1.48274830392373e-06,-3.96069103524542e-06,5.56418701632994e-06,-4.80535072759983e-06,2.66735358093432e-06,-1.33600519376451e-06,2.33937586767037e-06,8.34941422836293e-09,-4.44461458508431e-06,5.93318280065159e-06,-4.17561532369728e-06,1.51409408039504e-06,4.45274504407012e-07,5.12038738572553e-05,-0.00222676799776717,0.014874125820667,-0.0355436145056847,0.0368808840103593,-0.0164131796863845,0.00246065566987684,-3.36575212243606e-05,-5.55414761356479e-06,2.56372737914933e-06,-3.20608227069694e-06,2.95650901509378e-06,-2.2485363308284e-06,5.79346271428651e-07,3.33723067890324e-06,-2.64380922620003e-06,1.10413482052457e-06,2.3897408245252e-06,2.72896623420421e-07,8.5645278218114e-07,-2.16686371885301e-06,5.49701285182044e-06,1.80767242467274e-07,-1.37013949058348e-06,1.3754873196266e-06,2.14689048897096e-06,1.26867656138354e-06,-1.40264834129233e-06,3.4456876426379e-06,-1.87458274159785e-06,6.05040745409299e-06,-5.22878635626518e-06,5.70711835422462e-06,-5.11999802075159e-06,8.25764530952566e-06,-4.38907356827521e-06,3.96723922690967e-06,-2.16427565992265e-06,2.73654100329472e-06,-9.12410561330027e-07,5.38402897187905e-06,-7.57160474042282e-06
-1.19621997833304e-06,-1.57164274487242e-06,1.70316415734678e-07,8.01409652491835e-07,-1.51735977250099e-06,1.34849945602599e-06,-3.35373686125625e-06,3.15480766724125e-06,-1.57412653844146e-06,-1.39197632845331e-06,3.62532236151307e-06,-5.52302491521042e-06,4.63864672270854e-06,-1.60008453513002e-06,-3.61710394174112e-07,-3.44656505266292e-07,-8.16717626017909e-08,9.01018640442558e-08,1.25173787410803e-06,-1.33160545264137e-06,1.61788933676621e-07,1.29526711578187e-07,-3.51131086374153e-05,0.00146468551290728,-0.00962196026046383,0.0227211329788733,-0.0233547592532734,0.0103087605986442,-0.00153362710562193,2.42769090014705e-05,-9.6677217253357e-08,-2.48661449156232e-06,6.36857502743938e-06,-6.88414062133291e-06,5.65493956187042e-06,-9.83809455761366e-07,-6.31821360690772e-06,7.78250111231268e-06,-5.27903987030363e-06,9.06721288962756e-07,-2.7294964077074e-06,4.09959214275413e-06,-2.89068172556637e-06,-2.57330920312758e-06,1.32651216261978e-06,-2.82722923501985e-07,-5.65747801060206e-07,-1.21822585600032e-06,-2.15584664981601e-07,-8.59489504913603e-07,3.05905603003526e-07,-9.99102843318313e-07,-1.67507599819773e-06,-4.61246316498225e-07,1.06435899348582e-06,1.4127642093578e-06,-5.56563274305448e-06,1.68030178386656e-06,7.47671219142494e-07,-1.81903103676356e-06,-2.10456081968687e-07,4.57124520502208e-07,-2.70606528627155e-06,2.22720068881346e-06
-5.53481307187249e-06,3.42262294422721e-06,-3.25261333434629e-07,-8.29031185426509e-07,1.49723100712641e-06,-2.66185944453284e-06,2.65163615488051e-06,-9.25056598160331e-08,-1.42419101607436e-07,-1.14814967023765e-06,-8.54546519503808e-07,4.80931514886625e-06,-5.55776311424988e-06,2.19816112745945e-06,1.10506039131061e-06,-9.28870662209727e-07,-2.10515014650693e-06,7.09413603252023e-06,-9.87896823462543e-06,7.1721752868255e-06,-1.48062307206881e-06,-2.01984350786265e-06,1.14009026235855e-05,-0.000380143323403693,0.00242589920506004,-0.00562109225342421,0.00569115806980507,-0.0024759415704268,0.000362286862089196,-9.86450021778034e-06,5.20631036175822e-06,2.68217691596608e-07,-6.39685916317527e-06,8.99624078922814e-06,-8.02213629735892e-06,2.41047727704904e-06,3.92070454398053e-06,-5.47533059109054e-06,4.50011214521385e-06,-2.12434853246683e-06,2.25060956815471e-06,-4.94809365186757e-06,4.94257430583864e-06,-5.99499911330321e-07,-7.77481916824815e-07,-2.68910126475823e-07,1.34793030947134e-06,-1.31693512295749e-06,1.64578938250973e-06,-5.16232802209863e-08,-2.85103691549489e-06,4.66173280437937e-06,-3.18328083262308e-06,4.0793685004947e-06,-3.86128562700216e-06,-2.41496477007726e-07,1.75557271314512e-06,2.25982588141264e-06,-4.74396728205435e-06,4.60334510220262e-06,-1.57885025127759e-06,-9.06065481977922e-07,1.68794306022146e-07,4.00323507054055e-06
6.68046242180698e-06,-1.82825165363841e-06,2.87643162532098e-07,-5.97627372730441e-07,-1.83965666822808e-06,4.40136510845664e-06,-2.81593403101821e-06,-6.94138045364342e-07,-1.03631108560481e-07,2.84216877725362e-06,-1.47743177702831e-06,-2.15906697227336e-06,3.06662074761428e-06,1.76384872992086e-07,-3.52110700549138e-06,2.30959750720159e-06,4.13714549391631e-06,-1.10832780164247e-05,1.21822348562335e-05,-7.60102321140504e-06,1.38534997621963e-06,2.53183322217107e-06,-3.28962097162638e-06,2.51922416606303e-05,-0.000136241213770754,0.000288833262412786,-0.000271082488421838,0.000107914417781277,-1.52005119936933e-05,5.6253779109613e-06,-5.95608162036685e-06,2.00400682482995e-06,2.55041756896449e-06,-4.90268862536075e-06,4.07509438068161e-06,-6.62023841163915e-07,-1.23018043587137e-06,1.52375576254989e-06,-3.97443390843678e-06,5.55992339451789e-06,-5.47136927423492e-06,6.35231441444852e-06,-5.57638643662301e-06,2.7729400824949e-06,-2.39913831885595e-06,4.50392066058735e-06,-5.47575325068687e-06,5.29995745446779e-06,-5.20294415827373e-06,3.20496345026068e-06,1.94759667918793e-06,-5.37425200873005e-06,3.48926699175081e-06,-1.59070995756266e-06,1.25022665057188e-06,-9.7734291815828e-07,3.56821770981796e-06,-6.5086530961496e-06,6.92822978030749e-06,-6.21941688691079e-06,2.59720515708789e-06,1.62015540021603e-06,2.06949442259499e-07,-6.31593581820957e-06
-3.23154547159522e-06,-1.35413431995321e-06,-1.39094888942881e-07,2.51202609255123e-06,1.17278002561638e-06,-5.13674496715571e-06,4.38818700131374e-06,-2.18525645142794e-06,2.77355288683572e-06,-4.22855909063849e-06,3.64472501255689e-06,-1.56913044887768e-06,1.80654667431502e-07,-1.7338104510911e-06,3.94954388672143e-06,-1.86361850436832e-06,-4.9853506335536e-06,1.00405839672816e-05,-8.84278553994872e-06,4.6841534614409e-06,-1.43320244165824e-06,-3.39468826476071e-08,1.08038882160695e-06,-2.95462185597572e-06,2.87895748068492e-06,1.77848176825994e-06,-4.97925843207221e-06,1.38582610575555e-06,4.12119270206306e-06,-6.2577677760934e-06,5.17094025905475e-06,-2.45008117936464e-06,1.34299439351281e-07,5.00548075764202e-07,9.56937939554578e-08,-8.33498964215274e-07,-4.28674170443715e-07,4.69169366409281e-07,4.86153935753523e-06,-1.02670845819968e-05,1.16155363968981e-05,-1.03960714731302e-05,7.0120790730332e-06,-3.3269928728538e-06,3.57667479650029e-06,-7.11919689514268e-06,9.39612127020459e-06,-1.03305010496433e-05,1.04593499088136e-05,-7.67382958187824e-06,1.38944965965543e-06,3.02711803829045e-06,-3.99311920509053e-07,-4.28186361412867e-06,3.47014306500465e-06,2.52195461589337e-06,-8.11471401009071e-06,9.10562459209948e-06,-8.47653273223141e-06,9.01122048658602e-06,-6.13181485541637e-06,3.01488227436498e-07,3.66493230088e-07,4.04473634924852e-06
-5.02727971481922e-07,3.55736678610843e-06,-3.79675137277007e-07,-2.72500005823108e-06,-5.3655262077378e-07,4.63772879725642e-06,-4.51356339604217e-06,3.27956163490024e-06,-4.70873459040432e-06,6.59931653482768e-06,-6.31936467401928e-06,4.17892994064433e-06,-1.29299784313703e-06,2.84621920258714e-07,-1.41391127083089e-06,3.94019003190039e-07,3.78593947574622e-06,-6.08766055610673e-06,4.3820734160134e-06,-1.0362496202311e-06,-4.01676452010853e-07,-1.2382460859537e-06,1.53425137667152e-06,9.00429990816204e-07,-1.75424039200694e-06,7.9432315416618e-07,-2.70716841530745e-06,6.39059153789919e-06,-6.50839576015604e-06,4.50671797518921e-06,-3.17767443590979e-06,8.56178854043232e-07,1.40157135497332e-06,-1.73534182163108e-06,1.24846595555663e-06,-1.55470666015009e-06,3.21466445665773e-06,-2.09963709427024e-06,-4.22741366084963e-06,9.65672281552817e-06,-1.07122564501512e-05,9.53482950272827e-06,-6.63671856448653e-06,2.81145068109358e-06,-1.88044537643267e-06,4.56123805621038e-06,-7.51570031327115e-06,9.96940299121928e-06,-1.04310694803903e-05,7.38972039482797e-06,-2.35846224222949e-06,-4.92088714641998e-07,-2.58403765562938e-06,8.00441673674227e-06,-7.18341243180821e-06,1.64513703670721e-07,4.6270929751261e-06,-5.70122271530405e-06,8.21878894373698e-06,-1.11760870281974e-05,9.22604092468796e-06,-4.22322641169837e-06,2.02544997463873e-06,-2.30071120931304e-06
2.7140838083133e-06,-5.0103008733519e-06,2.05800737630688e-06,1.05985243671616e-06,-4.81738604056947e-07,-1.19858132082239e-06,5.00600982056183e-07,5.75222127399906e-07,2.10758732499911e-06,-6.65169027378033e-06,8.26356423574741e-06,-6.6353584522593e-06,4.01819460292927e-06,-2.60464551213052e-06,2.93257398790475e-06,-1.33934057094984e-06,-2.59269121522869e-06,4.14816963651075e-06,-2.22788911162489e-06,-1.40490649023839e-06,2.72088161504064e-06,4.38932770121328e-07,-2.99454170488013e-06,3.60934582542397e-06,-4.96194576188955e-06,4.11644225428057e-06,2.16819620035749e-06,-7.13147394294608e-06,3.94523076492424e-06,1.79426492695764e-07,1.40982036119355e-08,7.09376555337397e-07,-3.15489533727439e-06,3.99760220347607e-06,-3.83602776317492e-06,5.09589825990162e-06,-6.39595840511222e-06,3.58763364559866e-06,2.26397542021236e-06,-4.8728741165759e-06,3.67547562700385e-06,-3.14081812526828e-06,3.77027759446009e-06,-3.19435140129176e-06,2.31289301309619e-06,-3.18223564420029e-06,4.81192538759869e-06,-5.85581040768483e-06,4.35796722439922e-06,-1.36381097229301e-06,1.22303810555621e-07,-1.58970047914221e-06,5.46790546180971e-06,-9.00796150763005e-06,7.81822406980155e-06,-3.81057174149341e-06,1.92119574225496e-06,5.24211997535739e-07,-6.00025167622432e-06,8.80104781544938e-06,-6.42343271984571e-06,4.64551987710881e-06,-4.55524912569615e-06,2.15058282180991e-06
-1.48127868859626e-06,2.91540383553638e-06,-2.44614193724252e-06,9.51866023956536e-07,1.06528186750696e-06,-2.63705470468507e-06,3.61944804836911e-06,-4.01799666405495e-06,1.5752283630443e-06,4.23630461831447e-06,-8.56006939795972e-06,8.20294785751997e-06,-5.90972336329702e-06,4.97490616567872e-06,-4.87409536100221e-06,1.78130486131901e-06,2.72730749611857e-06,-3.68010790655786e-06,1.75240142521468e-06,9.78961632053343e-07,-1.73970019315439e-06,-7.52723684722154e-07,2.72743301690078e-06,-5.00052245119372e-06,8.58370563883111e-06,-7.44558063681681e-06,1.70027054938129e-07,4.14754503816326e-06,-2.29577273303098e-07,-3.38414334957692e-06,2.02673809801734e-06,-1.55104891011994e-06,3.66127129713499e-06,-5.63493230014977e-06,7.18922475015092e-06,-9.04010125332821e-06,8.78355278283752e-06,-5.43399629914874e-06,2.43068711120267e-06,-1.89145881557781e-06,2.50468025865922e-06,-2.0231276942924e-06,-4.55317315014684e-07,2.9585355396228e-06,-4.30807255177665e-06,5.82436230707215e-06,-7.10241641034549e-06,6.29400302841092e-06,-2.60213682627997e-06,-7.42004265091746e-07,6.25690138323786e-07,2.63071624508147e-06,-6.75273414241247e-06,7.85904315944378e-06,-4.86544812379582e-06,2.51410678768033e-06,-2.83581085048158e-06,1.15286253487139e-06,2.60587300146608e-06,-2.68925140838884e-06,-2.64865802078218e-07,1.7000296479664e-07,1.71128493019281e-06,-9.88493615468143e-07
-2.24693955207133e-06,1.77676691556125e-06,1.09855209712131e-06,-3.08872315240385e-06,1.6505758443485e-06,1.00163669541831e-06,-2.49740525826263e-06,3.60611059636071e-06,-3.48705947508276e-06,-4.69168100724953e-07,5.46568328389207e-06,-6.26182545501858e-06,3.66394894911539e-06,-1.68093432922683e-06,5.57684498102531e-07,1.52861666520694e-06,-2.25525492829901e-06,6.91050100795246e-07,-6.93525028989077e-07,2.06814000532171e-06,-2.62545505363354e-06,2.42680263098514e-06,-1.24554922500934e-06,2.4247740669378e-06,-7.34076694082959e-06,9.15633436331623e-06,-4.31523736801054e-06,6.13970449539775e-08,-1.91051503212922e-06,3.89716951937125e-06,-2.51513627688805e-06,1.72215528713861e-06,-3.29600851021901e-06,6.79956637049522e-06,-1.07250570551814e-05,1.20640393745828e-05,-9.50381429064194e-06,8.06780919724821e-06,-1.07703673497682e-05,1.10879111570068e-05,-6.89066054270173e-06,3.77122228126539e-06,-2.40610601830707e-06,2.69793014424108e-07,2.69409056062543e-06,-5.85068983559482e-06,8.28987004894389e-06,-8.41769925816744e-06,5.47994233749307e-06,-1.55778601013073e-06,-1.17451984016433e-06,8.75850699252134e-07,1.85308944112657e-06,-2.56509627049939e-06,2.11407711145851e-07,8.51173643403671e-07,6.94051151246821e-07,-9.60103204636377e-07,-1.57023824735282e-07,-1.40579476072783e-06,4.64082334584847e-06,-4.71078304335049e-06,2.15783911920049e-06,4.06089428844948e-07
4.40862196402584e-06,-2.43774805046209e-06,-2.23572683116693e-06,5.49875499027677e-06,-5.01874442771784e-06,3.09218953623772e-06,-1.35641715568092e-06,-1.05588392275152e-06,3.08054202424057e-06,-2.49223222777204e-06,4.70907996610365e-08,1.08855798057256e-06,5.5708906880667e-08,-1.85098862763318e-06,3.76962281538852e-06,-4.23193774661682e-06,4.08094449401642e-07,3.69288952812171e-06,-7.52303825017113e-07,-6.08928519702514e-06,7.84819291755652e-06,-3.98891027281112e-06,1.63144544241624e-07,-5.57102234220833e-07,4.40176821517879e-06,-6.32181079467852e-06,3.63715888370778e-06,-6.9459716124279e-07,2.03102713724076e-06,-4.35798761755336e-06,3.57300557479931e-06,-1.28190781450095e-06,8.52027764356523e-07,-4.24729188008344e-06,9.11075704246265e-06,-1.03913316918031e-05,8.33921721647441e-06,-1.0439354038774e-05,1.70241067863354e-05,-1.71613015130913e-05,9.76320666006036e-06,-5.27161648625414e-06,5.57022229226148e-06,-5.31817362273468e-06,2.66755660226072e-06,5.02210740751763e-07,-3.243818680389e-06,5.51076649589349e-06,-5.18150525469251e-06,1.33662220841471e-06,4.13537225040871e-06,-7.27557700413428e-06,6.72481088059933e-06,-5.20707450054558e-06,3.97161993772045e-06,-2.37066552508967e-06,3.08341673478628e-07,5.83930389392656e-07,3.50182457377748e-07,4.57748674530181e-07,-3.56806181381112e-06,3.71074358193638e-06,-4.29112011269483e-07,-2.89078505211269e-06
-5.40618245217771e-06,8.02861559112732e-07,3.41029891575089e-06,-4.84017511611627e-06,3.09824630666912e-06,-1.21991953129611e-06,1.20294184633864e-06,-1.78542749433523e-06,1.7494590204454e-06,-1.63580972320095e-07,-1.88938106208837e-06,2.18799902304943e-06,-1.4989441769668e-06,1.71403219691576e-06,-3.42401992055207e-06,3.86756274138413e-06,1.65922460540062e-07,-3.82244939669527e-06,-5.291750297451e-07,8.45060216308717e-06,-9.08976192278634e-06,3.26255424975638e-06,2.69822647055975e-07,1.40352698047538e-06,-5.12008072463242e-06,6.76897672124496e-06,-4.5033797024242e-06,1.04093173752406e-06,-1.39842350225484e-06,4.11878058931007e-06,-3.86471122155807e-06,9.54608174415463e-07,6.40498871907619e-07,1.4261167803558e-06,-5.0395538252745e-06,6.15022883349237e-06,-6.29973063998402e-06,1.06840175561086e-05,-1.70013405640391e-05,1.71299762941425e-05,-1.11049561569758e-05,7.42539441951136e-06,-8.69467111968039e-06,1.00592275619662e-05,-7.83462242136931e-06,4.17912288432078e-06,-1.59654996799444e-06,-9.02891764014946e-07,1.83128926480772e-06,8.8980231647343e-07,-5.92690165613164e-06,9.64680626469445e-06,-1.04911135022695e-05,9.46120292076176e-06,-7.01775858936546e-06,4.26062491562919e-06,-1.92169617127175e-06,4.90348021141347e-07,-1.17138635750592e-06,1.4361810393402e-06,-1.62227856137452e-07,1.96556230737809e-06,-6.21837654095303e-06,7.78620748114741e-06
5.11367458170806e-06,-4.4706697330745e-07,-1.39266847634537e-06,9.95090612009273e-07,1.94955029860363e-06,-4.73896887930121e-06,3.12379991957292e-06,1.79305361538032e-06,-5.54851030700276e-06,4.60002875369273e-06,-1.16078966273889e-06,5.21701601517449e-07,-9.30296194297319e-07,-9.70072539010646e-07,3.94618260140216e-06,-5.7361211639458e-06,4.850983658729e-06,-3.64578269823799e-06,5.94122394207834e-06,-8.33380791096354e-06,5.4088446122484e-06,-4.17576126739063e-07,-2.26577022185091e-07,-3.24062058749426e-06,5.83341864898493e-06,-5.45772050202338e-06,3.63050992192841e-06,-9.89433503098449e-07,-2.15409005320697e-07,-1.12082941336196e-06,1.98742720176533e-06,-1.19875009747502e-06,-3.37203887776703e-07,4.40758479181323e-07,1.12060664409559e-06,-2.1119991398793e-06,3.6872553180554e-06,-8.07195361670214e-06,1.30864771176707e-05,-1.45410121896705e-05,1.08331570825385e-05,-7.04444554471492e-06,8.21694271621689e-06,-1.10375848232773e-05,9.69475948895115e-06,-5.03086340256841e-06,1.8128593559211e-06,-6.96396368968773e-07,1.12171090028451e-06,-3.08479264758211e-06,5.30247832983562e-06,-7.08933651342465e-06,8.84531684377134e-06,-1.00957253416579e-05,9.63557880390162e-06,-7.22548410388061e-06,3.54154940911564e-06,-7.0314717403947e-07,4.8474848982947e-07,-8.95349991888083e-07,1.79390043623362e-06,-6.2533902517018e-06,1.11265687483667e-05,-1.04209019154998e-05
-2.79708757810744e-06,1.09557650436819e-06,-2.75110591069364e-06,3.96791038516933e-06,-5.62630707233285e-06,6.46492188561346e-06,-3.5136100684771e-06,-1.11320358772591e-06,3.86378206705167e-06,-3.52682748910917e-06,2.69654441331431e-06,-4.28530254290103e-06,3.71254062990327e-06,1.27895306664777e-06,-5.80086004641396e-06,8.93302702292271e-06,-1.11392032480171e-05,1.10401579909913e-05,-9.6683530205712e-06,6.88471226689067e-06,-2.25738620620823e-06,-7.99263919739643e-07,-9.2632814147987e-07,4.80373581821082e-06,-5.47975451243477e-06,3.74411440129507e-06,-3.46370779569585e-06,2.28460946470864e-06,4.43508308112026e-07,-5.32979169875115e-07,-1.88528472495888e-06,2.88229463226169e-06,6.93470794775285e-08,-3.25896009921867e-06,3.38203106299489e-06,-1.8266914722335e-06,-8.95481794077445e-07,5.07298146875726e-06,-9.39334215307556e-06,1.12070976887557e-05,-7.95026828988823e-06,3.00940639830188e-06,-2.38983065073478e-06,5.10869690448967e-06,-6.37344737666039e-06,4.34953381191023e-06,-1.56249421658048e-06,3.93794605689412e-07,-1.67057581021881e-06,4.11960023168078e-06,-4.4206784054046e-06,3.96668744073185e-06,-6.04535879118021e-06,9.0315911444292e-06,-9.84181064891209e-06,6.94672259914953e-06,-2.27474566855804e-06,3.0729565033223e-07,-1.02492719900585e-06,8.98510069517575e-07,-1.19615523732806e-06,5.06689234414959e-06,-9.25868107861384e-06,7.88175566547308e-06
2.10934661168713e-06,-3.48854634581891e-06,6.61842427298215e-06,-7.33774897770683e-06,6.85301159910355e-06,-4.36016742168933e-06,8.67832875667618e-08,1.51623186190741e-06,2.98884501122966e-07,-1.84698067919709e-06,-7.05808840954525e-08,4.49727241722547e-06,-5.13957229050079e-06,1.0847504200872e-06,2.20229838288428e-06,-5.45529492373738e-06,9.07721582760925e-06,-9.03594385702778e-06,6.36836438264906e-06,-3.76583463840194e-06,1.78708306024197e-06,-1.25793563841676e-06,2.62497068392214e-06,-3.65921613066454e-06,1.95279777640581e-06,5.3000570683572e-08,1.0791447575857e-06,-2.28726679520893e-06,1.06457843785887e-06,-9.20351727287918e-07,3.26539281823113e-06,-4.09038165805868e-06,-1.29187800458708e-07,4.67177249248365e-06,-5.0561356014944e-06,2.95859909300885e-06,-1.15870462594625e-07,-3.30285412144265e-06,6.4386084565052e-06,-7.15882599424792e-06,3.832933005323e-06,1.06903465558387e-06,-2.66663382930118e-06,1.39763194858567e-06,2.45987832629936e-07,-1.60377735884669e-06,1.56996975400604e-06,-4.64437357141284e-07,1.27133680243441e-06,-3.9789285393758e-06,4.41279405973091e-06,-3.03435681761692e-06,2.95692985517741e-06,-4.24953858882646e-06,4.93473117775004e-06,-1.9057049686657e-06,-1.41002688165003e-06,-8.7490518319053e-07,4.26967814814882e-06,-3.16727949255447e-06,7.0858066347102e-07,-9.09796684626949e-07,3.31585253203368e-06,-3.82772539197183e-06
-3.69015750043441e-06,4.09198626614764e-06,-4.29074824308031e-06,3.60712468837178e-06,-3.37150783981962e-06,2.15897945240903e-06,3.09818059761979e-07,-2.69049668542445e-08,-3.63324353135878e-06,5.93313781138266e-06,-2.84691277175765e-06,-2.81540235015212e-06,4.79154208551686e-06,-3.6416502590607e-06,3.06634762070089e-06,-8.65390469477853e-07,-2.88460295711585e-06,3.22377182358339e-06,-9.34309780727825e-07,1.43846726285659e-08,-1.59938249318358e-06,3.41120003300046e-06,-2.49522680341712e-06,-1.14243024465076e-07,8.64250339965808e-07,8.93609102784851e-07,-2.79743589415104e-06,3.21372099676283e-06,-2.4371417574133e-06,1.67060952391951e-06,-2.29289506373188e-06,2.36936831518106e-06,1.14787681548848e-06,-4.35464549078453e-06,3.88269345520627e-06,-1.42050760415589e-06,-6.68177354804608e-07,1.75160222151742e-06,-3.34966957388737e-06,5.26258931418495e-06,-4.17017420693547e-06,3.94316124718668e-07,7.89672747776078e-07,-1.02458974654523e-06,3.36292290976106e-06,-4.16398175799142e-06,2.21886418358708e-06,2.22349922233161e-07,-1.74482826652164e-06,1.63607769221168e-06,-1.02231954224162e-06,9.42420892454552e-07,6.24045654320868e-07,-2.02107701350968e-06,1.25616211607558e-06,-2.95503942143041e-06,4.63036075257846e-06,4.27529539535778e-08,-4.89718075172441e-06,3.7591718218718e-06,-2.73408339022981e-07,-1.61715672794664e-06,1.76460502819593e-07,2.70095273081023e-06
3.32912339453084e-06,1.06325375505659e-06,-4.99109860256596e-06,5.98441326850246e-06,-3.95958208321339e-06,7.48800910574511e-07,7.26874138672032e-07,-1.23852622954244e-06,3.59624760673026e-06,-5.7161782615316e-06,2.86098569632837e-06,1.53266504269397e-06,-1.67002459651153e-06,8.31163759062646e-07,-2.21065117922846e-06,1.94481491196011e-06,1.0068511376429e-06,-1.84657225306308e-06,-1.48842604337595e-07,1.23618869331341e-06,8.53677769216357e-07,-2.82607975631174e-06,2.81365230607998e-07,2.68645010146903e-06,-8.32964414919885e-07,-2.9586553032664e-06,4.46754758378733e-06,-4.05022636027148e-06,2.59225680097538e-06,-1.93429443044734e-07,-2.31059535437442e-07,-7.02114769893186e-07,-3.19870011228519e-07,9.4092248056739e-07,1.57982143116003e-07,-1.76839954598223e-06,2.3542136600815e-06,-1.38473360807228e-06,2.60841319658901e-06,-6.80034533270649e-06,7.64886209736964e-06,-4.10354561792405e-06,2.59125766051433e-06,-1.16135124143242e-06,-4.38283640343311e-06,9.1120156669304e-06,-7.69985205716941e-06,1.83693972684926e-06,6.92884901598163e-07,3.75495953909968e-06,-7.42669228657698e-06,5.60398218718827e-06,-4.64048299296846e-06,5.21649419485081e-06,-3.98426319894448e-06,4.45966808500158e-06,-4.94588101463632e-06,7.23814878712418e-07,2.93243125106322e-06,-1.87607025213192e-06,-2.47675066276998e-07,6.37203059017738e-07,1.38008865372248e-06,-4.10053115716014e-06
3.22683157736769e-07,-6.89705966638995e-06,1.13754844106246e-05,-1.11238540468206e-05,7.23697219665812e-06,-1.51909272669118e-06,-1.42776116673418e-06,1.02223423693705e-06,-1.74364565812704e-06,2.7247316791372e-06,-9.89357169768802e-08,-2.36248849835665e-06,-2.52333355764074e-07,3.07744886206775e-06,-1.20493965856686e-06,-9.60366918058344e-07,-6.02600906881192e-07,2.60405272372817e-06,-1.77438751599897e-06,-3.42727746309891e-08,-5.51971877442948e-07,1.38310256578256e-06,8.09315344387012e-07,-1.75073172771626e-06,-5.12185600219719e-07,2.06513720848991e-06,-2.70690839803301e-06,3.24434860579106e-06,-1.49679537390763e-06,-1.68960358563891e-06,1.38477663544169e-06,1.4517475666893e-06,-3.06793086025427e-06,5.23410680916521e-06,-8.00320136663035e-06,8.52120299236759e-06,-6.58043332157881e-06,4.39383132953925e-06,-4.69012341324406e-06,6.62322689650969e-06,-5.88540288261793e-06,3.06092559741491e-06,-2.31317280165318e-06,9.97483775931879e-07,4.05592784639425e-06,-8.9117011263398e-06,8.33204807213265e-06,-2.73781053933704e-06,3.64713587133818e-07,-6.02088154803151e-06,1.15321726516401e-05,-9.76377611116631e-06,5.43374621406259e-06,-2.33045728420523e-06,1.24712747238651e-06,-3.48222142911275e-06,3.43108431480529e-06,1.69776354016854e-06,-4.45071923673603e-06,2.51121206188951e-06,-8.18841055981144e-07,1.21613340285949e-06,-2.50576402234629e-06,2.95842732029417e-06
-3.51611384879486e-06,7.15404184654501e-06,-9.21276386605269e-06,7.84867494524831e-06,-3.95030765580027e-06,-1.06842180866708e-06,3.13992174536669e-06,-2.25430256291662e-06,1.76334458500494e-06,-3.34255293695523e-07,-2.90972658398033e-06,4.36200386083586e-06,-1.08135672199852e-06,-2.64009123220161e-06,9.33701300169959e-07,1.87244155329629e-06,1.91960228334451e-07,-3.94546331189242e-06,3.57154671351144e-06,-2.36650990720534e-07,-5.53119314230274e-07,-4.04036485453002e-07,-3.53999703053643e-07,9.79544464748177e-07,-1.5167940218604e-06,2.99374999272649e-06,-1.64382629644034e-06,-1.14865760117305e-06,-4.37217069701067e-08,2.25832280555934e-06,-7.78869640429586e-07,-1.85743525452753e-06,3.67913098056468e-06,-7.57355448891253e-06,1.28677125702572e-05,-1.35511104456277e-05,9.90786248166662e-06,-7.21612959697957e-06,5.94855666344707e-06,-4.45413015688087e-06,2.60419742724311e-06,-1.58252016647245e-06,1.99910615333574e-06,-1.44439396142876e-06,-1.3934708925516e-06,4.15186377432005e-06,-3.73474625512143e-06,1.8240664939197e-07,1.13042743098456e-06,3.04770506446694e-06,-7.33590180218193e-06,6.37772415258999e-06,-1.71200582270995e-06,-3.43015059646966e-06,3.7413910820266e-06,2.12202094855844e-06,-3.70636441520551e-06,-2.82346870141893e-06,7.41003681368776e-06,-6.23379615023286e-06,3.87667906134142e-06,-1.86749239467277e-06,-2.37520936418701e-07,1.56983527114103e-06
3.38519641948683e-06,-3.05532980261158e-06,3.69515519668883e-06,-3.20686508263985e-06,1.10071685991262e-06,1.92385720332667e-06,-3.81833555487115e-06,3.91124930051848e-06,-2.57101662453215e-06,-1.00973418009416e-06,5.00490972576969e-06,-6.10508937633054e-06,4.16742223215663e-06,-2.95426658053859e-06,5.02835978154036e-06,-5.02669712750716e-06,-3.01546245951418e-07,4.82165920284804e-06,-2.66106145845203e-06,-3.07170843216625e-06,5.00666723915932e-06,-3.09005922506237e-06,2.0082272591873e-06,-2.37216893366212e-06,3.57910001204034e-06,-4.5676174261307e-06,2.20560126818487e-06,9.40658011836564e-07,1.87764150526179e-07,-1.57410982291614e-06,-3.26257804935977e-07,1.75137981955718e-06,-2.50333150882517e-06,6.6342170213331e-06,-1.26731770763357e-05,1.30982556208918e-05,-8.53767554237821e-06,5.94640961096872e-06,-5.23261554952554e-06,4.87617668201865e-06,-4.74850505838533e-06,3.69180495563865e-06,-2.65657312714763e-06,2.31347685113186e-06,-1.45315833132426e-06,-6.54720451958844e-08,2.07640720597139e-07,1.19892341173809e-06,-9.7034238381219e-07,-1.50054515209417e-06,2.44867979707583e-06,-8.89837848629609e-07,-1.47428682253158e-06,4.72223254086007e-06,-4.45312462303826e-06,-2.22203017752946e-06,5.84593245070935e-06,-8.86931672579837e-07,-4.80777174957983e-06,6.51077668296353e-06,-5.52291999673994e-06,1.40605255894135e-06,3.70478459411946e-06,-4.96173831627472e-06
-6.63011753960014e-07,-1.52745088186797e-06,4.27038342899557e-07,7.48135886013823e-07,-3.63733145513715e-07,-1.02638264382474e-06,2.84962322360019e-06,-3.65036484394405e-06,1.98360026573201e-06,2.28368192147952e-06,-6.77142444613783e-06,8.07859698817586e-06,-7.48220768069823e-06,9.50189326808707e-06,-1.246260255532e-05,9.11291439191081e-06,-6.58852756488955e-07,-3.30264065816589e-06,-6.99859393063057e-07,6.40283584542821e-06,-8.4997727782442e-06,7.87509625038444e-06,-6.56528292295629e-06,4.83152206128433e-06,-3.25917635340389e-06,2.39734874281973e-06,-2.05840036338936e-07,-2.54949395403215e-06,1.72970743147735e-06,-2.01124460958687e-07,1.97603707316723e-06,-3.41873334803832e-06,3.84381174364745e-06,-7.49039868222924e-06,1.28548776114578e-05,-1.24280890778713e-05,6.3293380798094e-06,-2.65298485828389e-06,2.78163632316537e-06,-4.80807492602605e-06,6.30637666474788e-06,-3.69203447107524e-06,3.36186178436965e-07,-6.25137488669994e-08,2.34983490303514e-07,1.06105324886975e-06,-1.44306052326021e-06,7.49155633211765e-07,-1.21190087030283e-06,2.10897044178869e-06,-6.26318417506521e-07,-1.94595277141025e-06,2.46013834602092e-06,-2.50791427959442e-06,1.59214425231972e-06,2.67130093709447e-06,-5.98056164750108e-06,5.02415021829786e-06,-2.57581411113088e-06,-7.3778233629469e-07,3.40001853101943e-06,-5.20885224018261e-07,-4.74881343395892e-06,4.76984069186084e-06
-1.05891191221365e-06,2.4716771900125e-06,-3.63903421006703e-07,-5.23419108755686e-07,-2.16842247212591e-08,3.09251946299169e-07,-1.08153550189234e-06,1.70625748094391e-06,-6.56620244416815e-07,-2.52013984708894e-06,6.94849048838168e-06,-9.42903076479528e-06,8.41934526930019e-06,-9.00427468732586e-06,1.13348432404163e-05,-8.10985344441079e-06,1.27944103347228e-06,1.22197021190718e-07,3.90969433330778e-06,-6.10678718793783e-06,6.41959353546872e-06,-8.01988384253037e-06,8.92413493297272e-06,-7.18536710045391e-06,4.47074529008596e-06,-3.01440641208906e-06,7.37634740145016e-07,2.81235696761813e-06,-2.85164142746226e-06,1.01275966338895e-06,-2.39559171047822e-06,4.30577750225851e-06,-4.83863720732892e-06,7.23170256460543e-06,-1.08868681526011e-05,9.87807110944762e-06,-3.66518765369977e-06,-4.71890012537312e-07,6.92937542175769e-07,1.01122616979897e-06,-2.56374100374454e-06,-1.17564761045761e-08,4.33357136039262e-06,-5.49356418236179e-06,4.7800023698049e-06,-4.56295764668985e-06,3.49320604964849e-06,-1.64514578773108e-06,6.16698399189417e-07,-3.77898643210137e-07,-1.02221662083351e-06,3.20892161205542e-06,-2.77803924911212e-06,7.7604735850281e-07,7.35668856738838e-07,-2.24809251857277e-06,3.29586446633756e-06,-4.303667843503e-06,5.64097986388458e-06,-4.31486692824767e-06,7.1171962720341e-07,-8.46260967917884e-07,3.9155152432654e-06,-3.13909066721735e-06
-4.29802792184211e-07,1.81963461020025e-06,-4.90185742148033e-06,3.82273881694715e-06,-1.07788102926199e-06,8.41085072099451e-07,-1.19581862155596e-06,5.5320463076923e-07,4.69169427177577e-08,1.17220203501203e-06,-5.11172818576292e-06,8.54780466524703e-06,-5.80944223765688e-06,1.17631172087975e-06,-5.10471739645831e-07,7.98733019941318e-07,-1.35417633796915e-06,4.17102759207711e-06,-6.3570346543403e-06,4.68441117389905e-06,-2.88371270091058e-06,4.31704653047587e-06,-6.85808130025485e-06,7.57057704699741e-06,-6.39725994762467e-06,5.35814477264629e-06,-2.81676575274456e-06,-1.09873831034872e-06,1.29855112103217e-06,2.80960658611309e-07,1.45686280362182e-06,-4.02348479139055e-06,4.50181835540175e-06,-4.80850267481508e-06,5.72268782493203e-06,-4.35346227164876e-06,8.52255313516407e-07,6.78076941275462e-07,-8.42987369844175e-07,1.4760959549088e-06,-1.57782867405804e-06,3.04884229201832e-06,-7.19292770055594e-06,1.01641955762745e-05,-9.09201664418353e-06,5.59458185250553e-06,-1.86641307772501e-06,-8.34465490138651e-07,2.61216549120608e-06,-3.18254144508313e-06,3.36662955551784e-06,-3.85095425385731e-06,2.33377191913701e-06,-1.85064454735217e-07,-1.38081623186654e-07,-1.64905060248437e-07,7.27481952147543e-07,-1.49193117582549e-06,4.44214140285445e-07,2.28931470970307e-06,-3.34245367804757e-06,2.51808593210351e-06,-2.23654097438666e-06,1.74399550502455e-06
1.8290377818541e-06,-5.81704550141319e-06,9.28356585544417e-06,-7.12158893252187e-06,2.74121870201585e-06,-1.93493146367209e-06,2.64511614113787e-06,-1.15418299731285e-06,-8.23435435262771e-07,-1.14934917311582e-07,4.09025864762602e-06,-6.79570369300814e-06,2.49101575751701e-06,5.17479925059853e-06,-8.35396037581694e-06,5.46801405827238e-06,7.05123805884302e-07,-5.79427659334446e-06,7.03000507779746e-06,-5.57434880488304e-06,3.66832367559725e-06,-2.18795002647429e-06,2.70172980725712e-06,-4.40507567618842e-06,5.16738618552263e-06,-5.31217847495759e-06,3.33963849270379e-06,-1.24714021414653e-07,5.12612415722459e-08,-6.06031951790276e-07,-2.40292040231345e-06,5.54705126785266e-06,-5.24206053404651e-06,3.90713890272142e-06,-3.84019828506392e-06,3.31860086443425e-06,-1.77630829469978e-06,9.87171653267889e-07,-2.21017683872943e-07,-1.64978956557232e-06,2.9496360295326e-06,-3.55955913022007e-06,6.07930807140167e-06,-9.58327890588565e-06,9.36200956354426e-06,-3.97854038080007e-06,-2.20381556838451e-06,5.3518931382937e-06,-6.53172925470833e-06,6.11288883194824e-06,-4.38602771286317e-06,2.89636390224646e-06,-1.18922704580844e-06,6.12586037519394e-07,-1.96016800145154e-06,2.64874326741816e-06,-3.442528160728e-06,6.23526690166128e-06,-7.09662120653699e-06,2.37280091955027e-06,2.71929573516575e-06,-2.17901551717049e-06,-5.32697133822883e-07,3.93011124006487e-07
8.31851145630892e-08,3.66947599451975e-06,-6.67264220949206e-06,5.65891661538423e-06,-3.19777563430629e-06,3.74592284429123e-06,-4.75335156528636e-06,2.19462557029377e-06,-8.54316707055747e-08,2.31737926852061e-06,-6.40447449102585e-06,7.51789057348694e-06,-2.95406041509453e-06,-3.63986391477915e-06,7.27719872580314e-06,-6.10789200700883e-06,1.6946100934293e-06,2.37723503616355e-06,-4.99586951769144e-06,7.66818604319375e-06,-7.36002238253675e-06,1.55048201707501e-06,2.67765559568186e-06,-1.36173277931623e-06,-1.67484869919668e-06,4.1612837922011e-06,-3.99176309709978e-06,1.18811829321953e-06,5.0887456269246e-07,-1.42845454894948e-06,4.30727888023762e-06,-6.35686611532846e-06,5.07523701732562e-06,-4.05939650432352e-06,5.72624900606981e-06,-7.24261934396649e-06,5.42898585577736e-06,-1.25016887073491e-06,-1.96637573865551e-06,2.81649977499639e-06,-2.74679779871451e-06,2.46319164748708e-06,-2.94707300293318e-06,5.62894723743025e-06,-6.71480488302428e-06,1.90868412722938e-06,5.08226428298893e-06,-9.13641333419789e-06,9.65983121832545e-06,-6.95869177460892e-06,3.27565693308827e-06,-1.71066014680989e-06,1.74139778808896e-06,-2.056474883072e-06,2.00884021410446e-06,-1.3290890964433e-06,1.66262483185933e-06,-3.42500599751955e-06,4.01005438678091e-06,-1.43746117010985e-06,-1.1305073142253e-06,-1.92663994928316e-07,2.71005492773037e-06,-2.4774877537208e-06
-2.00635219827228e-06,7.47935096239922e-07,1.93861182907118e-06,-3.0471255867158e-06,3.23997575147455e-06,-5.40497335936294e-06,7.0270102203962e-06,-5.04893643335644e-06,4.12165614049933e-06,-7.10406530353769e-06,1.0327899207414e-05,-9.89169672033568e-06,5.76312966942697e-06,-1.46840368903029e-06,-1.65744986975665e-06,4.08823081002164e-06,-4.20700100768251e-06,1.44626679943086e-06,2.83145543330394e-06,-8.0379611939232e-06,7.99854730970624e-06,7.22117361251959e-07,-7.42825706139922e-06,5.62091328399003e-06,1.55741977254103e-07,-5.79162694994921e-06,7.15390261000762e-06,-3.0460137940018e-06,-1.9891017690334e-06,4.31885381629343e-06,-4.45476293124388e-06,3.58436768600189e-06,-2.66475575377576e-06,3.67874358667687e-06,-6.93699384377795e-06,8.91458919591465e-06,-6.03405737325641e-06,-2.4459065374259e-07,4.5503339913639e-06,-4.27643056577393e-06,3.09333106328761e-06,-2.4478906279356e-06,1.71214440861618e-06,-3.00707004289052e-06,3.9178867350399e-06,-3.77061191844324e-07,-5.46345456659813e-06,9.25334252204466e-06,-8.16455893402558e-06,3.11018011548394e-06,1.82220870744924e-07,1.6650578471943e-06,-4.51343953803144e-06,4.0366248475882e-06,-1.31527622868909e-06,-3.64820503825264e-07,1.22063623760335e-06,-3.42074900867976e-06,4.59740339579825e-06,-3.36597394735732e-06,1.17196895764032e-06,1.43043652167829e-06,-2.60226080835327e-06,2.1454841817841e-06
-1.23265542889485e-06,5.48443533901762e-07,-2.84230347568532e-06,3.92807692237063e-06,-2.22430346200232e-06,2.00545944592224e-06,-3.1943145010989e-06,3.4514962024263e-06,-5.37034081258306e-06,9.09845026660878e-06,-1.09025844254126e-05,9.30984961461928e-06,-5.51835474551615e-06,2.36197739078097e-06,-1.90188738418574e-07,-3.44775699871183e-06,5.95006975428432e-06,-3.10145168403214e-06,-2.79020353070613e-06,6.71911547701079e-06,-3.84397881208126e-06,-4.37631041478335e-06,9.09544250835515e-06,-6.68096807433904e-06,1.38474763745367e-07,6.29347770567757e-06,-7.60123104688491e-06,2.85050876370034e-06,3.35453495050014e-06,-5.49543979721662e-06,2.43114042712927e-06,5.2034690161e-07,3.20652474918697e-07,-3.46214865760769e-06,6.49040618287347e-06,-6.07854589911825e-06,1.84928545784222e-06,2.658026682345e-06,-4.8140643951227e-06,4.52099160522513e-06,-4.48190207427209e-06,3.68109233985681e-06,-8.49731436175589e-07,-1.36374849693015e-07,-7.40045955956703e-07,-3.75291794675823e-07,4.31474207859278e-06,-6.9740470058304e-06,3.30136946501503e-06,3.78841661469804e-06,-4.93810107730832e-06,-1.02810968678977e-06,5.26449468036998e-06,-4.24908607017666e-06,1.92104842005626e-06,-1.16885190589711e-06,-7.09523967816856e-07,5.45564652619306e-06,-6.76412102096769e-06,3.57916982748856e-06,-1.3222986218954e-06,2.85591188402515e-07,-4.53219553917835e-07,1.85437047142989e-06
5.1104066154438e-06,-4.45281493751669e-06,5.57253896630323e-06,-4.55730325389267e-06,-8.03994592422025e-07,3.93085105773795e-06,-3.18472726139377e-06,1.20138686627144e-06,2.94049391203818e-06,-6.61358920862018e-06,6.73324657058696e-06,-4.93714386485669e-06,1.97206059961324e-06,5.04758245242606e-07,-1.40447610553911e-06,3.87486577892904e-06,-6.73926347288647e-06,4.16466818258625e-06,2.20294980758347e-06,-3.33776639419981e-06,-2.33369859391267e-06,7.32683761364066e-06,-8.9056929854587e-06,7.49549565933689e-06,-2.33401860195131e-06,-3.3529617547761e-06,4.74701768470695e-06,-9.35787190442782e-07,-3.79832179532695e-06,4.35608037671207e-06,-8.40840383446259e-07,-1.33288453824441e-06,-5.86659970642793e-07,4.32128293577757e-06,-6.22344899134631e-06,3.11684694492551e-06,1.49761918724564e-06,-2.85483329113481e-06,2.65700065129123e-06,-2.98986290390812e-06,4.01900005563968e-06,-2.37888136523716e-06,-2.72446641636064e-06,4.95266360598854e-06,-2.49998229882137e-06,6.90933111773452e-07,-2.73841126480441e-06,4.75389583426526e-06,-6.19966271397341e-07,-6.60796628201832e-06,6.5216724352825e-06,-2.55499781824329e-07,-2.76515537135261e-06,2.92556863144852e-06,-3.44234790264756e-06,3.15416892604803e-06,-3.00848406037219e-07,-3.3664970941053e-06,2.69199946099249e-06,-8.59833913091345e-08,1.02519500839248e-06,-2.40282694881009e-06,2.5045862873451e-06,-4.23494755868229e-06
-2.41817786356841e-06,1.95858285456644e-06,-1.76590117539502e-06,6.31921104840813e-07,3.02009222579389e-06,-4.3423492889493e-06,2.72375374566861e-06,-8.63781646689638e-07,-1.82459076467992e-06,3.36894829086679e-06,-2.78743683095216e-06,1.72352782106276e-06,5.09002974471136e-07,-2.44647957303695e-06,3.10852829831787e-06,-4.71579400122316e-06,6.19282927418472e-06,-3.65383493226771e-06,-1.16048056242904e-06,-3.27073471384388e-08,5.75771873649356e-06,-7.35916029286119e-06,6.82972740138194e-06,-6.37379347172181e-06,3.33289426939948e-06,5.46317658198447e-07,-2.12948298036922e-06,6.75630357121211e-08,2.38962456418342e-06,-1.71398151819033e-06,-1.21876316104547e-07,6.39036700746767e-07,7.52573605598051e-07,-3.78375564550055e-06,5.20358892852159e-06,-1.99109000736962e-06,-1.40371382198677e-06,1.26661097132549e-06,-7.10785827474773e-07,7.30018044527866e-07,-1.06672015284186e-07,-2.71747092994841e-06,6.72886224748013e-06,-6.80161773590194e-06,3.09578344013756e-06,-7.47629320559412e-07,1.30264106352544e-06,-2.52940100668622e-06,5.05475545674762e-07,3.58353287954097e-06,-2.81923800724834e-06,-5.41012426833327e-07,1.01776137977318e-06,-1.87537622804279e-06,3.76461547523696e-06,-2.70996488440409e-06,-1.50453079502548e-06,4.52084439526111e-06,-3.46408104442488e-06,2.35365262460942e-06,-3.75839448667536e-06,3.46709430202982e-06,-9.8618490182592e-07,1.04722561593789e-06
-3.01338490166627e-06,5.02724691230194e-06,-6.05005793805603e-06,4.95135144370599e-06,-3.54857142171663e-06,1.60473798265985e-06,5.93927600964643e-07,-1.40388628037467e-06,1.25089329885822e-06,-1.24550305161112e-06,1.71961400545734e-06,-1.22982549323496e-06,-8.96775475213453e-07,2.36451676329342e-06,-3.85326159791694e-06,6.18237520361862e-06,-5.72605782342985e-06,1.31468303918545e-06,2.40678102711993e-06,2.60947299574879e-07,-5.49209209177308e-06,5.46295347311898e-06,-2.40688391538705e-06,2.19642136751942e-07,1.26456545669043e-06,-1.8250046629432e-06,1.86003360948103e-06,-1.69483738641228e-06,2.16139081038697e-06,-3.41173310272556e-06,4.12113793248904e-06,-4.38097616642511e-06,3.11308637090157e-06,1.93567922737875e-07,-1.89417134245818e-06,4.71688921390696e-07,8.8379088372733e-07,-9.76344010715811e-07,5.15142089997931e-07,1.39565814448898e-06,-3.98881597879633e-06,5.81848987772708e-06,-5.24689837649074e-06,1.65050501383346e-06,1.12448352239883e-06,-7.41413685641797e-07,-5.63320493218588e-07,1.27148511045465e-06,-2.69199393037001e-07,-1.010541395437e-06,-5.36669426958395e-07,1.68947548922816e-06,-9.70005192330881e-07,1.81825897031636e-06,-2.54934335106048e-06,-4.22919174751448e-08,5.30127744418442e-06,-9.97029522459289e-06,1.13822358218471e-05,-1.07991250398291e-05,8.91003612349878e-06,-4.90517884374197e-06,4.88745985315581e-07,1.85409677889066e-06
4.95207695316366e-06,-7.68783098625262e-06,8.09337872348561e-06,-6.0356555142155e-06,3.69432610658068e-06,-1.88693815165005e-06,3.12281501170462e-07,1.85362255899444e-07,4.68731335252368e-07,-2.48703210861062e-07,-8.44131867568987e-07,1.3737470051133e-07,1.76344400416717e-06,-2.56667496422565e-06,4.24238404669629e-06,-6.62426849888714e-06,5.02152336972027e-06,1.03823980836162e-07,-2.90601264030256e-06,1.13126052780276e-08,4.58262673953162e-06,-4.19048701410199e-06,-1.05081849676095e-06,5.08848165660163e-06,-4.56701646916999e-06,1.55399516262928e-06,-1.70508510769599e-07,2.52285756918176e-06,-6.00227327138059e-06,7.27631325871285e-06,-7.60486189599524e-06,8.67626927886918e-06,-7.37193576104559e-06,3.43235574446674e-06,-1.80660962871102e-06,2.36428750338393e-06,-2.16867213093945e-06,1.82030326165267e-06,-2.3382062456796e-07,-3.11176771112324e-06,4.66966586076064e-06,-3.55606233907158e-06,-6.08310798563188e-07,6.25308503676044e-06,-7.23366592031948e-06,3.21553108696001e-06,4.02465026610244e-07,-1.15486974308494e-06,-4.00123487045218e-07,1.33041449534468e-06,1.40084594636239e-07,-1.28283228878718e-06,2.41330097433735e-06,-4.47936640177774e-06,3.27421175626487e-06,1.48416528515912e-06,-7.08577860517851e-06,1.3190593464393e-05,-1.68616175090702e-05,1.55651293705904e-05,-1.03627526118194e-05,4.63428235347058e-06,-9.39689608664759e-07,-1.83631291563221e-06
-4.08324570031232e-06,4.43007535638237e-06,-3.57288783852469e-06,2.52080509439823e-06,-2.58314325371134e-06,2.55186939916989e-06,-1.21309163292916e-06,6.58321732530452e-08,-2.97907616550215e-07,3.29730568143021e-07,-2.0549606891732e-07,1.65863339040858e-06,-3.76660202639814e-06,4.96583024632809e-06,-5.61344721514516e-06,4.84369718617295e-06,-1.99683755025448e-06,-7.30984107663848e-07,1.2312578697321e-06,8.35169764974333e-07,-3.70923631419866e-06,3.80963563995036e-06,3.2858951580374e-07,-3.50325553075243e-06,1.74867862805128e-06,1.90840873537457e-06,-2.9127583456805e-06,-4.64685333651147e-07,4.26558764792971e-06,-5.31223599412364e-06,6.30356823510196e-06,-8.59947036543414e-06,8.47282377398954e-06,-5.21785047672607e-06,3.62322107637438e-06,-4.13761689539773e-06,3.60938282324713e-06,-2.22228426658539e-06,-2.62189900120393e-07,3.22733079457323e-06,-3.25512210506442e-06,9.69548833658642e-07,3.36951112931494e-06,-9.02190323090534e-06,9.18396085916035e-06,-3.13256850459987e-06,-1.5224526618556e-06,1.79074029893468e-06,-4.46328064121747e-07,-1.84708103512695e-07,-3.89334764974483e-07,1.82597763479641e-06,-4.39045158796379e-06,6.49829188208533e-06,-4.6467150524516e-06,1.94684007930033e-07,4.36765892249482e-06,-9.8248068338883e-06,1.29412357937897e-05,-1.05665477399288e-05,4.9338363043487e-06,7.9668023689621e-08,-2.5013279364243e-06,3.40783456920769e-06
2.67475718303161e-06,-3.58762850243019e-07,-8.33302186778066e-07,1.36643427257102e-06,-5.19717405960519e-07,-3.93026457841419e-07,-7.22221955752853e-07,1.98807069836289e-06,-1.39890102986193e-06,7.44785210289201e-07,1.90906074965138e-07,-2.62377228324954e-06,5.35851857963321e-06,-6.7611333720232e-06,5.32588303389388e-06,-1.19953981535052e-06,-1.79873280874318e-06,1.64257933945095e-06,-1.2080587764324e-07,-1.75832062140564e-06,3.79805959110901e-06,-4.95235194895039e-06,3.4236703586988e-06,-1.89513009327971e-06,3.25489518807642e-06,-5.17883058452165e-06,5.0586674882525e-06,-2.54060315562968e-06,2.87624271652476e-07,8.85378430134444e-07,-3.18473154172317e-06,6.45799990701569e-06,-7.74045034508926e-06,5.82083688596252e-06,-3.96375085104549e-06,3.86749232684036e-06,-3.36248078023129e-06,1.93841928391878e-06,-1.28493029592516e-07,-1.76770105123968e-06,2.0804574057246e-06,-9.34350726729908e-07,-1.87043466435139e-06,6.35274679796654e-06,-6.34835660017603e-06,1.41114230596101e-07,4.0777726238768e-06,-3.28310269538487e-06,1.986990629986e-06,-1.73574493818444e-06,1.71241200604211e-06,-2.62367524550816e-06,3.89703064212851e-06,-4.15777937220153e-06,3.45764114899967e-06,-1.87405040992765e-06,-1.29359807256061e-06,5.03529498038499e-06,-5.34895468973779e-06,1.5384922441759e-06,2.94620642897718e-06,-5.9026208032067e-06,7.06971709049409e-06,-5.82380185129855e-06
-1.60576567079763e-06,-1.01841305673085e-06,2.19126380566858e-06,-3.05397153054341e-06,2.8538231634789e-06,-1.41469154043234e-06,1.35386952233058e-06,-2.09774681566591e-06,1.97644427048672e-06,-2.06694837124296e-06,9.80944043653316e-07,2.21161292060975e-06,-5.43975928436814e-06,6.22926914092004e-06,-3.17996849915952e-06,-1.23597577849183e-06,2.81870773406567e-06,-1.68254096147886e-06,-4.41940540027665e-07,2.98427482405715e-06,-4.98696948655793e-06,5.75843963378172e-06,-4.26560246301882e-06,3.08980532976151e-06,-4.34712628562125e-06,5.54416406822823e-06,-5.19270739084578e-06,3.73480345794007e-06,-2.94309107070855e-06,2.2826506115105e-06,1.14855092713598e-07,-3.59540096943793e-06,6.09862489888422e-06,-5.60127972719932e-06,3.80867776555298e-06,-3.23758658340969e-06,2.94989134748004e-06,-2.41176521698541e-06,1.7457926026479e-06,-6.83963149409786e-07,1.88097321636382e-08,2.90229816515613e-07,2.55325009889573e-07,-2.57005759961856e-06,2.43345628719436e-06,2.14323451805878e-06,-4.67510943983899e-06,2.55089054215318e-06,-1.73568566432794e-08,-5.26349973791577e-07,-4.35430709535359e-07,1.90742935810989e-06,-2.33008511351121e-06,1.59799304778434e-06,-1.62795230342641e-06,1.33108244068702e-06,1.83195889232136e-06,-4.7604969015542e-06,2.94556470849658e-06,2.37394683385073e-06,-7.07952618142152e-06,8.44276256392024e-06,-7.31082084282178e-06,5.01499089563162e-06
2.00898923526783e-06,-6.47282909200794e-07,-1.04672714530182e-06,2.23987892523545e-06,-2.20967640246808e-06,7.73912707284523e-07,-2.80968295671016e-07,7.40437993907785e-07,-1.48584311561286e-06,3.03642416307413e-06,-3.00492451828607e-06,-8.59679000752815e-08,4.34244163879691e-06,-6.04013104435537e-06,3.33596671402676e-06,1.59733072216695e-07,-1.07827606132211e-06,4.66403956531128e-07,1.25129853362855e-06,-3.47414708825385e-06,4.1110799955119e-06,-2.73659963040582e-06,2.1910557853636e-07,5.53857805060908e-07,5.02568174492693e-07,-9.83185733668194e-07,1.2686764587772e-06,-2.16299718553813e-06,4.06420555479642e-06,-5.0665907303392e-06,3.70454287915508e-06,-8.86156968791308e-07,-2.24235810473014e-06,2.48275214176183e-06,-1.03352399035924e-06,1.73447079701876e-06,-3.08810891922107e-06,3.7941387411483e-06,-4.10508172171495e-06,3.91018295848197e-06,-3.54129102676497e-06,2.17429901741975e-06,-7.47913394611489e-07,1.15750978669786e-06,-9.07660381739854e-07,-1.5668059248085e-06,2.10132508232052e-06,1.1586140525436e-06,-4.66528140593951e-06,4.65988073092597e-06,-1.69661833011113e-06,-5.86546610305864e-07,1.22497088164805e-06,-9.24756315377299e-07,5.03148067808002e-07,2.54083589771168e-07,-3.23067874857483e-06,5.94986175911729e-06,-4.11114800883441e-06,-1.51860391706329e-06,6.63968462400693e-06,-6.85071931633561e-06,3.68247913643137e-06,-2.24294888009532e-06
-2.51269411399526e-06,2.50417077946282e-06,-3.37715073748492e-07,-1.3766868016199e-06,1.46577295122298e-06,-5.61736616689735e-07,-1.78700015182498e-07,7.15138137062354e-07,1.62221063755012e-07,-2.92276444338355e-06,4.69523286066598e-06,-2.6622858354392e-06,-2.24814633907669e-06,5.46032250095994e-06,-4.46767013604015e-06,2.17663624196623e-06,-1.61899611742189e-06,1.93366291492451e-06,-2.75069389323047e-06,3.84135540335881e-06,-2.85599608038113e-06,-3.04607996955759e-07,2.70492539819531e-06,-2.88415738312603e-06,3.1241533298711e-06,-3.41352215584868e-06,1.56522329586503e-06,1.91523004558181e-06,-5.9448273411013e-06,7.93244566872593e-06,-7.02023207067083e-06,4.76857105228916e-06,-2.24776563599371e-06,2.57930137270334e-06,-3.54911757964488e-06,6.44468782082827e-07,2.76573444601125e-06,-4.14646003732815e-06,5.22329601579829e-06,-6.45883515061783e-06,6.32393160936382e-06,-3.70098293050536e-06,1.46867480464573e-06,-1.63999398056749e-06,1.65360852656199e-06,-2.51887643356445e-07,-3.75336546561322e-08,-2.60207169149158e-06,5.77404153632461e-06,-5.29041897525964e-06,2.14937649247441e-06,-9.10135167165009e-07,8.73525214101392e-07,-7.04908715760141e-07,1.2542488363e-06,-1.54440974652629e-06,2.16844215376459e-06,-3.77382016670108e-06,3.45032641378019e-06,4.43215073363233e-07,-4.38348533620576e-06,3.47067329225102e-06,3.96425698659483e-08,8.06215628246143e-08
3.80604380717645e-07,-1.21692713928197e-06,3.69215493209081e-07,9.12628889790966e-07,-1.7670758431319e-06,2.48763745050277e-06,-1.97216224304458e-06,5.07810041707923e-07,-8.53023134637579e-07,2.95486822412939e-06,-4.68471124364419e-06,3.81049348109279e-06,-6.32911621684971e-07,-1.9943907120791e-06,3.00371590236992e-06,-3.37793333769109e-06,4.39051134159944e-06,-5.00638933021245e-06,5.22281363535458e-06,-6.37840073082396e-06,5.9030171885317e-06,-2.51680628759462e-06,-4.42483976864421e-07,1.70084255610033e-06,-3.34724489529256e-06,4.11330457037752e-06,-1.66072492080296e-06,-2.64657289633881e-06,6.78255116768619e-06,-8.38071898305233e-06,6.72522056554198e-06,-4.03681561612528e-06,2.6002312054326e-06,-3.7307517872572e-06,4.14040818019402e-06,-6.9881839239599e-07,-2.46845746544503e-06,2.58912111079927e-06,-2.9821657197361e-06,5.07796130336949e-06,-5.36266182460538e-06,2.71313082920509e-06,-1.16554545011313e-06,1.68257221806266e-06,-1.68101827782533e-06,5.35482064946909e-07,6.36134889481074e-07,5.88709317281134e-08,-2.30486995837163e-06,2.88857663869727e-06,-1.9536221163267e-06,2.86714873590976e-06,-4.50342489000773e-06,4.69481509466774e-06,-4.16281581831899e-06,2.90266127476821e-06,-1.30634570041535e-06,1.35197240888272e-06,-2.26740241302232e-06,3.80029968230225e-07,3.12129434828443e-06,-2.76849579421669e-06,-4.52229672582756e-07,1.20613424875711e-06
2.03183618603296e-06,-1.46240251615231e-06,-4.49008232360751e-07,1.66363053682725e-06,-5.7916777451385e-07,-2.54209513776366e-06,4.22684695373884e-06,-3.76381382687222e-06,3.74307569657283e-06,-3.77892636449059e-06,3.24262647913328e-06,-2.46603544386478e-06,1.92397970966718e-06,-1.42496122672155e-06,-2.55468127901563e-07,2.85889141658628e-06,-5.57483406640872e-06,6.89199702877814e-06,-7.43177015386278e-06,9.22765786013974e-06,-9.9580368732449e-06,7.63121662805013e-06,-4.50420217177018e-06,2.52935738153107e-06,-1.0228584605123e-06,1.66838787562551e-07,-9.1382259149264e-07,2.8147029050426e-06,-4.75482096980599e-06,5.19331163485608e-06,-3.38859563161323e-06,6.25569536100308e-07,9.75577520895297e-07,-3.85778670071769e-07,-2.29225258637355e-07,-1.22198505412649e-06,2.0126660310403e-06,-7.34289864888129e-08,-1.32171590349757e-06,3.21725794141199e-07,3.63363031888534e-07,-2.6730067187154e-07,1.21454544377097e-06,-1.8873535508917e-06,1.04876483333085e-06,3.46916297738039e-07,-1.6419454746265e-06,1.65530843274432e-06,-2.85218150621319e-07,-1.03568411946564e-06,2.33224758578106e-06,-4.87753728432552e-06,7.73756594340115e-06,-8.59511007482957e-06,6.85085120911294e-06,-4.58836405958251e-06,3.49203477641684e-06,-3.35688658992702e-06,3.43757354809411e-06,-7.52680536791419e-07,-3.90556011430165e-06,4.77032213277975e-06,-1.90731436361176e-06,-7.12761924416273e-07
-1.19479699400396e-06,2.04213901808783e-06,8.54339018191642e-07,-4.0515894101289e-06,3.83755091594633e-06,-3.86375240552709e-08,-2.86882626193008e-06,3.20651662012666e-06,-3.72138877247839e-06,3.73825827259937e-06,-2.17942559315541e-06,9.27905040427603e-07,-1.34025282090778e-06,2.2500577135748e-06,-1.27959883046758e-06,-1.64098447643443e-06,4.8052034011944e-06,-6.92089299762742e-06,8.26528006067034e-06,-9.11936121123437e-06,8.70232220151447e-06,-7.66986048317239e-06,7.44743765641245e-06,-7.94236975808613e-06,7.48341763390513e-06,-5.33109354996049e-06,2.74740324829941e-06,-1.25045888773359e-06,8.23500333208152e-07,-6.67327091146558e-07,6.52697208631536e-07,1.64308009699043e-07,-2.52680840328469e-06,3.71402958092994e-06,-2.59966647943333e-06,1.67454474384508e-06,-3.64522240020759e-07,-2.653326195565e-06,4.94215521707792e-06,-4.74765761380105e-06,3.15931316255727e-06,-5.99951625342062e-07,-2.57147278988741e-06,4.04655390467433e-06,-2.69242772833511e-06,1.88809684783044e-07,7.87614901711249e-07,2.21568151438054e-07,-7.75450802574987e-07,8.24920437026799e-07,-2.25334724282799e-06,4.59583648182933e-06,-6.70031752903481e-06,8.0240831400951e-06,-7.2753251611543e-06,5.90397115570749e-06,-6.49571713200635e-06,6.86647483047386e-06,-4.48628794159695e-06,-7.61118317718318e-07,5.4746291643831e-06,-5.81003967425804e-06,3.89446229767807e-06,-1.76287776244613e-06
-2.03802056314052e-06,-7.50636665341898e-08,-7.94500599254696e-07,2.84559119282936e-06,-3.01291253525649e-06,1.34073531582557e-07,1.82676656029506e-06,-1.06620660368716e-06,1.30978570308748e-06,-2.24372262476358e-06,1.55590270075633e-06,-4.1826064865173e-07,5.102970294474e-07,-1.8348462959749e-06,1.47377109396609e-06,1.91215913446028e-06,-5.41719456413607e-06,7.57304858720091e-06,-8.37735021080377e-06,6.32887424719975e-06,-2.68780214666348e-06,2.35672948071769e-06,-6.16785663481916e-06,9.58521845386737e-06,-8.96196848944904e-06,5.40502059012994e-06,-1.88919440474572e-06,-3.82654664647704e-07,1.28671430254544e-06,-1.19294621705712e-06,-2.81617504460717e-07,1.95253773098391e-06,-7.11707849642105e-07,-1.26306337327386e-06,1.10870857105824e-06,-6.11026045670451e-07,-9.32301125988737e-07,4.54328811977283e-06,-6.77881072089635e-06,5.09852154426121e-06,-1.65698730296242e-06,-1.14839476604994e-06,4.12281940851684e-06,-6.85885363408877e-06,6.24283833534836e-06,-2.7354140190183e-06,1.57961376105656e-06,-3.14093208350849e-06,2.61076951825086e-06,-5.26905130379409e-07,6.97268620782956e-07,-1.9314174548058e-06,2.05460126751591e-06,-2.50487899923857e-06,3.53111242768891e-06,-4.74471279437464e-06,6.98818689126354e-06,-7.130406744327e-06,2.67560331997128e-06,3.23508500763556e-06,-6.30544040986086e-06,6.05202120753374e-06,-5.52079081384017e-06,4.77352927946831e-06
5.62984263309026e-06,-3.23901346323444e-06,1.05174907985865e-06,-7.10056188056385e-07,1.29798707616603e-06,4.27171628226975e-07,-2.60718035901789e-06,2.55078501842643e-06,-2.62991833415613e-06,3.14853569977064e-06,-2.40968718492676e-06,4.25635901262984e-07,1.02524222827895e-06,3.64786682809805e-07,-1.18429881709638e-06,-2.65208730356324e-06,7.91441351891303e-06,-1.03965133845707e-05,9.03665992625996e-06,-3.68138815319334e-06,-2.41097920798577e-06,2.52732923102729e-06,3.61573403388625e-06,-7.96834502585519e-06,5.97416886466444e-06,-2.14869897499676e-06,4.85104988820745e-07,-1.63032819814436e-07,3.92490899071682e-07,-9.62783246111673e-08,4.65844504690454e-07,-3.1809502612442e-06,4.80393664694641e-06,-3.76082155071076e-06,2.03300242562352e-06,-3.3009849692429e-07,4.70357981047397e-07,-3.38027259292142e-06,5.17391635292171e-06,-2.17799435932788e-06,-2.11030242492467e-06,3.17107092406561e-06,-4.13951671564619e-06,7.28142259324884e-06,-8.25379326639626e-06,5.50479269341481e-06,-3.75912351899467e-06,3.98022085406959e-06,-2.60865257724604e-06,5.12359489556617e-07,-4.05329967245346e-07,4.29681900562956e-07,1.31869093605469e-06,-2.90408155632484e-06,1.95860597194734e-06,1.56553005387022e-06,-5.35716417602895e-06,5.18258783928903e-06,-5.88993620043263e-07,-3.39171845655569e-06,4.65755873193979e-06,-5.56460159760038e-06,6.90845994512211e-06,-7.09285063017211e-06
-8.07009384851835e-06,6.42090581833688e-06,-2.18504304618797e-06,5.68834036604786e-07,-2.60728852674298e-06,2.16681743203434e-06,1.90289565451279e-06,-5.3639045033535e-06,6.69378481267421e-06,-5.9197201481791e-06,3.50327102244245e-06,7.20345464007051e-08,-2.87693157574048e-06,1.84351307741997e-06,-1.7560806703421e-07,3.16174651727367e-06,-9.01152802347096e-06,1.16778375289313e-05,-8.71526268029692e-06,2.69105031336701e-06,2.71296040805999e-06,-3.20854997981269e-06,-2.16246310277886e-06,6.27019668243977e-06,-3.95642978196332e-06,8.83250984180055e-07,-1.10257719064771e-06,2.00100856557462e-06,-2.24530373162853e-06,1.39309438200728e-06,-1.25720986556143e-06,4.5216207763416e-06,-7.84641040567568e-06,7.08323809981903e-06,-3.93332586965236e-06,1.49441482994545e-06,-3.15143735237243e-07,4.8703247570258e-07,-9.37755367544524e-07,-1.89476292834595e-06,5.83372188560453e-06,-5.74385496184527e-06,4.75872324417582e-06,-6.33191023729583e-06,7.59237296257021e-06,-6.00433639825693e-06,3.54386197632278e-06,-2.32643667374604e-06,1.55520372596905e-06,-1.16551991961046e-06,9.86059780305563e-07,4.4400057933354e-07,-2.80026536301022e-06,4.75735610468778e-06,-4.01895297400721e-06,-7.80515702275525e-08,3.95713891481215e-06,-4.0154700569043e-06,7.29072245333993e-07,1.10604509421875e-06,-9.90773482855955e-07,3.1566703869999e-06,-6.28260806125942e-06,7.56128886823741e-06
8.11279700795751e-06,-8.31474256078567e-06,4.75785927859424e-06,-3.26651914704116e-06,5.83225868912951e-06,-5.85317886966819e-06,7.89999366368194e-07,4.91077014863601e-06,-6.75580945846591e-06,4.14314839791765e-06,-3.18802307952523e-08,-3.10466868168841e-06,4.37138228680663e-06,-3.4923380311925e-06,3.12788023968838e-06,-5.74595638087162e-06,9.13892561019304e-06,-9.55579631569498e-06,6.64849871204478e-06,-3.11129382934073e-06,-6.70825577470406e-08,1.88846901724253e-06,4.4439718762894e-07,-3.8320373066324e-06,3.06416202579905e-06,-1.10034750671691e-06,1.01041819196796e-06,-1.23638192694118e-06,1.37445531162801e-06,-2.3495508362327e-06,4.86594258914164e-06,-8.25160546890331e-06,9.45459303555076e-06,-6.8986558913487e-06,3.62332499781851e-06,-2.33738392280089e-06,1.32179388119599e-06,2.31870922676434e-08,-3.31723225132209e-07,2.73820152079482e-06,-7.4253494998827e-06,9.24010998216664e-06,-8.10564998985502e-06,6.79115268725329e-06,-5.6374691357623e-06,3.48722514698482e-06,-9.68995915183127e-07,2.60926414226695e-07,-2.80824947049988e-07,-8.84550133065921e-07,2.95016683400927e-06,-4.76450910926532e-06,5.5689336683401e-06,-5.28340827527089e-06,3.32633187782072e-06,-5.00556820612224e-07,-1.70452554119675e-06,2.56606261764917e-06,-9.94215542027729e-07,2.22893711344659e-07,-6.60025444819484e-07,-2.30906092092542e-06,5.68210202422239e-06,-6.54425993173429e-06
-6.5486516856014e-06,7.65707641942778e-06,-6.82959777330234e-06,6.79444047975769e-06,-8.3977496779593e-06,7.31090067228139e-06,-2.87750382322899e-06,-1.70080764966414e-06,2.70818270240809e-06,6.51514612048871e-07,-4.85123263055533e-06,6.74215852107479e-06,-6.67449702746527e-06,6.00210609685274e-06,-6.52867254954762e-06,8.46200734265651e-06,-8.44099888962442e-06,5.92861633608793e-06,-4.05612953382311e-06,3.91511737921078e-06,-3.14711689934591e-06,1.3146178690769e-06,-1.82476841901488e-06,3.03719072493571e-06,-8.3662955286134e-07,-2.43586020810924e-06,3.53235922198262e-06,-2.45671002730773e-06,3.63854464285972e-07,2.64256429524724e-06,-6.7391647176786e-06,8.79497295707308e-06,-6.11356216054426e-06,1.8013174992765e-06,1.53601839881253e-08,3.79914550535157e-07,-7.25083353567661e-07,1.5055930990624e-06,-3.24133704721873e-06,1.50639388866198e-06,4.67969379169105e-06,-9.71203682348769e-06,1.05678005013885e-05,-7.64073765107911e-06,2.80403404594132e-06,8.91946747785252e-07,-1.49428277296607e-06,-1.4427613523871e-07,1.64508137121192e-08,3.37285265081223e-06,-6.62178248228325e-06,7.21336143405768e-06,-6.24688829872545e-06,4.18571255501732e-06,-1.91353766251677e-06,2.07828321111998e-06,-2.26477101330694e-06,2.28362951920386e-07,4.1180519387943e-07,-5.17068633109085e-07,3.19947995699915e-08,4.50516099816152e-06,-7.92009147879596e-06,6.81339448593913e-06
4.65114342958736e-06,-4.07504021536706e-06,5.50672382962858e-06,-7.34540889997982e-06,7.3880194042318e-06,-4.08779115360984e-06,1.04181008238712e-06,-4.55327656482748e-07,1.46082397294799e-06,-3.37040568370834e-06,5.02011647863163e-06,-6.31109737929062e-06,7.98670562542318e-06,-8.82906786795189e-06,8.78949992482941e-06,-8.400990462806e-06,5.92519637420252e-06,-2.29675264214259e-06,5.36719927781157e-07,-2.01622345973536e-06,4.89646374128662e-06,-7.06044332036662e-06,8.28397081940805e-06,-6.12163299499755e-06,4.06578842784072e-07,4.3059181227426e-06,-4.98998104100039e-06,1.94451448024705e-06,9.65356244665473e-07,-1.90308670263436e-06,3.36447896142669e-06,-3.32409986464329e-06,-5.82916908837242e-07,3.76313521761174e-06,-3.9653704142517e-06,3.91017559418167e-06,-3.11186720817537e-06,-1.1092266091929e-06,6.22791375631104e-06,-5.63570960617047e-06,-6.73296745038701e-07,6.55168034080261e-06,-8.72661850926802e-06,5.39339717882541e-06,1.81065811013103e-06,-5.53282607862821e-06,2.85936054970476e-06,1.2234158663771e-06,-1.28054423201369e-06,-1.46488068677229e-06,2.44596564093852e-06,-1.5687904356551e-06,1.37100774341889e-06,-7.72397654484582e-07,6.44251962525525e-07,-4.16621656155218e-06,5.87747133805693e-06,-1.87128215325384e-06,-1.8792781508498e-06,2.95913968692234e-06,-8.54575021174995e-07,-5.82698790734373e-06,1.08125680410064e-05,-8.69136572801666e-06
-2.05946175614132e-06,1.15433584302672e-06,-3.57915908098884e-06,5.73757688682565e-06,-4.41929050579326e-06,-3.02991230325159e-07,2.34776332432855e-06,6.42547031393524e-07,-3.95685465406758e-06,4.55210178422994e-06,-3.62327392109093e-06,4.24098275658168e-06,-6.75873197018891e-06,8.11063179625597e-06,-7.73813240307917e-06,6.69162565411577e-06,-4.46707449282182e-06,1.36759531602905e-06,1.44714712071458e-06,-8.35421466684595e-07,-4.23270036622426e-06,1.01165335209852e-05,-1.22507514492993e-05,8.49050299061021e-06,-1.86177944624255e-06,-3.43027361044105e-06,3.5711239960073e-06,1.22360454778014e-06,-3.64789450389975e-06,1.87827218872951e-06,-7.06429870808432e-07,-7.43745518272263e-07,3.51497349688708e-06,-4.28359214717044e-06,4.44548279724835e-06,-7.11038670731359e-06,8.00972381536639e-06,-2.84375958510127e-06,-3.49527888103867e-06,4.28455412484627e-06,-4.4218721497797e-07,-3.28603481629529e-06,4.21905504228642e-06,-2.16265537100615e-07,-6.50067718187874e-06,8.52072967141537e-06,-4.21447432733594e-06,-3.17954072662647e-07,4.66890063099881e-07,7.48441428943912e-07,6.31594830079614e-07,-2.12879062329111e-06,1.09676924419583e-06,-1.44390915652132e-07,-1.52613692989812e-06,6.96590923159028e-06,-9.09396545175873e-06,2.66460843180896e-06,4.42955743209173e-06,-5.77401681168883e-06,1.92214336401264e-06,4.78951047891826e-06,-9.21673526516173e-06,6.91373789974533e-06
-6.44097628379514e-07,-1.71136485942287e-06,4.13038037332498e-06,-4.67644105829478e-06,2.77116549163412e-06,1.40940125611889e-06,-3.44158010266141e-06,2.09212357894153e-07,4.26729849448139e-06,-5.65488079900179e-06,5.43773271637673e-06,-6.47593095313926e-06,7.45822097528068e-06,-6.0771779799791e-06,3.68501062028482e-06,-3.17156506587038e-06,3.64549723153377e-06,-2.32823039340941e-06,-2.29661703048316e-07,4.31175192521983e-08,3.49416511281582e-06,-7.69556884033853e-06,9.75953124991618e-06,-8.32013974116545e-06,5.06868679520332e-06,-7.04300538450595e-07,-1.53684125462322e-06,-5.49125446802314e-07,2.02012460889706e-06,-1.71113391883613e-06,1.73313944628719e-06,-3.80715227798336e-07,-1.71186557306357e-06,1.95398315985845e-06,-2.55393870529048e-06,6.70357065842449e-06,-1.01033425798446e-05,7.51896040414001e-06,-2.95013111271766e-06,9.7544406225664e-07,-5.08228818634369e-07,8.96025506381241e-07,-6.16462993118453e-07,-3.11833717043271e-06,8.20035566644087e-06,-9.68802319933968e-06,6.37053371905637e-06,-2.89512393796026e-06,3.21361158453622e-06,-4.31535962105701e-06,2.65646367343559e-06,-6.03941504867902e-07,4.40786210762319e-07,-3.55069888274805e-07,1.89285069238214e-06,-7.2553995532553e-06,8.95588220160947e-06,-1.62516667166993e-06,-5.64147422691926e-06,4.72049486684374e-06,2.30345084221967e-07,-2.86379633111985e-06,2.19672561803105e-06,4.87164944118248e-08
4.00198275764499e-06,6.40264222385533e-07,-4.34569160577855e-06,4.80590607340209e-06,-2.67499527471812e-06,-8.63020191727777e-07,3.54582490604684e-06,-2.02379050018021e-06,-2.46964766938237e-06,5.20455213529582e-06,-6.68538429208974e-06,9.00046381407053e-06,-9.60621986652331e-06,5.64948754667202e-06,4.02109991307401e-07,-1.52452983617466e-06,-1.89903138436264e-06,2.85649384966769e-06,-1.286343623456e-06,1.05882368616257e-06,-1.29380527518831e-06,1.81962100343433e-06,-3.91240486370018e-06,5.62728345214476e-06,-4.54326612746338e-06,4.41313922020818e-08,4.10115406024229e-06,-4.57977458119726e-06,2.30667097166572e-06,1.0973108454392e-06,-2.70668383451032e-06,9.4337075161313e-07,1.28150513007761e-06,-7.76993132372629e-07,-6.01732669574456e-07,-2.15547591402107e-06,6.92620622011493e-06,-8.02005623046919e-06,6.69392676296395e-06,-4.79232433967633e-06,1.41176319671891e-06,3.93439132399569e-07,9.25538447137756e-08,1.67479721860869e-06,-6.29243240524631e-06,9.66430393169842e-06,-8.64553393721027e-06,6.13530145942715e-06,-5.7100328690332e-06,5.48416084924132e-06,-3.24978962064683e-06,8.46401565989601e-07,6.59532748154673e-07,-1.95250425921363e-06,6.74614934707912e-07,3.19391365678304e-06,-3.3132342979259e-06,-2.60225827705696e-06,6.16196863623262e-06,-1.80649458572022e-06,-3.08937062395851e-06,1.23434561829006e-06,3.66059963363206e-06,-5.8610736439581e-06
-7.82581017200186e-06,5.19975275620893e-06,9.0313540627846e-07,-3.97757535499635e-06,2.15394984301391e-06,1.61541663309478e-06,-5.28182861223042e-06,5.85019337453721e-06,-2.31917454380219e-06,-1.50075798041292e-06,4.52926537601884e-06,-7.37395616397971e-06,8.09858377030786e-06,-4.39826017148077e-06,-1.65707697773769e-06,2.53468869514897e-06,1.90183628773735e-06,-4.065028639971e-06,2.3580149677174e-06,4.45219687486792e-07,-2.87525478541527e-06,3.56443596296476e-06,-1.64592393827506e-06,-1.6881517750703e-06,2.76608892392357e-06,1.50526407900226e-07,-3.98073845670833e-06,5.41804117450061e-06,-2.40221156615617e-06,-2.37346490803828e-06,2.6639731907068e-06,1.06297628024469e-06,-2.79917444230301e-06,-7.21004797322399e-08,3.38182692151041e-06,-1.7652766463695e-06,-2.006970833049e-06,4.15699789014822e-06,-5.793199223661e-06,5.85153403471973e-06,-2.85056731134703e-06,7.2503189490724e-07,-2.10523670727517e-06,2.23075977124767e-06,2.20554551093491e-06,-6.93002011356675e-06,7.43694209411522e-06,-5.23960191395588e-06,2.92107553141302e-06,-8.05983077659917e-07,-8.39171924522391e-07,1.19864583822051e-06,-1.72864164556885e-06,2.60188657081614e-06,-1.10559841542279e-06,-9.61025115948409e-07,-6.39785846857335e-08,3.37097915757079e-06,-4.35865089009102e-06,3.69135968339035e-07,3.39327245253903e-06,-1.49287008077023e-06,-2.62888077166264e-06,5.84966176515687e-06
8.56501137308018e-06,-9.48183014672589e-06,4.31732309659563e-06,-2.06231281575162e-07,1.14613022479526e-06,-4.53511647034542e-06,8.3041674477215e-06,-1.02782423655618e-05,8.46121723498428e-06,-3.87655290224422e-06,-2.06890338464956e-06,5.85978423869153e-06,-5.11045829208502e-06,2.09586610861832e-06,6.27893066382347e-07,-1.00825226453715e-06,-1.08411241438982e-06,2.84894794681654e-06,-1.25902888616324e-06,-2.67263051526507e-06,4.35514649759254e-06,-4.04988253367357e-06,3.87610544480187e-06,-1.67621207821389e-06,-9.99853654020736e-07,7.60888815010827e-07,1.08851641851708e-06,-1.81111754450841e-06,-9.74622012298672e-07,4.99801998169905e-06,-4.42236699476081e-06,-1.02049521906149e-07,1.52080491417165e-06,1.76847697710769e-06,-3.20835869764768e-06,3.94481077364101e-07,1.30740286327382e-06,-1.7927147081557e-06,4.20849938855929e-06,-5.6652345868631e-06,3.50364746942507e-06,-5.83171405068317e-07,1.28559018522932e-06,-3.00167143955445e-06,6.96272985117264e-07,2.44071413209148e-06,-2.75572645099439e-06,1.52282098003264e-06,9.53959811141493e-07,-3.21533238679546e-06,2.48296979566012e-06,-7.66243332385038e-08,-8.60184555925226e-07,1.56799951533707e-06,-3.42434419917393e-06,4.16086955534044e-06,-3.3209192226296e-06,1.69742792984004e-06,1.95821421326184e-07,2.11042758102627e-07,-2.42020098557223e-06,2.64435780161682e-06,-7.78876791034153e-07,-3.15291046469535e-06
-6.14739545514315e-06,7.52779770831531e-06,-5.65372298689864e-06,3.65459300898386e-06,-4.46745973099106e-06,7.26186736921478e-06,-1.01555332327471e-05,1.19385476249407e-05,-1.17846513419003e-05,8.01256560242911e-06,-1.31383725597458e-07,-5.09422855783623e-06,3.33756193704704e-06,1.12606248272707e-07,-1.70028158363091e-06,2.83574786644436e-06,-3.07897273889308e-06,2.13839603352636e-06,-3.06237034095513e-06,4.37213012267545e-06,-1.71337636845797e-06,-5.24677778639013e-07,-1.49245284285342e-06,2.6325791942096e-06,-5.99294846702348e-07,-1.28746054126818e-06,7.11155370767156e-07,-5.63350741707167e-08,2.56360283115606e-06,-6.71109889190982e-06,7.84615646779959e-06,-3.88665148367859e-06,6.59953070519833e-07,-1.92433580596363e-06,1.28087877631163e-06,2.78687866782789e-06,-4.2008600741608e-06,3.80223429521154e-06,-4.64528143593803e-06,4.60496811518029e-06,-1.35292598199623e-06,-3.41542808240777e-06,3.48653735028463e-06,3.77089945014996e-07,-1.20010413226046e-06,1.98265288604771e-07,6.11478147619024e-07,-2.51399811623142e-06,2.28338831716946e-06,-1.72300319825469e-07,9.76832870571766e-07,-2.76059206212861e-06,2.75759774042449e-06,-3.80211727342367e-06,6.03066647072687e-06,-7.84840039791713e-06,8.81087215353765e-06,-6.66126420547609e-06,2.12695314993131e-06,-6.53885836032678e-07,2.13791703407158e-06,-1.85984701697419e-06,-2.43903880373696e-07,2.92544616423581e-06
3.40496035827613e-06,-2.3590498979023e-06,1.77006429142327e-06,-2.36487729129282e-06,3.98921007516563e-06,-6.5142518629892e-06,9.17906709284684e-06,-1.07028732347686e-05,1.10250521635778e-05,-8.64798529139617e-06,2.06177944480699e-06,3.30809589188756e-06,-2.92678153606668e-06,-1.05360046623137e-07,3.22147316642891e-06,-5.73788606498511e-06,5.93451329086345e-06,-5.34553350111804e-06,6.39075547894241e-06,-5.0170138175643e-06,-1.30221006794611e-06,5.2862034351171e-06,-3.05912261124984e-06,-5.89241826696918e-07,1.66742418586379e-06,-4.53321982281186e-07,5.79045840824117e-07,-8.98333762358737e-07,-2.10205871394856e-06,6.54649151437355e-06,-8.30375557862108e-06,4.38966711196089e-06,5.92006393895019e-07,-4.95415471197254e-07,1.26555663951662e-07,-3.30007791161356e-06,5.84841326593625e-06,-6.32699710336573e-06,5.27236280279259e-06,-2.881301591251e-06,-8.9644245829523e-07,4.9191666326395e-06,-4.0100812790136e-06,-3.10681845130509e-07,1.5843387703624e-06,-8.78484620562678e-07,-1.40531146462434e-06,6.35148788651414e-06,-8.54197604859189e-06,6.47964436672648e-06,-4.92655885141859e-06,3.64498296791083e-06,-1.54835845733737e-06,6.96853969700699e-07,-1.8642453619018e-06,6.2522932374913e-06,-1.00577086931321e-05,6.39266835871042e-06,3.42501842623502e-07,-6.73169136501361e-07,-1.9223837432414e-06,2.28147234569733e-07,2.96688559045229e-06,-3.95890330391603e-06
-1.4478864067228e-06,-8.93506414673281e-07,1.40315690532482e-06,2.9730844430393e-07,-1.59308130182886e-06,2.71934255344381e-06,-5.73757745112954e-06,8.28215412762354e-06,-7.73464453339965e-06,4.97294097609658e-06,-6.79759920020121e-07,-3.89709112010986e-06,5.70465463794712e-06,-3.39574399690626e-06,-2.05552986509217e-06,6.80076391571565e-06,-7.19526436266659e-06,6.30134162725517e-06,-7.07996303806029e-06,4.99389884712421e-06,1.5639304060897e-06,-5.55784225736379e-06,4.19715923776364e-06,-5.69872971882774e-07,-1.92077302901574e-06,3.42309787072387e-07,1.18141452947892e-06,-4.94531375578641e-07,1.41390177672713e-06,-3.66811760222955e-06,4.48201278379991e-06,-1.45340132587357e-06,-2.62916782732784e-06,1.82288373378651e-06,1.20756368145367e-06,-6.90375315053193e-07,-2.66034193613543e-06,5.38462133419035e-06,-4.58795511930306e-06,1.31695198356561e-06,1.29773849480901e-06,-1.63431085098813e-06,-1.14312972784058e-06,3.05964035884882e-06,-1.39754722033191e-06,-5.34188502089924e-08,1.78709973041854e-06,-5.89905504287584e-06,8.53370664821428e-06,-7.96455951476336e-06,6.42302486597165e-06,-4.41752513176865e-06,1.74789875950893e-06,1.58318830209059e-06,-3.14364752842678e-06,-1.145317379679e-06,5.47105362052394e-06,-1.27545659761776e-06,-4.83466893770485e-06,3.10662554731281e-06,6.49217049238975e-07,6.67587715118991e-07,-3.1659893445602e-06,3.25699385925915e-06
-2.85364859662222e-07,1.84095636254198e-06,-1.36601234584411e-06,-4.01641907810573e-07,8.10137105281944e-07,-9.60034086041425e-07,3.88060827237182e-06,-6.51310569907843e-06,4.62598065020342e-06,-4.06963359427662e-07,-2.79248827215255e-06,5.65514824063232e-06,-7.01255109013205e-06,4.07486364631231e-06,1.79169576264796e-06,-6.26688541644262e-06,6.47496468043322e-06,-5.14085976640252e-06,5.12712932193054e-06,-3.30655555530892e-06,-1.19102852611852e-06,3.30354690798657e-06,-1.84741559311689e-06,-1.59123636104724e-06,5.24064542626908e-06,-3.90195692125429e-06,-8.63795732817662e-07,3.03592140637718e-06,-2.28056709870875e-06,1.41377858246042e-06,-1.48324253602683e-06,-2.24886360265245e-07,2.49579500645445e-06,5.79317358547573e-08,-5.54569467229751e-06,6.98833886528901e-06,-3.07068937024371e-06,-2.06500470026858e-06,3.34109040113804e-06,-5.79930934069363e-07,-6.64510465367768e-07,-2.12859470249121e-06,5.09926485086373e-06,-3.19881956637467e-06,-1.53468337769143e-06,2.85319793026439e-06,-1.62347106638345e-06,1.42089443667897e-06,-2.47769024953391e-06,4.80704637960538e-06,-7.11514441981829e-06,7.39447990038396e-06,-4.88651440036972e-06,9.40950700860888e-08,2.73309244243077e-06,-2.84253862004992e-07,-1.9333204071852e-06,-1.45678772774956e-06,4.75108590512618e-06,-2.69623776132083e-06,5.16782795015833e-07,-1.68258002497791e-06,2.72751778144056e-06,-1.73262060336236e-06
2.13550475164093e-06,-2.44132613895565e-06,9.42280899928066e-07,4.77437022172404e-07,-1.017383981424e-06,2.13568967455078e-06,-4.58417867472938e-06,5.37993569663559e-06,-3.06282611824485e-06,-6.4755133276925e-07,2.38335312596488e-06,-2.02849748416032e-06,1.5511196828911e-06,2.97919101843235e-08,-2.31019045892172e-06,2.93748021064716e-06,-1.59532009359471e-06,7.88959238258123e-07,-8.95530407095193e-07,-7.88288727093108e-07,3.32414570199877e-06,-3.28079291283965e-06,6.1699270066187e-07,4.01676194611569e-06,-9.47701342814656e-06,1.01087144337573e-05,-3.73925680141526e-06,-3.22176873105153e-06,4.37667737395925e-06,-2.17497008675036e-06,6.14185211777551e-07,1.68281267071861e-06,-2.40033874027837e-06,-2.17064673161672e-06,7.67995073609743e-06,-7.73376818319028e-06,3.36167378554369e-06,9.67569227483704e-07,-1.89401521790505e-06,-5.57519369738874e-07,5.84758359791375e-07,3.38551246605262e-06,-5.00471127348722e-06,1.14477230268362e-06,3.41106406394919e-06,-3.64708782826528e-06,5.33907240275422e-07,2.80397573880083e-06,-2.81736833274161e-06,-1.65260579296018e-06,6.09818102486434e-06,-7.38983623338037e-06,5.77756822577284e-06,-2.28749117831292e-06,3.97681728121128e-07,-1.38050870616991e-06,1.76681566293992e-06,-3.69385200036294e-07,1.96027097212754e-07,-1.31969727020812e-06,2.8033282365671e-07,2.92564448660848e-06,-4.07019206165732e-06,1.10486849041758e-06
-3.7849289174846e-06,1.83591342396289e-06,5.85976536268486e-07,-3.58819250805972e-07,-4.92115701766799e-07,-2.14984455217298e-07,1.93456116753133e-06,-2.31414210315677e-06,1.91770932404039e-06,-8.79388917297583e-07,1.36610530259302e-06,-3.7272216773703e-06,3.23322168393575e-06,-7.82544943377843e-07,-3.42053415832194e-07,1.33046739172734e-06,-2.78183641695274e-06,2.84243898492962e-06,-2.68572298641219e-06,4.09160064094122e-06,-5.01957660082136e-06,3.63487608239628e-06,-3.74122426361435e-07,-4.64239388052419e-06,1.07836084016926e-05,-1.36530457422908e-05,8.63768816555915e-06,2.36639696406461e-07,-3.72235982176635e-06,2.05816863447385e-06,2.10470873392461e-07,-2.82596285290221e-06,2.72536808543996e-06,1.75784512319848e-06,-4.82321407341085e-06,1.79107616173337e-06,3.07306049653185e-06,-3.47161295570618e-06,-4.37559253308571e-07,4.09660120472278e-06,-2.73258778828962e-06,-1.71914652216362e-06,3.08736852347534e-06,-9.69875252689986e-07,-8.47106368306743e-07,1.49849821029704e-07,2.73086752311155e-06,-5.97782489499198e-06,5.12637486237869e-06,-5.51762367060973e-08,-2.93754893299966e-06,2.84603070085613e-06,-2.67341126912735e-06,2.28311296785949e-06,-1.61361988524908e-06,1.43692540371766e-06,-1.59538815611974e-06,2.8130000132145e-06,-5.26862666723721e-06,6.10256028203162e-06,-2.86128356725693e-06,-3.47396496485299e-06,6.20927779541948e-06,-8.4258991543492e-07
2.88055150842067e-06,1.29950343439237e-06,-4.14877391786085e-06,1.70522482220756e-06,2.05537887540084e-06,-3.72198709659577e-06,2.66067442231889e-06,-9.85211372923411e-07,-4.21025307284139e-07,1.65503381621903e-06,-4.17407871990659e-06,6.36026447419304e-06,-3.29297614919353e-06,-2.45322536579718e-06,4.69640987594204e-06,-4.15433571774474e-06,3.53843262521752e-06,-2.42671026111163e-06,1.96919077137141e-06,-3.00529364104745e-06,3.67657540858736e-06,-2.92969194533924e-06,1.20827016332228e-06,1.83134342073738e-06,-5.90966963638184e-06,8.30319287423542e-06,-6.22421684200693e-06,1.25004867330668e-06,8.94999943093275e-07,4.54028597534128e-08,-6.69263365264423e-07,1.24853660790647e-06,-1.21490745782223e-06,-6.43160861643682e-07,1.16671637817854e-06,3.36459922148785e-06,-8.22165487171081e-06,5.10092769464252e-06,3.51470595752973e-06,-8.161750687938e-06,5.1945223745378e-06,-3.80509473856454e-08,-1.82051747146738e-06,1.9121602738662e-06,-2.37247453200949e-06,3.70266603863318e-06,-5.9852285002394e-06,7.3652130375046e-06,-4.32582441806954e-06,-1.14787779748827e-06,2.58086776891299e-06,-1.37468480308867e-07,-1.2342558544395e-06,4.97732661073214e-07,6.70782441584329e-08,-4.30553742938675e-07,1.64262382277526e-06,-3.96909827174706e-06,6.98974506073737e-06,-8.00746510973585e-06,4.9239222846432e-06,2.24259635571132e-06,-6.26710939250708e-06,9.43387033140702e-07
4.9163070723516e-07,-4.7867184587799e-06,6.58549731676051e-06,-3.85838180918398e-06,-1.24712443224242e-07,2.5954012203913e-06,-2.01595961812444e-06,8.75224872780179e-07,-6.8284227787563e-07,-1.44217016865569e-06,5.93475989891748e-06,-8.06494030975754e-06,4.05795503132166e-06,2.97320499217939e-06,-6.36050023722326e-06,5.33996545367718e-06,-2.48628120542524e-06,-2.11956184102479e-06,4.75407384870955e-06,-2.09975913111107e-06,-2.24073675591146e-06,4.70082571513897e-06,-5.1415578814644e-06,3.05280984918457e-06,4.71465306646226e-07,-2.2498609710464e-06,1.96876806084456e-06,-7.70433809945819e-07,1.87967413934995e-07,-6.25438692310906e-07,-1.40105666145987e-07,2.14859619946892e-06,-2.97949921550587e-06,2.36712024427461e-06,-2.12068127399823e-07,-4.75396227257216e-06,8.49680677505711e-06,-4.42774925228844e-06,-4.35888042435481e-06,8.53277766982654e-06,-5.10347126279161e-06,1.44552309778388e-07,1.38616590032166e-06,-2.33786761281139e-06,3.49564201541995e-06,-4.00740189195431e-06,4.5751643281441e-06,-3.53696299445672e-06,-4.92932181645478e-07,4.93530759633644e-06,-5.82680736054984e-06,2.57464496742688e-06,1.22262719894395e-06,-2.67247270530555e-06,2.9611622524958e-06,-2.33849672712145e-06,5.31449230436165e-07,1.40630649164318e-06,-3.55611909013252e-06,5.06475352593679e-06,-4.78172673848257e-06,1.24967829419113e-06,2.19860489928939e-06,-6.98942473459575e-07
-2.55388222686965e-06,5.46445104655632e-06,-5.36506339896863e-06,4.43651531322668e-06,-3.93293553781255e-06,2.51962481279593e-06,-8.36864009824656e-07,-1.4872725445386e-06,3.26844852243866e-06,2.14881646374139e-08,-6.66275810850459e-06,9.34338840021034e-06,-6.17421062526648e-06,8.06041386523189e-07,2.63430776731837e-06,-2.86774492530788e-06,-1.63179369536723e-07,7.03523757310847e-06,-1.11312622574759e-05,6.79736712918887e-06,7.73512197540979e-07,-6.21474258837627e-06,8.25982085658967e-06,-5.81769299120064e-06,1.19889628134694e-06,1.00067370589917e-06,-1.51288444573529e-06,1.51055834998158e-06,-4.23242366278643e-07,-2.55369513223205e-07,1.9374417117985e-06,-5.97125619360642e-06,7.78465838064062e-06,-4.88830536503332e-06,2.64724419707905e-07,4.0412101767607e-06,-6.45114040087716e-06,3.93278576539865e-06,1.77911970787954e-06,-4.78057485797722e-06,2.71319748518318e-06,2.61950549187263e-07,-1.21990762471257e-06,3.30944163922118e-06,-4.34741709592995e-06,2.01591720581896e-06,7.77353216316996e-07,-3.32555337550802e-06,4.62358406604601e-06,-5.01885063382132e-06,6.24147949613167e-06,-5.70956364178285e-06,2.59368391836103e-06,7.0038923386486e-07,-4.28459131318303e-06,6.67320620978383e-06,-6.03945636154197e-06,4.10776542214836e-06,-2.29768370995376e-06,4.59303827992079e-07,2.23539940356952e-06,-3.98816093233732e-06,2.91434264921561e-06,-6.9934579086463e-07
4.8941514032713e-06,-5.86409766280207e-06,3.40943852898779e-06,-2.98909711833218e-06,4.94377685231592e-06,-3.82664484168786e-06,-1.06690795781813e-06,6.53331477205307e-06,-8.67457790713216e-06,3.42421848376113e-06,5.69266123396501e-06,-9.36451954934951e-06,7.16740463905714e-06,-4.78311323224471e-06,3.43677250718787e-06,-2.18370392039816e-06,2.77993128950054e-06,-7.00431602133327e-06,9.9326512496313e-06,-7.48035079736116e-06,2.2436419200543e-06,3.34128585458923e-06,-6.92918361769773e-06,5.44188987891766e-06,-2.253157565002e-07,-3.72975065032525e-06,5.46595422710558e-06,-5.29583382516665e-06,3.06071974308891e-06,-1.58870856266478e-06,-7.73147858308762e-07,6.66765559063792e-06,-9.06036969010042e-06,4.24796776595956e-06,4.14597655810004e-07,-2.14271718604211e-06,3.63656792363271e-06,-3.02231769299919e-06,4.81577622849284e-07,3.70950457705406e-07,7.98038641715498e-07,-1.02950212648994e-06,4.87172274627311e-07,-2.96060410251615e-06,4.01229868356739e-06,1.08877159929691e-07,-4.41227908681225e-06,6.09659330308281e-06,-3.95748141921386e-06,6.47002342990485e-07,-1.09830570808561e-06,1.96592273358496e-06,-1.23687105789261e-06,7.12162067973094e-07,2.26725196692959e-06,-6.73001608236558e-06,8.00813628705267e-06,-6.72171630604741e-06,5.9986507469856e-06,-5.48982611026312e-06,2.4937443467475e-06,2.0020935100405e-06,-3.05133652587097e-06,-5.04214409799214e-07
-7.74940840806378e-06,7.91280569671063e-06,-3.36657749490616e-06,3.93264786215382e-07,-4.45855152790263e-07,-1.00917118778684e-06,5.41354432939508e-06,-1.02688584002455e-05,1.21712159240822e-05,-7.37865015243108e-06,-1.73647946717205e-06,6.61852708483401e-06,-5.56755432853534e-06,4.67791954987083e-06,-5.1461028113458e-06,2.79956726045904e-06,5.6701832137441e-07,2.33725386166483e-07,-3.19036825842971e-06,4.41053849334642e-06,-3.50527601722278e-06,5.52102068977914e-07,3.0009667830919e-06,-4.32237784638738e-06,2.10758564642747e-06,2.13412569280646e-06,-5.76952967517169e-06,5.9482779176305e-06,-3.36377656656531e-06,2.59382787767084e-06,-1.27125142239509e-06,-4.70227643147735e-06,7.07292887854249e-06,-1.82849330931091e-06,-8.66993077386e-07,-3.27854980115745e-07,-5.74284921047217e-07,1.11686506554524e-06,-7.66066975874432e-07,2.48266837822252e-06,-4.00779989797365e-06,1.7048140058464e-06,2.1168109944587e-06,-1.95494903067693e-06,6.51255640740157e-07,-2.59423604793559e-06,4.04398097888267e-06,-3.46459849882433e-06,1.03488523036696e-06,2.87415961605447e-06,-5.05978441950496e-06,6.0906601005774e-06,-4.93898230451259e-06,7.39740863334087e-07,6.68299332541994e-07,1.92562026949989e-06,-3.58110911765049e-06,4.25860194588515e-06,-6.46680167423728e-06,8.19632057592255e-06,-6.31838983832564e-06,1.3895251859511e-06,1.17450897152764e-06,2.48462021130931e-06
7.00285701648813e-06,-7.87679511712612e-06,2.32738396290018e-06,2.8671920304007e-06,-4.23178477952731e-06,4.30366852794806e-06,-5.49376770891036e-06,7.73794509047038e-06,-9.83830012778609e-06,9.3958808330176e-06,-4.67799208866962e-06,-8.01959478779055e-07,2.45317585632238e-06,-2.80905549192421e-06,3.42917565790435e-06,4.47164291701143e-07,-6.49655823729955e-06,6.62014285320444e-06,-2.32485969604122e-06,-5.72666938326126e-07,1.88843776175658e-06,-2.85942621533634e-06,1.95202895574617e-06,1.8505502275785e-06,-4.68229145537201e-06,2.54850299284043e-06,1.44434468577764e-06,-1.46270824147501e-06,-8.92295214631102e-07,7.35199116242077e-07,-1.04536740894772e-06,5.03020545887668e-06,-5.600913938933e-06,3.2373705078741e-07,1.08965890563763e-06,1.7241002484428e-06,-2.16014330215122e-06,2.01860291915992e-06,-1.55223414521673e-06,-1.71616209190504e-06,3.99418720039491e-06,-8.57763894739475e-07,-4.97700339729755e-06,7.41867556180621e-06,-6.42029581261409e-06,5.52980410240554e-06,-3.58789140974374e-06,6.90755059614972e-07,2.20795332694998e-06,-5.3939329002795e-06,7.01124194614199e-06,-7.07626880425218e-06,4.73718111645815e-06,-4.96181291600714e-07,-1.42045911698319e-06,9.09424985372134e-07,-1.68848109437002e-07,-2.24693106400514e-06,5.9932177879313e-06,-7.61474637138509e-06,6.24779309187963e-06,-1.88959481382664e-06,-2.10185801285335e-06,-6.15261006920212e-07
-4.65701559519296e-06,5.62875903781622e-06,-3.11456284909763e-07,-3.90533217198475e-06,3.38510554030936e-06,-2.0254602493056e-06,2.46467854499976e-06,-2.86747583394832e-06,3.68978117292009e-06,-6.70052836275736e-06,7.31558782545031e-06,-3.30615757255776e-06,-3.25796102664694e-07,2.30078953246807e-06,-2.55872594520731e-06,-1.09692284136871e-06,5.57224848650501e-06,-5.58231661946519e-06,2.64551931004092e-06,-6.57275537428525e-07,-1.28709754438919e-06,4.92760201106492e-06,-6.47931237796329e-06,1.62903345458858e-06,5.39198845817764e-06,-6.7632373204889e-06,3.19386096638292e-06,-1.84328945450421e-06,2.87691867100428e-06,-3.00039106756525e-06,4.21599008613567e-06,-6.35613592664886e-06,4.90610386153687e-06,-7.85940344887889e-07,3.04533482971664e-07,-2.34251004006252e-06,3.1928308821338e-06,-4.81763742989237e-06,5.39290761038356e-06,-1.92544258549027e-06,-1.21424608824549e-06,-5.5651753478353e-07,5.35639401992933e-06,-8.48142598999372e-06,8.88944325272667e-06,-8.19780517975871e-06,5.77532488634732e-06,-1.55882942595669e-06,-3.22893100722778e-06,5.78790449116784e-06,-3.94444021979498e-06,1.4951717381267e-06,-5.07838716643e-08,-9.39674281162836e-07,3.51254664456131e-07,4.46442030293989e-07,-1.4277454189691e-06,3.84293014288742e-06,-5.02631767855129e-06,4.31070311579931e-06,-3.74852682269166e-06,9.83643763468974e-07,3.09603213540185e-06,-1.35790227090792e-06
4.88308478744154e-06,-5.67638721360368e-06,1.55772158657077e-06,7.68540032350365e-07,6.40340801320185e-07,-6.38089706989395e-07,-1.90460899726664e-06,1.4013394827319e-06,1.65924139434168e-06,-7.5714480280177e-08,-3.89434366731431e-06,3.64600632378273e-06,-4.82106131683523e-07,-2.23904742703078e-06,2.53195764239571e-06,-6.50972981474745e-07,-9.19421671961077e-07,1.31266070690694e-06,-1.11356310204779e-06,5.91269987066785e-07,1.52321900206634e-06,-5.82461978107525e-06,7.579818789691e-06,-2.5580423393816e-06,-4.62143362801676e-06,6.43167211974679e-06,-3.12913751754619e-06,1.0839543375771e-06,-1.72433455845339e-06,2.82764221579374e-06,-4.60580477223261e-06,5.32134509798874e-06,-3.49289335876101e-06,2.72006690429337e-06,-4.30953564999136e-06,3.72657566417384e-06,-1.76814148275611e-06,3.53168392589721e-06,-5.25724741061297e-06,2.6393312250932e-06,-1.82939733844705e-07,1.11603758321213e-06,-3.65935679487855e-06,5.9071947404391e-06,-7.79545482750518e-06,8.65221510841693e-06,-7.62066572365174e-06,5.0338091678716e-06,-6.33436299381759e-07,-2.27958163841448e-06,6.17497547351786e-07,4.88402861759124e-07,3.85989312951414e-07,2.74441494932957e-07,-7.68740416455509e-07,-1.01838806691927e-06,4.22860535559064e-06,-5.80081452430834e-06,2.98458623190407e-06,-3.50791322520165e-08,7.15999763772239e-07,-2.72321347724711e-07,-2.15501803332896e-06,2.81850089195795e-07
-5.65363378723672e-06,7.05273640942017e-06,-4.54782414769745e-06,3.09691018614621e-06,-3.8765743013572e-06,2.03000432815367e-06,2.44060418858057e-06,-1.8500332959267e-06,-4.76143448107796e-06,6.43608328440405e-06,-1.14424071928321e-06,-1.51817968190749e-06,-4.17166815782005e-07,2.72678956564126e-06,-3.84898344655021e-06,3.67668669632486e-06,-2.31941857685926e-06,6.41144257762638e-07,6.84952828652663e-07,-1.80748536704226e-06,1.13019904646208e-06,2.03625921148546e-06,-3.08722824994918e-06,-4.14554259387873e-07,4.05352665084091e-06,-4.52276492395801e-06,3.05798607488903e-06,-1.80387448369227e-06,1.54402338296119e-06,-2.09188893307391e-06,3.41894554690359e-06,-3.90846753426105e-06,2.77556347559829e-06,-3.8016088519065e-06,6.21662921462827e-06,-3.88958349902015e-06,-3.97483518001696e-07,-2.80641241074246e-07,2.46444729562704e-06,-1.59772904370919e-06,1.05112238439374e-06,-1.78276718887972e-06,1.72623903708175e-06,-2.40928079577906e-06,5.27678336865172e-06,-7.33295246382801e-06,7.707620392268e-06,-7.68719696051659e-06,5.00916123643598e-06,-1.72801926239814e-06,1.73204440972541e-06,-6.52689034002237e-07,-2.24484821591842e-06,3.18301292632422e-07,3.8665519031137e-06,-2.16122329352106e-06,-3.63333053492931e-06,5.95383838871722e-06,-2.44266061253448e-06,-1.15503621756203e-06,3.57343458727286e-07,1.06891645000475e-06,-5.97809764723894e-07,1.85941163860641e-06
5.29993700781446e-06,-7.37025644591332e-06,6.91662434620886e-06,-6.70715996585055e-06,7.15752814345251e-06,-4.50177110266575e-06,-3.36955547489133e-07,2.94544100772228e-07,5.64135170251999e-06,-7.34645619670325e-06,3.2721270870356e-06,-1.88637382030382e-06,2.31335690122477e-06,-2.01614828240977e-06,3.71007494734853e-06,-5.45314070866963e-06,4.19747491043406e-06,-1.78376596981928e-06,-5.41703405084122e-07,3.81524087121889e-06,-6.13408946871393e-06,5.21211380679456e-06,-3.27303348645298e-06,1.7928942356999e-06,-3.61819762269069e-07,9.12511930155532e-07,-2.94256681398827e-06,2.3848869350288e-06,-6.27378952557362e-08,-2.80175187173465e-07,-1.69011381948506e-06,3.79609957644435e-06,-3.55025752836746e-06,3.17555148855864e-06,-4.39963571067326e-06,2.98084461277679e-06,7.49634900913362e-07,-9.69565989088627e-07,-1.83592260983001e-06,2.63597455199174e-06,-1.72267503297507e-06,8.99237660582635e-07,-9.52620239064355e-08,1.30133616801826e-06,-4.52722851899842e-06,6.15764602876931e-06,-6.57162663297344e-06,7.22009465984933e-06,-5.87006628188572e-06,4.3859977540698e-06,-5.1138609273528e-06,2.96809411868686e-06,2.08873293479472e-06,-7.71412303345153e-07,-5.0839232764238e-06,4.88159081279285e-06,-2.63507901781747e-07,-2.13071641702097e-06,1.72591500226595e-06,-1.02653548110593e-06,1.83729933029312e-06,-3.40058801672351e-06,3.67901094313212e-06,-3.4213108027402e-06
-5.2716410597096e-06,8.13305231588922e-06,-9.65336262537143e-06,1.07468846052579e-05,-1.02598537019929e-05,6.7854005906512e-06,-2.90921700656232e-06,2.74546246660969e-06,-4.85447277245607e-06,3.51310086295821e-06,-1.69279300274148e-06,3.62033276273599e-06,-2.73494299959545e-06,-1.51197757994575e-06,1.69821854848574e-06,1.41394712349488e-06,-2.84446863379789e-06,1.66189515204132e-06,1.15533836810393e-06,-5.22384233740908e-06,8.50357016502642e-06,-8.10007596842812e-06,4.23236248819758e-06,1.01120483811087e-06,-3.96439934742694e-06,1.61074408746591e-06,1.41887352055014e-06,1.02667179616517e-06,-4.81571642831577e-06,4.4146333494127e-06,-1.50204210208414e-06,-1.61533505849535e-06,2.96852355064272e-06,-2.61261860608391e-06,3.57978063183339e-06,-4.14261533920019e-06,8.17292280780171e-07,1.85939179712568e-06,1.29052362754133e-07,-1.34258926478981e-06,-1.06692482677517e-06,2.41176939558098e-06,1.31388637540367e-07,-4.52709969637078e-06,6.85537291034074e-06,-5.91879403999836e-06,4.4619199615294e-06,-3.86978854034232e-06,3.11467820370115e-06,-3.30328322928852e-06,4.16882296102499e-06,-1.15523510364123e-06,-4.33323744251772e-06,3.76785605887169e-06,1.51435714436188e-06,-3.84673451542942e-06,4.17210169807153e-06,-3.772375451655e-06,9.33773557625962e-07,2.30794778660541e-06,-3.19907514690924e-06,3.01488253933109e-06,-2.92284108941679e-06,3.09211685728058e-06
2.88644017428888e-06,-5.55124407642856e-06,7.4744012134016e-06,-8.86455365074404e-06,8.15089430736788e-06,-5.58822991747682e-06,4.15188530167727e-06,-5.74741435528421e-06,6.57509144683842e-06,-2.94893795028487e-06,5.12171382930123e-07,-2.65160109155335e-06,2.00358271468297e-06,3.49539251235157e-06,-6.45341014446786e-06,3.66109887996912e-06,-1.42582952321972e-07,-1.26699440227628e-08,-1.52271342874668e-06,3.08637169609894e-06,-4.01920620842965e-06,2.90870298309552e-06,5.98786075273208e-08,-2.95151982729681e-06,3.08202432694466e-06,7.80002957838184e-07,-2.37218330032633e-06,-3.17892177589505e-06,8.25340052896831e-06,-7.70023467842948e-06,5.55387886485803e-06,-3.23663261911995e-06,-1.09763882793517e-07,2.95552755522262e-06,-5.46477756179669e-06,6.33839170851271e-06,-1.39419207522937e-06,-4.28886072207458e-06,3.72996020572294e-06,-1.60112079547494e-06,2.54967075786185e-06,-1.98010128938947e-06,-3.58801224367469e-06,9.16568442230211e-06,-9.97915590076974e-06,7.22333579165965e-06,-3.83373585980723e-06,1.30517034890538e-06,5.00160002517249e-07,-1.47861757454693e-06,2.29553595230472e-06,-4.29128996202708e-06,6.17710786893817e-06,-5.0871149857769e-06,1.9140659662696e-06,1.03298690078744e-06,-3.65092700692985e-06,4.23957547596801e-06,-1.33721321600426e-06,-1.72923723833295e-06,6.66776930257385e-07,2.14505350832376e-06,-2.51492979508121e-06,3.93145911004071e-07
2.42208107376727e-06,-1.56564793585913e-06,5.98924795629211e-07,7.59883030888218e-07,-1.30687867448688e-06,1.26681605706881e-06,-2.79138493546376e-06,7.52807866582016e-06,-1.11771232561145e-05,8.41710427055238e-06,-3.43308816606737e-06,2.48768569251392e-06,-2.61058054902635e-06,-8.64914560114784e-07,4.10065775799916e-06,-2.51968025063695e-06,4.10468307247392e-07,-8.78179740320723e-07,1.13431209594283e-06,-7.631194996762e-08,-1.42770185544138e-06,2.56336275998959e-06,-2.88939875643842e-06,1.99930876917367e-06,4.37609799913331e-07,-4.89419482705274e-06,5.83994726472507e-06,2.59319074081372e-07,-5.07542593913149e-06,5.37747219334678e-06,-5.48297773817939e-06,5.16586327340315e-06,-2.17693953762858e-06,-2.6359144514672e-06,6.93199481710769e-06,-7.09227291772055e-06,6.24928692689285e-07,5.76951981227492e-06,-4.78568243473655e-06,4.15913637023517e-07,1.5707937386921e-06,-2.83302076103738e-06,5.96926187678488e-06,-8.84436378913769e-06,9.26835085777633e-06,-7.26984083082975e-06,4.69882314153328e-06,-2.47158498418987e-06,-9.15284567139536e-07,4.19356041195839e-06,-5.23936996034044e-06,4.42453972355213e-06,-3.39348766863993e-06,3.17685122426289e-06,-2.85012760936792e-06,1.78964047909903e-06,-9.68466862335873e-07,7.32213479478048e-07,-1.34975316711125e-06,1.60142037592273e-06,1.83037948972004e-06,-6.37522982653614e-06,7.07918002353321e-06,-4.6620394590943e-06
-3.14293250141099e-06,4.15344576297946e-06,-4.63258257735565e-06,3.83542220477348e-06,-2.90228720074533e-06,1.3839858449165e-06,2.22920091239048e-06,-8.44647687020718e-06,1.36557890906463e-05,-1.25691708905682e-05,6.94889814401751e-06,-3.31030635712518e-06,2.63403591028311e-06,-1.87254947082187e-06,2.2923144282508e-06,-4.49235841739308e-06,3.96639039281641e-06,-6.97940302026414e-07,-2.2757951555896e-06,3.00224341164984e-06,-7.54957312206649e-07,-1.21394135922114e-06,9.21783494211539e-07,5.09777015941486e-07,-1.73567708831024e-06,3.9430999989505e-06,-5.12061445590398e-06,3.44247101094086e-06,-3.18487710585525e-06,3.02797742496038e-06,-2.99895236879988e-07,-2.20148930822245e-06,2.54561963083358e-06,7.3770680819282e-07,-5.77601466727014e-06,6.23360614183405e-06,-8.88665150590857e-07,-3.53745834410007e-06,2.12943835488728e-06,1.83728624972403e-06,-4.20737784249237e-06,4.20307275729235e-06,-2.7709473979753e-06,2.76711238414792e-06,-4.25124896072768e-06,4.24270510962494e-06,-4.19981947127601e-06,4.19511032454918e-06,-6.58850395019362e-07,-3.10381991623775e-06,2.38004689662376e-06,3.44528086433531e-07,-5.55137234059666e-07,-1.94891317590161e-06,3.59252179796054e-06,-3.45151053624287e-06,3.55548395184501e-06,-3.25686281180312e-06,2.69343600467082e-06,-2.10906231672522e-06,-1.37899686112444e-06,5.6384372966926e-06,-6.13605069978296e-06,4.05280838094648e-06
-9.35934955727424e-07,-9.87547121265657e-07,2.04421972489165e-06,-1.95061255074528e-06,1.84650018340867e-06,-6.42477152404844e-08,-4.16732663638028e-06,9.14328772048629e-06,-1.21917962042397e-05,1.08357650757768e-05,-6.61911009641035e-06,3.10376329927131e-06,-1.24359458213511e-06,1.91163201401602e-06,-6.55566139976945e-06,1.10399675781555e-05,-9.16037245975423e-06,2.19107484846901e-06,5.4053729376098e-06,-8.90452391502492e-06,6.62589917870212e-06,-4.0482215509566e-06,4.49708157040797e-06,-5.63214463411765e-06,4.21956963296215e-06,-1.9221395768684e-06,1.93063389348114e-06,-4.90234155505736e-06,9.09989360528188e-06,-9.3256968103241e-06,5.19457210575751e-06,-6.55505160365532e-07,-2.92548800468737e-06,2.55372892433223e-06,1.18600902702905e-06,-1.94786557755701e-06,-9.31660619340823e-08,-3.83196133598468e-07,2.65329786920255e-06,-2.49367959781155e-06,1.34462820233551e-06,-6.24515442435253e-07,-1.10581731751254e-06,1.53702463659233e-06,-6.33557937733717e-08,-8.06530082251488e-07,2.18135888037095e-06,-3.2308686355007e-06,1.24709318607395e-06,5.90486132154737e-07,7.19690835585877e-07,-3.05945219653029e-06,2.91805919389461e-06,4.24895560814114e-07,-2.72549824509572e-06,1.9479207398574e-06,-1.39471585144529e-06,1.82315693161065e-06,-2.49845563581818e-06,2.72378307178572e-06,-2.57541890480782e-07,-2.4899875946874e-06,1.65631903511734e-06,7.60440453504817e-07
-4.71528427622012e-07,1.69916765303625e-06,-3.35203499184969e-07,-5.28900413908739e-07,-5.64778608472682e-07,-1.15893717988212e-07,3.45494051108407e-06,-6.71363158390654e-06,7.8783432333082e-06,-6.3335708483572e-06,4.44139518975929e-06,-3.80323439706556e-06,2.62173460883876e-06,-1.88636765866674e-06,5.01951833231948e-06,-9.21941434053212e-06,7.90500268504057e-06,-7.83003900397164e-07,-6.90237211035944e-06,9.88841331042369e-06,-8.18279017790925e-06,6.83787622836392e-06,-7.99050086970706e-06,9.06533845110829e-06,-5.92239505093773e-06,-1.50181171172462e-07,1.91293851920034e-06,2.9693238245906e-06,-8.2605692332635e-06,8.74260506978126e-06,-5.76766215291658e-06,1.02825375725911e-06,4.39052832719174e-06,-6.54555144571299e-06,5.22376392500099e-06,-4.99555407135839e-06,4.41328664653432e-06,9.5229725521221e-07,-5.41662400246903e-06,2.13875336547405e-06,2.75787842933823e-06,-3.12216097811035e-06,2.06080002668624e-06,-1.80378773680248e-06,2.00716827444973e-06,-1.05787960523558e-06,-1.49696560447113e-06,1.91655213873312e-06,-7.21501981508536e-07,1.16955480175636e-06,-1.16900191679725e-06,7.38458559369344e-07,-1.51640630201384e-06,9.62368398175041e-07,-3.10778093916322e-07,1.87405892807811e-06,-1.51816954198005e-06,-2.45346276284231e-06,5.57146599668243e-06,-5.25931199617865e-06,2.7184466435247e-06,-9.18190316404461e-07,1.48744880851569e-06,-1.6075152607273e-06
6.57289415445249e-06,-6.40550824536721e-06,2.45943439251376e-06,-1.13630401196688e-06,3.88152301669331e-06,-4.37596094495602e-06,6.71177307789671e-07,2.95202017583643e-06,-4.23765345687386e-06,3.54866826645602e-06,-3.32140612960321e-06,4.85492248669879e-06,-4.79987664166528e-06,1.82968617734107e-06,-3.76854928191769e-07,1.96077024767108e-06,-2.06145222208348e-06,-1.23117421279371e-06,4.39029927524827e-06,-4.92726312844993e-06,3.92275136665692e-06,-3.27814838992026e-06,3.98277408116055e-06,-5.02684469469547e-06,3.19360440312444e-06,1.8884499242259e-06,-4.27482368682561e-06,8.09397116027369e-07,3.43251358184553e-06,-5.63767776922636e-06,5.9312282785111e-06,-1.74397047959672e-06,-5.02561581632393e-06,8.28435521535747e-06,-7.53888855102336e-06,7.80110862143862e-06,-8.21292368227227e-06,3.06868100791322e-06,2.58992887184637e-06,-5.436197131207e-07,-3.90499666138683e-06,4.00157231323501e-06,-2.65925432611857e-06,3.21297662826964e-06,-4.39910559332131e-06,1.60342232638083e-06,2.95334557797942e-06,-1.53712004637853e-06,-1.11184369192669e-06,-2.46694728411461e-07,-1.30659674096512e-06,5.23631852993316e-06,-4.8170136943608e-06,2.22784497762923e-06,3.48717132420839e-07,-2.96488152267942e-06,9.47270164836429e-07,6.26321949089533e-06,-1.0447771093122e-05,8.90831425979065e-06,-6.28489570364014e-06,4.19533766768548e-06,-2.04274973575346e-06,-2.02746418702628e-06
-7.45259211432001e-06,7.29761835563955e-06,-4.37978773460373e-06,4.3529470876456e-06,-7.62237127556809e-06,7.11750646667127e-06,-1.32233637074981e-06,-3.65692026402495e-06,5.6172787483887e-06,-5.39135961929665e-06,4.31636848099981e-06,-4.12579195572533e-06,3.26580324209692e-06,-4.44494097502863e-07,-1.71181727972758e-06,1.57300267400013e-06,-1.2011332193312e-06,1.72413709539321e-06,-8.62651472177075e-07,-1.48836148813419e-06,3.63080761320314e-06,-5.03648228564902e-06,4.39544719316546e-06,-2.3349836468204e-06,1.08319254224696e-06,-1.62194219059385e-06,3.19193093915687e-06,-3.36599935509844e-06,8.67102696970999e-07,4.27031929440939e-06,-7.72696632620186e-06,3.4529375511546e-06,4.770863308504e-06,-8.13859394119476e-06,6.06786023768888e-06,-6.13183948112084e-06,9.19500202536668e-06,-6.83431274401371e-06,4.07930256375522e-07,1.08537778003981e-06,8.39066616333963e-07,-1.38857477139966e-06,2.2249258027218e-06,-4.72625287345781e-06,5.52577808978276e-06,-5.71644095395403e-07,-4.11045460446631e-06,6.42781791588343e-07,2.89396059255787e-06,-1.31619321544193e-06,3.32499045844295e-06,-8.00315050769916e-06,8.17659830109737e-06,-5.69164090603165e-06,2.44507712682376e-06,1.23582718034119e-06,-3.30687169266663e-07,-5.77705101062106e-06,9.58890183659105e-06,-9.46936389232965e-06,8.28436215232227e-06,-5.51167257191628e-06,1.78463914240901e-06,3.07212876435345e-06
3.7868762677158e-06,-4.88636670596874e-06,4.28466683919274e-06,-3.81790889340615e-06,4.51984405772704e-06,-2.78830076233436e-06,-2.24201840567728e-06,6.53578262221596e-06,-9.01419447391119e-06,9.0314226884892e-06,-5.93321848119626e-06,2.04337206438429e-06,8.22048174691109e-07,-2.02192249342043e-06,2.22271965580221e-06,-2.43030804849486e-06,2.47155127460188e-06,-1.97531098983392e-06,-6.35334665398128e-07,4.92293665876358e-06,-8.32165507899205e-06,9.16615647457041e-06,-7.11400087363813e-06,4.73009646338428e-06,-2.56378552194296e-06,2.31231427527026e-07,-1.03211345145434e-06,3.99577258341993e-06,-2.79006263488209e-06,-3.81312193221868e-06,8.24000661802426e-06,-3.65120315380071e-06,-5.55256914442443e-06,9.22610629605536e-06,-5.65867761224232e-06,4.08665359675878e-06,-7.44443229768963e-06,6.2984916764753e-06,4.81261173532737e-07,-3.84964855805169e-06,2.90927698007304e-06,-1.4485341266918e-06,-1.1529074251545e-06,4.31693025659633e-06,-3.77849550303427e-06,-1.36422278239311e-06,4.46725851557855e-06,-1.3347123840245e-06,-7.18993941608332e-07,-6.69781268261869e-07,-1.10732918329948e-06,3.63285829967398e-06,-2.61271897624302e-06,1.85838472084927e-06,-1.76507962220544e-06,-1.03126009413341e-06,2.73860621966279e-06,-1.16532959859372e-07,-2.90709014177905e-06,4.96248826799005e-06,-5.95573057558713e-06,4.85993718512985e-06,-2.57028335332039e-06,-7.63533377340792e-07
-1.39972571423017e-06,2.60240132939808e-06,-2.52070247248164e-06,-7.36372859778551e-07,3.62252408952369e-06,-4.53535259300213e-06,5.56122867851598e-06,-7.31381793400226e-06,9.40173064083879e-06,-9.6010565301526e-06,5.93077508399397e-06,-3.58711230696664e-07,-3.27259272280708e-06,3.25339128220997e-06,-2.46333812214362e-06,3.17018399922922e-06,-3.66475603054206e-06,2.80639766931051e-06,-3.04062393526518e-07,-3.5225318622431e-06,6.23340156315938e-06,-5.14538389152869e-06,2.29090591332057e-06,-1.38578054016614e-06,1.51444443624123e-07,2.49825213714536e-06,-1.79672736808745e-06,-2.06913086891601e-06,1.93227086620271e-06,3.06245815736528e-06,-5.83579981965798e-06,1.88514198345311e-06,6.04080246219814e-06,-9.8097326505106e-06,6.05349201414927e-06,-2.66265678194047e-06,4.06946990914136e-06,-2.96956441843477e-06,-2.7765937166554e-06,6.06152725445334e-06,-4.14038958558007e-06,3.46673884713752e-07,3.11876264392923e-06,-4.93144337696102e-06,3.53268649950382e-06,1.18858913447411e-07,-3.55981532603763e-06,4.58875239282316e-06,-4.92160161450584e-06,5.0322395551644e-06,-2.8245592216029e-06,2.01124568507941e-06,-4.92609515788892e-06,5.28035171577658e-06,-1.84603080497726e-06,1.39100887810577e-06,-3.19939413659717e-06,3.26374437566271e-06,-2.30649425744637e-06,4.62437890688687e-07,2.46629524165123e-06,-4.92437861789842e-06,4.02101746733882e-06,-5.39630453488336e-07
5.12327561833235e-07,2.45465624742857e-07,-8.95664959823374e-07,4.53555202221019e-06,-8.17128772644382e-06,8.56228377433926e-06,-7.75428711910204e-06,7.75655333011754e-06,-8.34330467326801e-06,8.30370756261293e-06,-5.67267186985401e-06,1.09276410586271e-06,1.81505614668786e-06,-1.69494949905471e-06,1.08267488607213e-06,-1.87851287541706e-06,3.20919265045951e-06,-3.54021317837789e-06,2.53662373092278e-06,1.28057774754939e-07,-2.93643669905144e-06,1.69895819469312e-06,1.56366355538183e-06,-2.63136328898146e-06,4.09690209777242e-06,-6.46130220788712e-06,5.5003699654165e-06,-1.76787908503069e-06,7.86209620769901e-07,-2.57625369472526e-06,2.88015381724374e-06,-3.92391304207313e-07,-4.31138683483931e-06,7.70748147049362e-06,-5.87853325992341e-06,2.26977502252439e-06,-1.31546050243608e-06,-5.04752483804888e-07,5.44186380470382e-06,-8.54708300855771e-06,5.29707196915675e-06,1.7451570880096e-06,-6.40578176706126e-06,6.80276040954967e-06,-5.17313450990879e-06,2.37906120243056e-06,2.87332281440721e-06,-7.73545583524676e-06,8.59306658590604e-06,-6.48891161699742e-06,3.5243770414672e-06,-2.5361068329975e-06,5.62159502099296e-06,-6.97110627301737e-06,3.12843863507473e-06,-6.0563849978613e-07,1.73223315549927e-06,-3.61824914043312e-06,3.99246856937083e-06,-1.80730256768074e-06,-1.9939284147378e-06,4.65651839902504e-06,-2.80956656077409e-06,-6.45804531839904e-07
-3.29583252002301e-07,-1.79331873659469e-06,2.47346365325609e-06,-3.80576491642188e-06,5.59703438533996e-06,-7.06947669358451e-06,8.16193029627972e-06,-7.79177019455061e-06,6.60585790686132e-06,-6.67409926522134e-06,5.8554047826895e-06,-2.76278504412865e-06,6.82092227144755e-09,1.07068524706816e-06,-7.42029282744339e-07,3.03747355161801e-07,-2.2779684906491e-06,5.1355814888609e-06,-5.30333261386892e-06,1.92931211348757e-06,1.97552309880429e-06,-1.24167158683317e-06,-2.31327895648647e-06,3.41805878483611e-06,-3.31750509869002e-06,4.18785075380385e-06,-4.0516143240546e-06,2.30251850227945e-06,-7.11772378267071e-07,-3.9383211424574e-08,3.074183973941e-08,-2.37555650724184e-07,2.04319980563763e-06,-4.71855954446934e-06,4.82342696275053e-06,-1.7800373516609e-06,-7.2201598352069e-07,3.15121072154082e-06,-7.62972286351316e-06,1.10904415960695e-05,-8.93871272358692e-06,8.77365737549134e-07,6.32355960587452e-06,-7.65818802923879e-06,5.18649703767566e-06,-1.05194542150241e-06,-4.43804226723274e-06,8.63843185212011e-06,-7.90861413003878e-06,4.08921082819973e-06,-6.71613299629758e-07,-1.52196248037641e-06,-2.12633654135937e-07,3.31593924300016e-06,-2.3228436688447e-06,7.93526094976738e-07,-2.36327883020795e-06,4.60824993149752e-06,-3.98206776029058e-06,5.68530489112582e-07,2.50353125599751e-06,-2.98007332527714e-06,1.55828155228912e-07,2.13748131708281e-06
-6.01878376300195e-07,1.38072791716909e-06,-1.22880912000798e-06,1.37610606553143e-06,-1.0904288355624e-06,2.12858851100714e-06,-4.52450745240999e-06,4.50698881624616e-06,-3.08961418852486e-06,3.97771092790127e-06,-4.88453862341033e-06,3.22096463057035e-06,-4.01690837985415e-07,-1.8347193454822e-06,1.83375080041947e-06,-6.47529371204612e-07,3.00247514144043e-06,-7.77882084231504e-06,8.6720927688133e-06,-4.45324615329908e-06,8.39831174234104e-07,-2.24331010350494e-06,4.74405458307367e-06,-3.33628910743348e-06,5.70035030930179e-08,1.10175858417911e-06,-5.5595877191131e-07,6.90071646547071e-07,-3.49433221315498e-06,6.09060756877472e-06,-4.45249444108689e-06,1.61163716586667e-06,-1.37030633422288e-06,3.24852234830711e-06,-3.78713752302942e-06,1.13574548895212e-06,1.81156776402413e-06,-4.19063546522018e-06,7.74110186163666e-06,-1.15457031738759e-05,1.18382396608507e-05,-4.76143790565128e-06,-4.38621508903507e-06,7.20657523859499e-06,-4.08464337720981e-06,-5.75686067661491e-07,4.07197696988665e-06,-5.90503382358247e-06,5.06386134577425e-06,-2.2473504273359e-06,-8.12710875053139e-07,3.88633388607564e-06,-3.08514889534395e-06,-1.16665612353107e-06,2.60363381146145e-06,-2.20506484638844e-06,2.80518359839595e-06,-3.01084763767456e-06,1.4894557830621e-06,6.13313723051998e-07,-1.83786411981785e-06,2.43661409290146e-06,-1.13214686898052e-06,-4.64877844190004e-07
3.1959893485774e-06,-2.04198725503125e-06,-1.39054192135624e-07,5.20752551928217e-07,-1.90536698384077e-06,3.04259668406731e-06,-1.55600857018742e-06,-1.41624405396568e-07,1.51256389278546e-06,-3.18137740694674e-06,3.63684003194173e-06,-2.61073754532288e-06,1.02762604517779e-06,5.96491272065964e-07,-1.40944033551673e-06,2.10417837687326e-06,-4.44346598333968e-06,7.39753547193771e-06,-8.59100658358494e-06,6.66033630993463e-06,-4.37961122798965e-06,5.18505758413294e-06,-6.22979863939584e-06,4.18431373179314e-06,-9.58050807870537e-07,-8.93810594862746e-07,1.29251412099812e-06,-2.35162972028751e-06,7.11999504492791e-06,-1.1666139813674e-05,1.01448369637803e-05,-5.4977520212404e-06,3.42485800391486e-06,-3.93825726362509e-06,2.62411154626701e-06,8.64201040217623e-07,-3.25420168851582e-06,4.79609921699481e-06,-7.27837315657847e-06,1.08329449990867e-05,-1.20477381274725e-05,5.84859695633376e-06,2.78445244397825e-06,-5.41033638620885e-06,3.25359837514422e-06,-1.0537008002768e-06,3.46874995451973e-07,2.50406794396733e-07,-9.15873367355748e-07,8.84080213466269e-07,3.29830783707223e-07,-2.38061933054346e-06,1.30120963361169e-06,2.02332996833902e-06,-2.38758340971927e-06,7.80380063573731e-07,1.31284039505309e-06,-3.57139131107534e-06,4.29191386312006e-06,-3.41491166336266e-06,2.85958131134546e-06,-4.14905505569754e-06,4.0995803790612e-06,-2.74515928772822e-06
-4.77053855122374e-06,2.3229931251955e-06,2.35679509985026e-06,-3.9343711216066e-06,4.69522138227894e-06,-5.93343273908273e-06,5.30985826630106e-06,-1.67012293674535e-06,-3.18623629433691e-06,4.96112454819654e-06,-2.76254733016439e-06,5.50150125068891e-07,-7.66007168428446e-07,2.14432509861187e-06,-1.8940925306452e-06,-1.67804766763684e-06,5.08817744626777e-06,-5.32266035439389e-06,6.25026406943563e-06,-7.38258855653062e-06,5.01699065141587e-06,-3.17547394110257e-06,4.38869189262972e-06,-4.83738825309756e-06,2.9406850327142e-06,-7.00448858916485e-07,-1.19788814238303e-07,1.27568854720013e-06,-5.91390230136982e-06,1.12040087415476e-05,-1.16900056552382e-05,7.76217061311279e-06,-4.52014197316809e-06,2.57951841930988e-06,1.5234972469082e-06,-5.84231536245198e-06,6.96842860718466e-06,-6.13189128532105e-06,6.05466772844503e-06,-8.47578296358666e-06,1.00270378935787e-05,-5.10634723672215e-06,-1.61393479622771e-06,3.37345035716608e-06,-2.88047106776138e-06,3.56122235849768e-06,-4.60394501568538e-06,4.90779036464389e-06,-4.70399648736853e-06,3.66856219456734e-06,-2.11670849523068e-06,7.13345649644444e-07,2.35058266921611e-06,-4.47815522362547e-06,1.8044738439203e-06,2.57256749174852e-06,-6.88633713493045e-06,9.77975068788952e-06,-8.81662513091506e-06,6.28086909103819e-06,-5.51680957947221e-06,6.08593565392337e-06,-4.72096905886725e-06,3.66576214420393e-06
4.93022610078464e-06,-1.02276630227612e-06,-4.16698152782438e-06,6.39389447234315e-06,-6.47156520295551e-06,5.8613409171047e-06,-5.09175865994082e-06,1.79237915129958e-06,3.49070616857593e-06,-4.63335130152574e-06,7.81891401038186e-07,1.76150585541603e-06,6.84753976693269e-07,-5.72696716702234e-06,7.42435278350192e-06,-1.92538488646825e-06,-4.76550809992091e-06,6.32527197204361e-06,-7.67289364849534e-06,8.84498282868106e-06,-4.23675605686381e-06,8.42938493915281e-07,-4.29898679169183e-06,6.62876463413121e-06,-3.08382421656951e-06,-1.02437801287254e-06,1.17037703821788e-06,-2.77122571925202e-07,1.91782196437434e-06,-4.38728415603048e-06,4.54801798676822e-06,-2.35148122670329e-06,1.29167609574197e-07,2.42219950691649e-06,-6.00177456429718e-06,8.77730803815673e-06,-9.13050366732168e-06,6.21387357425372e-06,-2.44842687375758e-06,2.61745018532705e-06,-4.21347857454625e-06,1.0806549862489e-06,3.0829980410086e-06,-2.78043076187942e-06,1.63566522173707e-06,-3.31277881032296e-06,5.23564360926644e-06,-6.49640830415749e-06,8.2956771538515e-06,-8.29278272097681e-06,4.73158642815058e-06,7.51193630669913e-07,-6.56953525066036e-06,8.70662318564592e-06,-5.05024994830408e-06,-1.73779844285298e-07,5.45837700885651e-06,-8.50762136245805e-06,6.78778031766821e-06,-4.2757840087782e-06,4.69495388834248e-06,-5.83685905391347e-06,4.63054373428359e-06,-4.44782643937133e-06
-3.84306606134476e-06,-2.56561713472502e-07,2.10509497647707e-06,-2.96004627963876e-06,4.95516447639196e-06,-5.39402098408126e-06,4.5298271603501e-06,-3.00362762178772e-06,3.69274292903268e-07,1.47560393818332e-07,2.25879872424782e-06,-2.05023646368743e-06,-3.61824583654583e-06,9.94587178671469e-06,-1.07420693449752e-05,4.00425936306414e-06,4.20279946401101e-06,-7.46488139035263e-06,9.17211338340096e-06,-8.58251764589856e-06,2.07074067685102e-06,6.19413759775181e-07,5.22058866441873e-06,-8.14465174856879e-06,2.83018656640906e-06,3.304069835043e-06,-4.19071476060472e-06,2.09774387356586e-06,-5.11384739640895e-07,-9.68326858381928e-07,3.03264472136741e-06,-4.66384451520864e-06,4.99218528303601e-06,-5.08359579154781e-06,5.65777648427806e-06,-6.92270674958944e-06,8.13230309739506e-06,-6.31216027784125e-06,1.56409890865917e-06,7.93672414656296e-07,-9.24024055189402e-07,3.04866055656806e-06,-4.64375966696689e-06,1.85743708278481e-06,1.28677943406826e-06,4.33006544601051e-07,-2.87472722819678e-06,3.71659891925478e-06,-6.30126576778273e-06,8.62285497748169e-06,-6.05201234560931e-06,-9.11559950103039e-07,7.59469508018505e-06,-9.66775193681211e-06,8.20664778710087e-06,-6.39520117451567e-06,2.69398334462354e-06,1.02289102046794e-06,-1.00375841049597e-06,-6.43510808776291e-07,-4.93387481727828e-07,4.22633528142023e-06,-6.0705908806877e-06,5.97400852186979e-06
7.05447239184964e-07,1.73613809927448e-06,8.8594673387145e-07,-2.54819927975715e-06,-1.95525885126993e-06,6.2326082660789e-06,-6.14767282549221e-06,5.45753753198444e-06,-5.34626555276488e-06,4.41277071433468e-06,-3.37336579849628e-06,3.21460113990511e-07,6.62804914392332e-06,-1.10910859444062e-05,8.63063208833057e-06,-2.39252248316129e-06,-3.09219996829909e-06,5.46133533546162e-06,-6.98955831222979e-06,5.89431956749736e-06,1.82664797441027e-07,-2.22697103961081e-06,-3.29860293756988e-06,6.21929136195199e-06,-2.59428609752195e-06,-1.91243270144785e-06,3.43789845294347e-06,-2.49399880807554e-06,7.21986237542732e-07,1.05704479328513e-06,-2.95090704894942e-06,4.95180658898514e-06,-5.82500005023867e-06,4.97149893694741e-06,-4.0610107637052e-06,4.88248727631331e-06,-7.12184096304139e-06,8.39281224650368e-06,-6.0987230493311e-06,2.27731519384597e-06,8.26723700568883e-07,-3.26387443294719e-06,3.93584952853307e-06,-1.14214072539848e-06,-2.17627362603298e-06,6.86596773655571e-07,9.70057192059891e-07,3.67741218414059e-08,2.65045369562627e-06,-8.07743020245685e-06,7.91191892919116e-06,-1.25699226291278e-06,-4.42060507960085e-06,4.85494244495639e-06,-4.41497344266628e-06,7.1264565927952e-06,-8.36845404560591e-06,5.07938753820482e-06,-1.67755003888442e-06,2.05489846006339e-06,-1.97022630489602e-06,-2.50415941840881e-06,6.06895963823297e-06,-4.83722833551253e-06
2.79058601383213e-06,-3.20392446417335e-06,-1.03381526465732e-06,3.74269537507614e-06,2.42355922858635e-07,-5.56312774912647e-06,6.30909915691347e-06,-5.62849459760563e-06,6.27162396814822e-06,-4.68261560572884e-06,1.33857653861455e-06,1.0204869734152e-06,-4.20891873184306e-06,5.86160565964936e-06,-4.22318346605524e-06,3.05034672928492e-06,-2.71551143293186e-06,1.04669900975452e-06,2.37127168158803e-06,-3.71404801933362e-06,4.25864459430618e-09,2.46929368284811e-06,1.41410062763055e-07,-2.17729423175513e-06,2.19242006731965e-06,-2.61625885022744e-06,2.05582884312506e-06,-5.87032640396596e-07,-2.05214003697254e-08,6.31870145804301e-07,-6.42890357788334e-07,-1.95542121914766e-06,5.21459310164175e-06,-6.20609615282117e-06,5.41302951306133e-06,-4.68690198339749e-06,5.72342975615982e-06,-8.26399284469299e-06,8.72118250307131e-06,-5.47443846407283e-06,9.42547997439332e-07,1.98260278978822e-06,-3.54639248381842e-06,2.81042227553727e-06,4.01820010263183e-07,-8.74411862319398e-07,-7.53133945475907e-08,-2.97164418552209e-07,-3.1107193824397e-06,9.23642017883219e-06,-8.86707371463011e-06,1.74524098507435e-06,2.99960957473569e-06,-1.04330041570719e-06,-1.88554916039851e-06,-1.20555231933238e-06,6.1147449593796e-06,-4.83757382838222e-06,8.13240378742331e-08,3.00166555966203e-07,1.1663384852517e-06,1.47079466607674e-06,-4.01779449594617e-06,1.45738848002134e-06
-5.57480405616517e-06,4.32665584001496e-06,2.20584866287199e-07,-3.53131221699732e-06,2.58399292132392e-06,7.47027354970119e-07,-1.99016776864996e-06,1.65310671956056e-06,-2.89296583092968e-06,2.52434895036373e-06,-5.08033343431814e-09,7.22531663302633e-07,-2.65728994776109e-06,1.69001158995511e-06,1.94863839007604e-06,-6.91391599866119e-06,1.03488609955488e-05,-9.11028952318339e-06,3.5443269768481e-06,1.13418633860862e-06,-7.20589055476716e-07,-1.32624112194284e-06,1.24961480914285e-06,-7.30570554914283e-07,-1.08647453616727e-06,4.92663675969832e-06,-5.67525177161692e-06,2.78611130734362e-06,-3.01176637790963e-07,-1.92003335855869e-06,2.22848680835403e-06,1.84587990366729e-06,-6.09025720068173e-06,7.02100505819767e-06,-6.12915967758921e-06,4.70176446457396e-06,-4.05359682486121e-06,4.65116951760456e-06,-5.09018661758678e-06,4.14808942637938e-06,-2.04894924624713e-06,5.51466596367344e-07,1.58807643584612e-06,-3.16400844189021e-06,3.04165823309243e-07,2.38208884680833e-06,-9.26155509130177e-07,-1.77484773963301e-06,5.22018671148776e-06,-8.40009189250785e-06,5.88358707272525e-06,1.34164176633507e-06,-5.04772053495459e-06,1.71728107837085e-06,3.36005541449978e-06,-3.05042483382132e-06,-1.08848389607307e-06,1.76130596674605e-06,1.09903848457959e-06,-1.2187957614259e-06,-4.59359693407352e-07,-8.91108437391014e-07,1.91996204611229e-06,1.76655316184043e-06
6.63868337509439e-06,-5.52634067559041e-06,1.28620629329951e-06,3.06790182090006e-06,-5.2304322243672e-06,4.33511919899152e-06,-3.39151137852054e-06,3.3280693840826e-06,-7.79731359558559e-07,-1.13774196793869e-06,4.0822897296008e-07,-2.7760141741695e-06,6.2966649382394e-06,-4.28638813363507e-06,-2.29424837597529e-06,8.1260727104901e-06,-1.17391090993819e-05,1.24695181327598e-05,-8.55191836724725e-06,3.16241091053498e-06,-6.92545164212227e-08,-1.28847676282122e-06,1.04918375020348e-06,7.05016653527832e-07,-6.00697009719028e-07,-2.05836666260394e-06,2.70431092305037e-06,-1.05779775265723e-06,1.62087442992685e-07,8.80148607962607e-07,-2.18668140773285e-07,-4.62950520779518e-06,8.1798912242898e-06,-6.3581494407115e-06,3.43063670519039e-06,-2.43085830020388e-06,2.08716898468323e-06,-6.00327758372301e-07,-1.03484331464747e-06,1.61912131591409e-08,2.14961676292365e-06,-3.43023361108142e-06,2.32417894753598e-06,7.62481964846521e-07,-1.38910404870337e-06,4.27718660570535e-07,-2.03031130361617e-06,4.42289984612732e-06,-5.40511320105656e-06,5.01063860663996e-06,-1.00416906200308e-06,-5.17303088156952e-06,7.41927830980466e-06,-4.25038296885587e-06,3.2783761158353e-08,6.99868821514792e-07,1.71404806607647e-06,-2.54867733001535e-06,8.66809229895829e-07,-6.39002734893807e-07,1.75119135076761e-06,-1.15859210512951e-06,6.93137067540733e-07,-3.53700826537814e-06
-6.73084104534258e-06,7.49471939011286e-06,-5.17319331161882e-06,6.71878813930203e-07,3.5874712357549e-06,-5.02940734630336e-06,5.53468363352237e-06,-5.96651486269712e-06,2.78818167374367e-06,-5.27972881338931e-08,1.32839246996608e-06,-7.98817174413081e-07,-1.45618409410037e-06,5.06179273947367e-08,3.92799534329894e-06,-6.13439583532232e-06,8.25207053041608e-06,-1.11540958054779e-05,1.06362255903995e-05,-7.46991958277989e-06,2.84691877745592e-06,2.89477981628536e-06,-4.61497068142075e-06,2.0991361888657e-06,-8.38135449803454e-07,9.90936897830926e-07,5.41255387802303e-07,-1.60541971249039e-06,-5.00527727876494e-07,3.03354068681542e-06,-5.06293358314449e-06,8.86545893123698e-06,-1.09547474144351e-05,6.20218771236955e-06,4.44549689742972e-07,-2.62322307100744e-06,1.68399521340452e-06,-1.87940020359272e-06,3.81239987462883e-06,-2.79905789967237e-06,-1.27303620879598e-06,3.97866661596424e-06,-3.34736832946161e-06,-2.87483510796378e-07,4.16413976670889e-06,-6.22226723925845e-06,7.09209943645011e-06,-6.13820140741197e-06,3.99200604111375e-06,-1.93269777173301e-06,-2.02465848149724e-06,6.11297341403203e-06,-6.47374527710888e-06,4.00338726671402e-06,-1.75770813776002e-06,2.52088133134628e-06,-5.30337968778424e-06,5.57050157283056e-06,-3.40014825165081e-06,2.21053854059444e-06,-2.42363957259737e-06,2.66009944646125e-06,-2.71961245757612e-06,4.17532636931438e-06
8.72006722696931e-06,-9.73993056094789e-06,8.70220078832221e-06,-4.52685871661071e-06,-2.4348022971184e-07,1.60739829771367e-06,-2.23200506485549e-06,3.8827319464634e-06,-2.31679173187248e-06,1.31094207625434e-06,-5.2235365183692e-06,8.22807032471363e-06,-7.67236337135157e-06,6.9716209364177e-06,-6.2464188879013e-06,3.83240025531033e-06,-3.50207133065088e-06,6.00891282312043e-06,-6.83014387804317e-06,6.90525569388386e-06,-4.60728549445503e-06,-1.35707861510868e-06,4.09853418199606e-06,-3.10211929395466e-06,3.10649238177214e-06,-2.36283659031897e-06,-1.22405339006584e-06,3.13006239492085e-06,1.18328906525092e-07,-5.92170760874683e-06,1.04567407377287e-05,-1.29100618295059e-05,1.14696854794897e-05,-3.94480230544699e-06,-3.72649794519413e-06,6.15710116521161e-06,-4.87610326050771e-06,3.01138224538976e-06,-3.03554896861486e-06,2.27339035029321e-06,1.14418156702531e-06,-2.88904251435099e-06,1.12972353059796e-06,1.79684691945958e-06,-4.44687421296661e-06,6.27616088452214e-06,-6.17640536774649e-06,3.08703042798801e-06,-3.73896962966991e-07,-9.28271207745048e-08,1.84045231322536e-06,-3.0398533821476e-06,1.05478946537714e-06,1.50387566060107e-06,-2.02205862867211e-06,-1.05191250315998e-06,4.79940976327371e-06,-4.69861186249803e-06,2.69034107323304e-06,-1.59971051801583e-06,1.08874317035043e-06,-1.81287519694098e-06,4.00683924438542e-06,-6.62356275762047e-06
-9.05684580548451e-06,7.57167255056272e-06,-6.53313719652939e-06,3.7496733020176e-06,-6.30504034557184e-07,1.7152156123658e-06,-2.98006641983384e-06,9.72904747571893e-07,-4.64048120069523e-07,-7.0195690470386e-07,6.43367237049795e-06,-1.15841273008012e-05,1.2591610252413e-05,-1.1710120986033e-05,8.66507755716937e-06,-2.21128159180033e-06,-1.78259328352215e-06,1.61200425550118e-06,-1.37601235669783e-06,-4.78913067913837e-07,1.41008357804071e-06,6.19911683961975e-07,-7.76685707587014e-07,4.77839629294935e-07,-1.92591263574246e-06,9.81805589914343e-07,2.91010157204321e-06,-3.86891841730206e-06,-2.32816649607972e-07,6.49427062462436e-06,-1.15951704666392e-05,1.29647116615576e-05,-8.00374597655715e-06,-1.43423011114557e-06,6.51186754519273e-06,-6.25347325259404e-06,5.57304223744353e-06,-4.33081874614829e-06,2.71201794870905e-06,-8.25250625967531e-07,-1.01457020419361e-06,5.143998679634e-07,1.12914581258702e-06,-1.60658718164554e-06,2.00818407995649e-06,-3.27842868750701e-06,2.98822824985184e-06,7.39766551988767e-07,-2.76414690936016e-06,6.32677783363901e-07,4.42940275551723e-07,-5.56275048694019e-07,2.82255607790257e-06,-5.43437869417454e-06,4.80594587731976e-06,-9.96374432537629e-07,-1.22082536250617e-06,-8.58291804445408e-08,1.18621638651878e-06,-4.7045483429423e-07,-4.2770950039019e-07,2.23157953106261e-06,-5.87795111107776e-06,9.04241022076109e-06
4.59738875693835e-06,3.80297913655691e-07,-2.05062722165667e-06,1.75718662185723e-06,-1.62827603014036e-06,-7.28843505576077e-07,2.38756535382627e-06,-1.2233235230431e-06,2.16993437526957e-06,-2.37885211711285e-06,-2.79782986027849e-06,8.63019914243766e-06,-1.14007256531436e-05,1.24017794324034e-05,-9.60963735163737e-06,1.28982615337059e-06,5.10397526279125e-06,-6.15816608646871e-06,5.66879526272338e-06,-3.31094037784535e-06,1.21552394889619e-06,-4.92726515845591e-07,-1.13524693080474e-06,1.02504053355352e-06,2.26055116030145e-07,2.31014857582309e-06,-6.31030996738583e-06,4.11031676583353e-06,2.62778442374492e-06,-6.9246528740978e-06,8.44701919261764e-06,-8.74004347800204e-06,4.01187257827655e-06,4.60729977523663e-06,-7.05895411338318e-06,4.6986502234756e-06,-4.51026013190973e-06,4.21889878750932e-06,-2.30827798106234e-06,1.33961839879378e-06,-2.50864601411169e-06,3.45506912953134e-06,-1.76592423475832e-06,-1.66333109899591e-07,-3.63777842626866e-07,2.55404556138951e-06,-3.3839249660378e-06,8.72770400136539e-07,1.04098049203574e-06,5.91997158318584e-07,-2.16064367704085e-06,9.27222630093669e-07,6.7247744373702e-08,1.55438478980292e-06,-1.78515081012536e-06,2.96316480233977e-07,-1.12820366328774e-06,2.96901796892727e-06,-3.40330004190876e-06,2.07307440038015e-06,9.14848428634224e-07,-3.88654161237969e-06,6.11041062453837e-06,-7.35091802830415e-06
-1.11214575578254e-07,-5.1259784797366e-06,6.85214821237073e-06,-5.21185477411642e-06,3.89231885731037e-06,-2.78709725197868e-06,2.89935044228948e-06,-3.13172790675929e-06,-1.17254723225055e-06,4.83826764755086e-06,-2.47415346898815e-06,-1.65393751531572e-06,5.49196606939459e-06,-9.14819845255286e-06,8.31873666442987e-06,-1.4909703291449e-06,-4.59946491686413e-06,5.84836993202689e-06,-4.44562653738899e-06,1.81344017973995e-06,4.59067777960921e-08,-6.6138804715572e-07,1.12701759181254e-06,-6.86764445582418e-07,7.56755229784601e-07,-3.78220547743137e-06,6.88221758839382e-06,-3.10801917425918e-06,-4.325049341387e-06,6.68536385472867e-06,-5.71880596188551e-06,5.8215766688065e-06,-3.23704434185875e-06,-2.26099756958039e-06,3.27207859593454e-06,-2.01881410773787e-06,3.22170541331969e-06,-3.58776277349984e-06,3.14372475590603e-06,-5.3246576653938e-06,7.79373985205732e-06,-5.41185111596522e-06,1.58278023795736e-07,1.77122047177393e-06,-7.78135814635904e-08,-2.03252680710731e-06,2.98321100575315e-06,-2.38191714725969e-06,1.12528633130381e-06,-1.11098570112165e-06,2.33752619400569e-06,-4.26446480517302e-07,-3.54500516586116e-06,3.64361456775178e-06,-2.37899766295699e-06,1.09722721138063e-06,1.14247390312441e-06,-1.03502351547825e-06,3.90477396728477e-07,-6.54568628744878e-07,-7.91157249587451e-07,1.81400919974292e-06,-1.80836823981961e-06,2.55644522228667e-06
-1.16599518176653e-06,2.43407551776511e-06,-2.95554246091872e-06,3.22996348179608e-06,-3.91228406269063e-06,4.70468026549461e-06,-6.07000131072635e-06,6.01103750610781e-06,-1.48841663524794e-06,-3.23017565555165e-06,5.19035723240374e-06,-5.74101113229002e-06,1.77908307415974e-06,5.00547545795409e-06,-6.85911250335254e-06,2.80672308471431e-06,1.68231994085824e-06,-3.08609852185056e-06,2.32154026879217e-06,-1.39284498013656e-06,1.18789229049881e-06,-1.56073416584475e-06,1.2847294797914e-06,7.07665898337754e-07,-2.73824832921821e-06,4.22684130600255e-06,-5.63558009099195e-06,3.29504025540375e-06,1.40456275551075e-06,-3.57595266051934e-06,4.75702187794029e-06,-6.02967448784802e-06,4.49650400188401e-06,-1.36860647052598e-06,4.98475297638104e-07,2.9059559553287e-07,-2.76922823289667e-06,4.0449873484176e-06,-4.93541593784767e-06,7.36074347979504e-06,-7.18882788335486e-06,2.04278089402829e-06,2.61692308152134e-06,-2.62494022658681e-06,3.33198284135208e-07,1.07298939327828e-07,1.45941679903693e-06,-1.60454227149681e-06,1.04169386275122e-06,-4.85529679867184e-07,-2.47039754224224e-06,3.53724354648623e-06,-6.37889738049502e-07,-1.21252573013113e-06,1.69485215408622e-06,-2.70993145897949e-07,-1.43433669055927e-06,-1.58045842998635e-06,4.59895121885591e-06,-3.20524451422354e-06,3.9001929622423e-07,3.03172756121857e-06,-4.44316653825854e-06,2.09637886604928e-06
4.42779735056679e-07,1.11227887268412e-07,7.76082960885054e-07,-1.89141456603405e-06,2.34114783419128e-06,-3.24315579192581e-06,5.1410151170288e-06,-5.68415951811019e-06,3.68559354995519e-06,-1.09734317684786e-06,-2.7061616615413e-06,6.03883194837106e-06,-2.40673763787983e-06,-4.27563839152336e-06,5.86826263062465e-06,-3.72304643798542e-06,1.60375299127666e-06,-2.67723654489848e-07,-1.39327878778348e-06,3.98453109607738e-06,-6.19287626439714e-06,7.4021522649777e-06,-5.55365807599973e-06,-6.7584965102741e-07,5.71246196333725e-06,-6.65998547170521e-06,6.73723798902285e-06,-5.79984996581093e-06,3.38860591494071e-06,-2.14915843388225e-07,-3.8374372184819e-06,6.18783609359198e-06,-4.68920302728863e-06,1.4220961127417e-06,7.43072719373165e-07,-1.83425936845529e-06,3.14952019707674e-06,-3.73686366725714e-06,3.49904907446911e-06,-3.70167343047145e-06,1.82428343766706e-06,2.3953116556265e-06,-4.17504693861743e-06,2.14636010222107e-06,2.09741875514792e-07,1.94187008075621e-06,-6.63960535937528e-06,6.34979567614845e-06,-3.30269215665899e-06,1.41773863906024e-06,3.14413263513482e-06,-8.22673721213526e-06,8.61936603573467e-06,-5.52543394973023e-06,2.25671160219193e-06,-2.11946630853106e-06,2.38453571469739e-06,1.9245195701204e-06,-5.05955541535259e-06,2.21809552109038e-06,2.27386604581147e-06,-6.13691953643359e-06,7.19977334643402e-06,-3.75839563042488e-06
1.95889560184907e-06,-2.66724922039906e-07,-2.2306221911172e-06,9.45680396063266e-07,1.26464588719216e-06,-2.53272746052892e-07,-2.78235896446579e-06,3.95768290397472e-06,-3.85560831713581e-06,4.31098378553596e-06,-2.80218248933639e-06,1.13697150635663e-06,-3.52745515038123e-06,5.12417565992514e-06,-3.06741379876948e-06,1.85999486572248e-06,-2.02056959732739e-06,7.41730647591726e-07,2.58856924732518e-06,-6.15215669188165e-06,8.44903478785603e-06,-9.74170206471851e-06,7.64625343426168e-06,-9.27177045794568e-08,-8.64755208204719e-06,1.26210225691917e-05,-1.15807864798659e-05,8.47657093179503e-06,-4.80821132747836e-06,1.04549172811941e-06,2.71982374014843e-06,-5.03462218228118e-06,3.87617707156049e-06,2.04434772893782e-07,-3.46010020222857e-06,3.75981014957646e-06,-3.16529208342583e-06,1.99638344029312e-06,-3.09465441825525e-07,1.09773565800497e-06,-1.5929147916716e-06,-1.14263176580686e-06,2.84354842469913e-06,-9.57016151586954e-07,-8.81522528341925e-07,-2.6383196262434e-06,7.89909227800156e-06,-6.76958967820654e-06,2.37249248842708e-06,5.71439450225365e-08,-3.9942018269252e-06,9.33496717411367e-06,-9.93496251528991e-06,5.57370538007141e-06,-1.8623672086784e-06,1.66171890875314e-06,-1.4903585537492e-06,-8.13195884720005e-07,-6.24421362692256e-08,4.64859333372617e-06,-6.79545238391265e-06,7.01604242150809e-06,-6.20882918533991e-06,1.74891601560925e-06
-5.25437130706308e-06,1.09644069642452e-06,1.46542634561073e-06,2.87784576947726e-06,-5.78338150771538e-06,2.08782828005056e-06,2.77111567185521e-06,-3.64676286080951e-06,3.47221321258465e-06,-4.19651458282132e-06,3.90466509990556e-06,-4.79416116463074e-06,6.27812232542721e-06,-3.55655173743589e-06,-9.2172022419303e-07,2.07442218717343e-06,-1.33071863776914e-06,1.88915668339601e-06,-3.188563195481e-06,3.91733845203732e-06,-5.24728234728051e-06,7.52181686492692e-06,-8.2575639073186e-06,3.55290139159378e-06,7.0237558979633e-06,-1.39246043730071e-05,1.16157089469674e-05,-5.9471262567729e-06,1.3767338471845e-06,8.17726643302472e-07,-1.94490165179883e-06,3.179533994582e-06,-2.40784615942898e-06,-1.0395344687714e-06,3.62243756341885e-06,-3.18021526375253e-06,1.5189472620827e-06,9.36708709078685e-07,-2.45167035234139e-06,-1.30077102951049e-06,5.33575747421746e-06,-3.85144431209071e-06,9.15035435947816e-07,-4.61165310072536e-07,5.85177509051466e-07,2.280433330757e-06,-5.47670909710396e-06,4.40443506473579e-06,-8.99111073485503e-07,-1.99777367792043e-06,5.38938026681304e-06,-8.22212570835821e-06,5.94334237112892e-06,-7.70242198281727e-07,-1.24640159071312e-06,2.8915177063813e-07,3.24921460591953e-07,-1.13540858415681e-06,4.97669348024507e-06,-8.38813997669439e-06,7.5624553255531e-06,-6.52091375444043e-06,4.57083479753615e-06,1.75888377175225e-06
5.52233784733731e-06,-2.72535457865078e-07,-1.51516566190941e-06,-3.64712217022334e-06,5.85272143207151e-06,-2.69553943476928e-07,-4.97108930090336e-06,4.86629930945702e-06,-3.88080118047208e-06,2.45683625974044e-06,-1.6356156709458e-08,5.57721070803683e-07,-1.88699385863495e-06,-3.69272745985429e-07,3.73434038074272e-06,-5.04512284771048e-06,4.48447355024857e-06,-2.84344337335358e-06,-1.88914784905368e-07,2.06387484572418e-06,9.277706823507e-07,-6.63370337189952e-06,1.09407949425012e-05,-8.71407589311844e-06,-1.89867436274348e-06,8.88146991956157e-06,-4.6456843123765e-06,-2.42226127014795e-06,5.11576995004747e-06,-3.89742691203537e-06,3.13767768208064e-06,-3.27419993796573e-06,1.67142063215285e-06,9.08872809719402e-07,-2.13779302394976e-06,1.01119141894735e-06,1.09733075200255e-06,-3.14826716405235e-06,3.51290614807157e-06,6.01350452488584e-07,-4.39175138631315e-06,3.75782477631423e-06,-2.35508452318605e-06,2.07864320485249e-06,-1.41422862454577e-06,-7.50399751281139e-07,2.63483665024971e-06,-2.3303775461212e-06,-3.19728824552969e-07,4.32839847253971e-06,-8.04995657322909e-06,9.2004016819706e-06,-5.87916034914251e-06,1.60008668038387e-06,-4.84070811193834e-07,1.1043238907212e-06,-1.96309389919326e-06,3.88957170645447e-06,-6.88432954622618e-06,6.88137366987524e-06,-3.96755878317954e-06,3.58801835313779e-06,-1.90171991604474e-06,-4.04250170944094e-06
-3.95191778789228e-06,-2.5492117265503e-07,2.17953963966359e-06,4.23254174620403e-07,-1.92090012960194e-06,-1.62920794142671e-06,4.61508954207042e-06,-4.3768029833992e-06,3.9646575854141e-06,-1.3538146157218e-06,-3.32200523168649e-06,5.22339329473017e-06,-4.50130271755157e-06,4.04519902418912e-06,-4.47194005387988e-06,5.41271656329747e-06,-4.70310884316515e-06,7.17610702726758e-07,4.84259732698785e-06,-6.7465382477942e-06,1.25949722525384e-06,7.12823384159906e-06,-1.22284867996032e-05,1.01552486087608e-05,-1.26723722268899e-06,-3.36944352767934e-06,-3.20386190715209e-06,1.13884443167956e-05,-1.10962499407674e-05,5.75138466505922e-06,-4.01451303872618e-06,4.64399399527027e-06,-3.38973663556319e-06,1.31815497256476e-06,1.99143908546586e-07,1.07131422683059e-07,-1.31157736423914e-06,1.93290093916546e-06,-1.92448644530281e-06,3.64240708057963e-07,-2.12332583280335e-07,1.66085635419233e-06,-3.24131924453807e-07,-2.43169412864544e-06,3.54341002937805e-06,-2.83471061098912e-06,1.63657982349359e-06,-1.55084246873605e-06,4.09130990809502e-06,-8.37907250912613e-06,1.09297846775067e-05,-1.04452341270806e-05,7.71692631344172e-06,-4.59846497586418e-06,2.79167724482867e-06,-2.3603738948026e-06,3.33158863118577e-06,-5.39762050420453e-06,6.85347275743651e-06,-4.51202252437019e-06,5.0686002220945e-07,2.25736906212611e-07,-1.27956248958203e-06,4.41416336800188e-06
4.93227393469389e-06,-2.70508475803925e-06,-8.73616255369393e-07,1.90177027357995e-06,-1.1509075717241e-06,1.1345989860085e-06,-1.10777104617387e-06,1.73797595885257e-06,-2.40482690794702e-06,-5.26223823157839e-07,5.93413203800066e-06,-9.38918620133112e-06,8.78940341275816e-06,-5.38450549531421e-06,2.6544527568628e-06,-3.08028250596175e-06,3.26395804653433e-06,-9.10039559975597e-08,-3.90318753426252e-06,4.84130819037712e-06,-2.91908025316817e-09,-6.57196206427461e-06,9.11118873441642e-06,-6.94835393792171e-06,1.17950253566799e-06,1.5908446076211e-06,5.10199438336421e-06,-1.3612273873279e-05,1.22269508566597e-05,-4.42903693617683e-06,1.55975034057751e-06,-3.76626355415489e-06,5.7030902822403e-06,-4.69970613939677e-06,5.25264592838503e-07,2.78514599352007e-06,-3.35798081287106e-06,2.3230793272464e-06,-5.19020764095065e-07,-9.70518214945835e-07,4.01848373140924e-06,-6.68135028431378e-06,4.49669851538927e-06,1.64431630816662e-07,-4.44911258152298e-06,6.89559919384805e-06,-7.22181467702254e-06,7.04399733195689e-06,-8.01467840958567e-06,1.0069150243887e-05,-1.04729363872864e-05,8.70175949808781e-06,-6.18289698650946e-06,3.16929710435163e-06,-6.60726045707417e-07,2.14041560505305e-07,-1.63924775666309e-06,3.83759766551656e-06,-4.5188611024008e-06,1.79667825301662e-06,1.21260584348767e-06,-1.90611760230536e-06,2.31827211678879e-06,-3.9810058772941e-06
