-1.73166298026236e-06,1.45791771281497e-06,-1.5771931553575e-06,2.14092609116276e-06,-7.06772207584768e-07,-2.51657500919778e-06,2.83437495912175e-06,8.61112911871698e-08,-5.01115764527705e-07,-2.50163786045457e-06,3.17155877761962e-06,-2.14326124343415e-06,2.49381816110702e-06,-2.42449344943949e-06,4.86519311087611e-06,-9.37891640506513e-06,8.32571844753889e-06,-3.54994264952447e-06,1.70869952783543e-06,-1.54354736646814e-06,-4.06043418776723e-07,3.09123445303388e-06,-3.99696760211773e-06,2.36617125684494e-06,-1.53596515302479e-06,4.2246744929169e-06,-7.69782918961345e-06,1.0604886613438e-05,-1.23352557407355e-05,1.16160499874218e-05,-1.0578898501261e-05,9.76811001313266e-06,-8.03387633702988e-06,5.26611672960096e-06,-6.38153316876956e-07,-3.18692151560307e-06,3.23269570533596e-06,-2.30717781053925e-06,2.79812384494841e-06,-2.4374646255788e-06,-6.27255457266424e-07,3.97864954568671e-06,-4.81842913971923e-06,5.13123110386105e-06,-6.13003351262267e-06,4.56680638507646e-06,-1.35038379188948e-06,1.85343038852034e-07,1.17161099916754e-06,-4.17876977612101e-06,6.53642965911993e-06,-6.55856211161106e-06,2.67657287432888e-06,2.96605923604364e-06,-6.57533162888426e-06,5.93771590688853e-06,-9.82222306219807e-07,-1.58519698337226e-06,-6.19907568699485e-07,9.65456745726778e-08,2.76041105233851e-06,-9.74375355446663e-07,-2.6367864340711e-06,2.74025201396371e-06
-3.29066445085159e-06,7.31446933255757e-07,3.43233402402503e-06,-4.1200131716482e-06,-2.94031802257339e-07,3.56517246828692e-06,-2.70023026614898e-07,-4.37142112240796e-06,3.61528958473488e-06,1.56054846325732e-06,-5.03785059323101e-06,5.26948596089641e-06,-3.74897364652062e-06,7.81202987278878e-08,6.37768497042443e-07,2.85413177838522e-06,-2.54047329846824e-06,-1.10245949258317e-06,2.07671386520269e-06,-1.55784107408271e-06,1.96408831154348e-06,-1.47987324465583e-06,-2.75863807008773e-07,1.40844381683062e-06,-1.11301830072605e-06,-1.14105986160997e-06,5.16127542702223e-06,-9.24577564413756e-06,1.05025871198102e-05,-9.15243602151668e-06,8.40247094090327e-06,-7.9838473466006e-06,6.72431677307938e-06,-4.32302630788412e-06,4.81558786913533e-07,1.2215023122602e-06,8.69283622641531e-07,-1.64769205044234e-06,-1.3113974937104e-06,3.55146261094397e-06,-1.60049344419831e-06,-1.9813206665013e-06,4.58334735075672e-06,-6.8708553907574e-06,7.35840641025879e-06,-3.63455554429208e-06,-1.27572133852055e-06,3.07703352438703e-06,-2.5948791022464e-06,1.74558407173261e-06,-1.58169718603671e-06,1.21506084618726e-06,1.39356593105671e-06,-4.69212241387834e-06,6.16438617400252e-06,-3.86133235841543e-06,-1.06562436904526e-06,2.16400601032697e-06,5.60779575293802e-07,-8.85223263524453e-07,1.81110744613393e-07,-2.34935224827434e-06,3.32755772566973e-06,5.08453736009789e-07
7.8648840432257e-06,-4.87340554961397e-06,3.77321559156114e-07,-4.21658118220043e-07,4.90287539991249e-06,-5.02307697401306e-06,-2.80373286766927e-06,9.28161836069069e-06,-8.05963909799671e-06,2.48898817581351e-06,8.71574355607709e-07,-9.6559419095755e-07,-2.5999994775327e-07,3.1254231313043e-06,-4.27130856868954e-06,2.84945864648135e-06,-3.69045805592828e-06,5.3942668523039e-06,-4.64158600889332e-06,3.91152460242784e-06,-3.84630897520658e-06,5.49379571067745e-07,4.97159084187315e-06,-6.91832925513991e-06,4.4188049921045e-06,-1.06504435659104e-07,-4.98795464123584e-06,9.35772751172192e-06,-9.83921267680339e-06,7.2685421588637e-06,-4.96961064930215e-06,3.45503160061125e-06,-3.07899323311504e-06,2.48975126245075e-06,-7.0968450505584e-07,1.51384367179293e-06,-5.29589144525549e-06,5.95901927226674e-06,-1.64960097836064e-06,-2.3975279306458e-06,3.4040260679515e-06,-3.29270431820902e-06,1.19056778312986e-06,2.95059073945846e-06,-3.50703212020572e-06,-1.83304772730253e-06,7.41801204547849e-06,-8.23275335446789e-06,4.92371546839628e-06,4.76671278479941e-07,-4.35114280041778e-06,5.53110914394466e-06,-6.90142258228393e-06,7.919683465489e-06,-5.79383904806878e-06,1.0201526856606e-06,1.73413577395521e-06,-1.87648843157552e-07,-1.95806804130008e-06,2.32774266282404e-06,-2.95481248204807e-06,3.91349488622174e-06,-1.61845101449373e-06,-4.43905047553913e-06
-6.96036131667094e-06,5.23868108739582e-06,-3.80062888568017e-06,6.19498537490441e-06,-9.01362191017863e-06,3.85464345638925e-06,7.84514505619436e-06,-1.39264659226704e-05,1.0696997016632e-05,-5.32720217824114e-06,4.04955638574052e-06,-5.42723476722149e-06,5.99373265619637e-06,-5.30209227082344e-06,3.13982191906504e-06,-1.80966579868497e-06,3.083966917249e-06,-3.64961219958111e-06,1.73526637807105e-06,-1.08150322971386e-06,3.07936434323651e-06,-1.50174215168829e-06,-4.69974749183947e-06,7.32754071790431e-06,-4.33699742850118e-06,2.53377274379074e-07,3.61620718405968e-06,-7.54526787613794e-06,9.53100214593338e-06,-8.49459533101229e-06,5.08787877580614e-06,-1.20194475002353e-06,1.51473141039687e-07,-9.44629212086048e-07,2.00335763501886e-06,-5.32143207722092e-06,9.16245032325894e-06,-8.41390019181517e-06,3.4572125363478e-06,5.17296564091305e-07,-2.98983041443884e-06,5.70976593961444e-06,-4.63308377573546e-06,-3.9864457911102e-07,1.2640079726422e-06,3.98937939981568e-06,-8.6038778979224e-06,8.51295749797977e-06,-4.51798284704399e-06,-2.18509601937626e-06,7.31000982476899e-06,-8.04168135091085e-06,8.57399334360389e-06,-9.81148324585051e-06,6.54460793413695e-06,-4.32744834209442e-07,-4.45903755770319e-07,-2.39828038497596e-06,2.3842297850953e-06,-8.65535189661132e-07,1.7148369439883e-06,-3.10807954965532e-06,7.88541150195825e-07,4.4163257404482e-06
4.75633313217407e-06,-2.87137309085034e-06,2.47911997450787e-06,-6.0103686161471e-06,8.24122732301632e-06,-1.39640732106676e-06,-1.03003632915539e-05,1.37167299835547e-05,-7.4465415591171e-06,2.18990141393026e-06,-3.02029740035155e-06,6.57436130778144e-06,-8.49960593934388e-06,5.66886163658898e-06,5.04555442070707e-07,-4.10223615516892e-06,3.15645081477493e-06,-7.71110460225773e-07,9.58268371482478e-08,5.18434799591278e-07,-3.86256800090505e-06,4.39684454299422e-06,-1.38439129774143e-07,-1.35309489041676e-06,-1.17346339885092e-06,3.25481206045629e-06,-3.77548695648457e-06,5.03109110321569e-06,-7.94260181282552e-06,8.86878586593936e-06,-5.33526138274453e-06,1.22247868786074e-06,-8.851463191943e-07,2.26446398988743e-06,-3.80799967265371e-06,7.10354636922188e-06,-1.00418723659222e-05,8.84449258658307e-06,-4.62180441805897e-06,1.15436620680165e-06,1.75758107470972e-06,-4.73905472068215e-06,3.61411615112058e-06,1.37076429907034e-06,-3.25306295227986e-06,4.75932469915917e-07,2.86778074713597e-06,-4.17373789002623e-06,2.93557644233847e-06,6.65665066186485e-07,-3.84855619277505e-06,3.91728889121966e-06,-5.492648028214e-06,9.46115416908067e-06,-6.94530207436626e-06,1.88448764493729e-07,1.68239253663937e-07,2.13438444339013e-06,2.68375299174479e-07,-2.6736537515145e-06,-2.12489453423869e-07,4.12444971726412e-06,-2.3780417695107e-06,-2.95897078137436e-06
-3.84911407477023e-06,1.96555439910086e-06,-9.68061829883613e-07,3.2715888745659e-06,-5.50335216112374e-06,1.55175743543104e-06,6.34931855149142e-06,-7.95408229156994e-06,1.26161644532015e-06,3.10277148981858e-06,-2.27328132374321e-07,-5.64289547165413e-06,8.9972433012552e-06,-5.19301376959809e-06,-3.42447801695055e-06,9.37657942741986e-06,-8.7424907177621e-06,3.2226879774802e-06,1.15303568590403e-06,-2.42329069658248e-06,3.92927652727524e-06,-4.4750575637065e-06,3.29418241286403e-06,-3.3192066905542e-06,3.59265673084558e-06,-2.82891740003058e-06,2.09158817503397e-06,-3.20945103841669e-06,6.76390404691289e-06,-7.90967248942166e-06,4.00256396617188e-06,-9.68249960856075e-07,2.33286412056831e-06,-3.89776204735372e-06,3.93325835533575e-06,-4.9146943767795e-06,7.19295164379775e-06,-8.09001977589377e-06,6.04875091442909e-06,-2.78445961036889e-06,-1.74450840865337e-07,2.64990199556112e-06,-2.3466219524938e-06,-4.63927019359703e-07,2.04350169078367e-06,-1.91099606668698e-06,8.80958828631881e-09,2.70837616027284e-06,-3.68484677974352e-06,2.8486679835992e-06,-1.80021498913081e-06,2.0176600452334e-06,6.61313540117444e-07,-6.26167028426279e-06,4.92222412595609e-06,1.17178759713583e-06,-2.23417781200127e-06,1.8571146262093e-06,-4.55914414577567e-06,3.95419635680122e-06,2.96722218524182e-06,-8.31228128639173e-06,5.01311007762157e-06,1.85352179455922e-06
1.73596895668696e-06,-3.01654377382948e-06,3.74694969706472e-06,-4.62266167696032e-06,5.82273021729067e-06,-5.00248462893746e-06,5.32457785490589e-07,2.15206882389402e-06,1.48455054675424e-06,-4.03298245277114e-06,3.40903209538244e-07,5.06490027942244e-06,-7.34200556935536e-06,3.65527327222919e-06,4.74030433425543e-06,-1.11020701045099e-05,1.0197010899588e-05,-4.66569244292945e-06,8.81238467984199e-07,4.38483553938399e-08,-3.56006098463661e-07,1.28523358440427e-06,-2.59662253959006e-06,2.65803929105724e-06,-1.19468388129012e-06,2.87955471091096e-07,-5.74615366012717e-07,1.83915480505079e-06,-4.32142673118239e-06,4.74337082523476e-06,-1.70293988230519e-06,2.42026290545238e-07,-2.09830569189827e-06,3.2972884585e-06,-2.55319678996913e-06,2.16561695034399e-06,-4.32030919215863e-06,7.21042790712692e-06,-6.86001468043724e-06,4.37318214052712e-06,-2.91974697547088e-06,7.82536807798554e-07,1.85122736198096e-06,-3.19685541655092e-06,4.15105774703408e-06,-4.05429318778082e-06,4.29295545753044e-06,-5.73733042799598e-06,5.84436318908003e-06,-4.65079260797199e-06,3.90946111163054e-06,-4.10138952857423e-06,2.44571080284195e-06,9.34251851962758e-07,-8.41208510912936e-07,-2.01526846745263e-06,3.61727472683395e-06,-4.97245302714877e-06,5.64103169087245e-06,-7.51215196225626e-07,-8.52468981466723e-06,1.30837576513163e-05,-8.53020748131152e-06,1.58968194407962e-06
1.17525717063049e-06,3.0114774811414e-06,-6.27549355419192e-06,5.87086198399135e-06,-4.42657347865243e-06,5.16214270446596e-06,-3.71136714704095e-06,6.62231816834056e-07,-1.53627150651457e-06,2.81415541563376e-06,-7.62166011288504e-07,-1.10335455209957e-06,1.51673710357035e-06,-3.05683528343597e-07,-4.91749205758182e-06,9.4641620353222e-06,-7.82610052753042e-06,5.12303552039773e-06,-5.29392073355979e-06,4.889514223146e-06,-3.76857133800378e-06,2.28279143465489e-06,-6.60531550437775e-07,1.91219003879547e-06,-4.87019242805897e-06,5.50266866186359e-06,-3.531813845137e-06,1.78729451790328e-06,-3.87042096726139e-07,-1.23777360863824e-06,1.40718791901909e-06,-6.35476423959058e-07,7.8820927423991e-07,-1.40777871456933e-06,1.06954883392669e-06,-5.28180341385926e-07,2.30658460054443e-06,-5.25322515229227e-06,5.38824861245699e-06,-3.95404880565075e-06,4.41840857388499e-06,-2.93935578492875e-06,-2.27261551952845e-06,6.67855624010299e-06,-8.91795741979588e-06,9.14441494121462e-06,-7.86956673230233e-06,6.51027479754716e-06,-5.15007344458724e-06,4.04924527632637e-06,-3.41810262239302e-06,2.65491037523594e-06,-2.44793975032877e-06,3.02751977629078e-06,-2.44926355540572e-06,1.41994566962891e-06,-2.04206820393961e-06,3.20545056779305e-06,-1.67224726447159e-06,-4.35421689866432e-06,1.13286920169041e-05,-1.33726646672606e-05,9.7837496264884e-06,-5.04697814857871e-06
-3.81653288465568e-06,7.34057382947382e-07,2.66665116768976e-06,-1.28343157715205e-06,-2.01610390573744e-06,-6.52395427397574e-08,1.96924061154639e-06,-8.16003768255781e-07,1.58051491097688e-06,-3.03649898019659e-06,2.8387793000106e-06,-3.04100047555242e-06,2.91478578900689e-06,-1.96431540885142e-06,4.29291155355889e-06,-6.75406308791447e-06,4.45995711767144e-06,-2.76566378415431e-06,4.2663606638787e-06,-4.82735181365561e-06,5.00681279849773e-06,-5.23365238033914e-06,4.8757021601978e-06,-6.32593024507369e-06,7.83810464724883e-06,-5.75436566333001e-06,2.01279800084495e-06,-1.11371722676938e-06,1.49921065639126e-06,1.59921157266544e-06,-4.57856808950271e-06,2.47658883737858e-06,2.11564340603232e-07,7.38079904908497e-09,4.08517420633647e-07,-1.77987093767848e-06,5.6396386238425e-07,1.85194380351563e-06,-2.02046525803991e-06,1.74444219523057e-06,-3.5778654595864e-06,2.81383669294597e-06,2.44796112129714e-06,-6.76394207521702e-06,8.59336134175011e-06,-8.69789907939518e-06,5.90048269201127e-06,-1.67505349479186e-06,1.44128705946358e-07,-2.77786443550128e-06,5.09321674757634e-06,-3.13758057947507e-06,1.67652521208102e-06,-3.10595291843639e-06,2.4326346416791e-06,-6.36573425517971e-07,6.78381122291855e-07,-5.33865504137704e-07,-1.91871004205777e-06,6.09559046944838e-06,-8.79963737592295e-06,8.63594717628555e-06,-7.24057138569377e-06,5.70277058153351e-06
5.5540905158043e-06,-5.39746386669368e-06,4.08474177399817e-06,-5.80280477153805e-06,8.40210014517614e-06,-5.23531492688716e-06,2.10855862797863e-06,-1.68995428077759e-06,-5.34961320667676e-07,2.44416176305083e-06,-2.00700651539399e-06,1.76864345698945e-06,-1.89531779989184e-06,1.9796752026091e-06,-3.82959290926443e-06,4.70030883449044e-06,-1.86887584875809e-06,-1.08150128349081e-06,1.68613536390833e-06,-2.54443247711665e-07,-3.52292378008709e-06,6.68468595324491e-06,-6.81310395387136e-06,6.68633115939409e-06,-6.4044050775731e-06,3.50173610036965e-06,6.46482378190732e-07,-1.98597465882189e-06,3.99018586717281e-07,-1.58073462362033e-06,4.07990563825482e-06,-1.63232686779095e-06,-1.28283079906629e-06,6.87297199672358e-07,-1.24839506128703e-06,2.85501437214154e-06,-1.46242137433165e-06,-4.74945720115328e-07,1.74616422987667e-07,-8.98662295991292e-07,3.15885049768748e-06,-1.68508454428051e-06,-2.09260400866386e-06,3.1704545486026e-06,-3.7574432650967e-06,4.79098861052295e-06,-2.20169793412256e-06,-3.35570237793629e-06,4.83950839625715e-06,1.3942090636391e-06,-7.74584545140472e-06,6.0974187804654e-06,-1.54503222743944e-06,3.65718902460855e-07,-1.11711225625913e-06,2.71224580566568e-06,-3.72828508709226e-06,2.70345168015367e-06,2.21100662658977e-08,-2.99672307676318e-06,3.96150076069878e-06,-4.08301365032245e-06,4.88715444223216e-06,-5.30236332157264e-06
-4.8602575519558e-06,6.49020617257703e-06,-7.17711202386753e-06,8.71871605818354e-06,-1.04234720444936e-05,8.39221350454468e-06,-6.0497483085564e-06,4.21822652211149e-06,-5.3512350282231e-07,-1.6888478902658e-06,1.01036834659882e-06,-1.73616483128496e-07,6.30883486785317e-07,-2.32078665345351e-06,4.32029169023993e-06,-4.43464621818039e-06,2.06534775351973e-06,1.12050527679216e-06,-3.40277948721701e-06,2.35585062219558e-06,2.78567827897927e-06,-6.57346740520689e-06,5.38223097593698e-06,-3.49435976330348e-06,2.77176953509502e-06,-5.0164208956003e-07,-2.54140315598763e-06,3.02458332896075e-06,-3.94715207353488e-07,-1.14526360840673e-06,3.39236049256131e-07,-1.11866875812951e-06,2.03567757602666e-06,-9.57835816364223e-07,8.95238321037772e-07,-1.60387864372101e-06,2.41975471983793e-07,7.39733145775026e-07,7.66182853156337e-07,-9.07824562090463e-07,-4.11943785103959e-07,-8.85534686532603e-07,1.81966733915901e-06,7.84240372286291e-07,-1.28725490907045e-06,-1.88397732023429e-06,1.75848900977334e-06,2.72319780391027e-06,-4.43917641675026e-06,-4.30326335836231e-07,6.22436160852403e-06,-5.87981085367474e-06,1.21387909313818e-06,9.67325456802289e-07,2.3239385209414e-06,-6.69205942380065e-06,7.70357227961416e-06,-7.03824482892401e-06,4.90281374198501e-06,-1.74225162018147e-06,4.85922926025778e-08,2.03487158358305e-06,-4.25020062712295e-06,4.41793062833921e-06
3.34875105465882e-06,-4.5540190789467e-06,5.35817379652419e-06,-6.07054471478728e-06,7.57647106141264e-06,-7.8472015578054e-06,6.10493283818053e-06,-2.28551486146201e-06,-2.09069284077886e-06,4.38131824494718e-06,-4.07830320581735e-06,2.68617107287032e-06,-2.73636537328463e-06,4.4563939458968e-06,-5.62660779285434e-06,5.51588111962539e-06,-4.3036553463433e-06,2.21170530372069e-06,1.69512014001042e-08,-3.35928937616135e-07,-2.55915262561837e-06,4.75916496049768e-06,-3.17693321322185e-06,2.32714719344125e-06,-4.64467986806678e-06,4.37320211789185e-06,-4.5877938370388e-07,-6.00249185896496e-07,-1.69683395105195e-06,2.0307157229306e-06,-7.5141224744868e-09,-5.68790665463313e-07,1.96455282157463e-09,-1.34014177010969e-07,-4.46152120192207e-07,1.504600329382e-06,-5.93998748803989e-07,-7.75558597750195e-08,-1.97302136119863e-06,3.66929532867361e-06,-3.20618757789399e-06,1.94082173612862e-06,1.10580347764638e-07,-3.18583695511156e-06,2.8527580028201e-06,1.47382185066947e-06,-2.53457446990571e-06,1.0023891318288e-07,3.87252538438664e-07,1.21601451661811e-06,-2.6443654810348e-06,3.27336625721702e-06,-2.46708717381948e-06,2.01500516399796e-06,-5.40735160451723e-06,8.12206904450493e-06,-6.85238993814193e-06,6.14808073336561e-06,-4.93901914827779e-06,2.63715871162345e-06,-1.21606312684026e-06,-1.93265883205472e-06,4.66677833124489e-06,-3.99960043654832e-06
-4.59988451973857e-06,2.82302297089881e-06,-2.58406763603859e-06,3.28831080950425e-06,-4.15285389920613e-06,4.37660031513152e-06,-1.96839223156674e-06,-3.15296207282025e-06,6.80235120592154e-06,-7.21510331719647e-06,5.60735013637856e-06,-4.28944600485185e-06,5.68056990857668e-06,-7.63503146434747e-06,7.11356842124335e-06,-5.57362820306724e-06,4.06434137740466e-06,-2.62591166934012e-06,1.60849611350601e-06,-6.61945528495722e-07,9.82755104820114e-07,-2.58338487000845e-06,2.65822616834927e-06,-2.96668325292079e-06,5.60569335708627e-06,-4.68392431304255e-06,-3.59168729444707e-07,8.12894522477196e-07,2.5193036897081e-06,-1.58265623541e-06,-2.86198762549056e-06,4.56710647080677e-06,-3.11117500508027e-06,1.64780783620704e-06,2.3657036849725e-07,-1.98188246021719e-06,6.18551461928222e-07,1.37144086033308e-06,-4.96802108799307e-07,-1.31797386462878e-06,7.28609782209368e-07,2.69459966563827e-06,-5.57981156782387e-06,6.43064329245047e-06,-4.56112186193837e-06,1.21861823359455e-06,-1.20761162357152e-06,2.20002078370782e-06,8.97898702755198e-08,-2.18936172832998e-06,2.06767169095078e-06,-3.20827522543753e-06,5.08012383341955e-06,-5.02481394851314e-06,5.74325157101345e-06,-5.55840737109854e-06,2.31754207124291e-06,-4.89647248135184e-07,-3.37229000531224e-08,-3.3617843885123e-07,6.62151780510333e-07,3.04261077485074e-06,-7.15235122639018e-06,7.07813358696296e-06
7.60052715720822e-06,-3.46812392631838e-06,3.14076800762344e-06,-4.83955586989096e-06,4.72454203091951e-06,-2.77137204438245e-06,-1.24762622831914e-06,6.28221515576776e-06,-7.67748097416719e-06,5.17400162642277e-06,-2.27905585392132e-06,2.08006596997482e-06,-5.30907909948663e-06,7.7501116101009e-06,-6.007923983645e-06,2.96312899699467e-06,-1.02462066091842e-06,4.50304878318862e-07,-1.33473686910096e-06,1.29335332415747e-06,-9.21294638247867e-07,2.69732855284933e-06,-3.22790412630432e-06,1.62607658542947e-06,-1.89363145816111e-06,1.78571132195911e-06,2.17423490143892e-06,-3.38867252401579e-06,-1.05552397384812e-06,2.69052166645018e-06,1.23837284795283e-06,-4.27316614146887e-06,3.70136075396613e-06,-2.72597471823702e-06,1.84211834442372e-06,-8.42648314478212e-07,2.52718550305649e-06,-5.86067129408478e-06,7.12992226584179e-06,-6.38409854718503e-06,6.98693921479222e-06,-1.03175037600382e-05,1.24501313559482e-05,-1.10870978936602e-05,8.03264167774573e-06,-5.8011738780498e-06,6.6026441176635e-06,-7.39059773820347e-06,3.75090872389895e-06,1.08894539079382e-06,-2.66619049084268e-06,3.2466009300031e-06,-4.08390537819983e-06,3.24042053574702e-06,-2.59247121496967e-06,1.72840722601671e-06,9.82123744775995e-07,-2.3511017377828e-06,1.29197386261139e-06,9.24169994746367e-07,-1.0713984017931e-06,-3.9478351027002e-06,9.99698062124636e-06,-1.13446434574368e-05
-9.66288374640222e-06,6.90860132837274e-06,-7.63426365941836e-06,8.53431434023788e-06,-6.29484777342832e-06,2.93853756120402e-06,1.27452641937586e-06,-5.30900906323305e-06,5.51392930900349e-06,-3.39743805748852e-06,1.86366768265814e-06,-1.07370565299648e-06,1.94692373034941e-06,-2.91168114968935e-06,6.85046529928498e-07,2.24446601751395e-06,-2.51401692768037e-06,8.42953332409462e-07,1.35438295658223e-06,-1.87848121963024e-06,1.53367560386466e-06,-2.93197402744504e-06,2.98549573220026e-06,4.96462327352055e-07,-3.40902084806028e-06,4.55439308623998e-06,-7.35516901012711e-06,7.72921311322335e-06,-2.23576530287759e-06,-1.74751689031449e-06,9.68808294345095e-07,8.54628849822069e-07,-2.47932792982016e-06,4.38241916116111e-06,-4.82073790415946e-06,3.44622363001705e-06,-3.89679353687702e-06,7.32001665775574e-06,-1.00034323815807e-05,1.01311309830051e-05,-1.05822432067312e-05,1.30043035687867e-05,-1.42490794522547e-05,1.18102006931277e-05,-8.24751056546875e-06,6.38248413960663e-06,-7.35874653383334e-06,9.35467247372727e-06,-7.12843163447776e-06,1.50303908830909e-06,1.44065980590624e-06,-1.20970039530165e-06,-4.14850011665161e-07,2.02423463862259e-06,-1.25162336588387e-06,-4.1660449110857e-07,6.13563167520344e-07,-1.18820477690631e-06,3.39440839972795e-06,-4.27615723338348e-06,1.8214372874212e-06,3.38070023566162e-06,-9.25513293101059e-06,1.18951617445884e-05
1.02064617605532e-05,-8.97103637479893e-06,9.44025182867143e-06,-7.79406238040249e-06,3.45936772278533e-06,-8.94146314247518e-07,-1.49990269581553e-06,4.24019823773504e-06,-4.56595228539014e-06,4.89395173464572e-06,-5.41596513936572e-06,2.78501530239028e-06,2.79536303907123e-07,-2.2955438033299e-06,6.00569115350663e-06,-8.01838042274004e-06,4.28497559064289e-06,7.23016073498477e-07,-1.8297526915733e-06,-3.45345365356943e-07,2.12059396741481e-06,-1.69151811707174e-06,1.20609469339945e-06,-2.23560456422077e-06,2.85820638829864e-06,-3.43911371689649e-06,6.37569752475983e-06,-7.57054915466172e-06,5.06575264864137e-06,-2.88811404635055e-06,7.27160475224678e-07,5.36227175655017e-07,1.97225307597597e-06,-4.92668785632031e-06,4.25030916388997e-06,-1.67159146643612e-06,1.234067268988e-06,-3.91128585770914e-06,5.73086692069031e-06,-5.49842905312751e-06,6.83715919542486e-06,-9.44229993008177e-06,1.01141282647464e-05,-8.13706455293895e-06,5.62931645392625e-06,-3.79866857612049e-06,4.34660346872723e-06,-7.45650527614108e-06,7.40627954248227e-06,-3.0178602732432e-06,-5.90000306850185e-07,9.96533582086641e-07,2.63111111518698e-06,-6.35312165268388e-06,4.19085355107034e-06,1.76278701445975e-06,-5.41916985583648e-06,6.54579104384285e-06,-7.94440766275698e-06,6.77746458107105e-06,-2.6132393960264e-06,-1.26148504833992e-06,5.63669802130281e-06,-9.78102641841875e-06
-9.23665092785535e-06,7.63402121766199e-06,-6.57417678218877e-06,4.14097626408269e-06,-1.23176697225707e-06,9.8234029819506e-07,4.52371659503651e-07,-3.1668901702132e-06,3.64102028649532e-06,-4.28413979572708e-06,4.96773830198981e-06,-2.91103155216022e-06,4.83377956077255e-07,2.31281414396828e-06,-7.47175454633331e-06,9.30378561059282e-06,-3.07047745469593e-06,-3.76432833300193e-06,2.88017953172324e-06,2.75101587864331e-06,-6.55537549505446e-06,7.17533536536842e-06,-6.35769359736026e-06,5.19570184446549e-06,-4.29439715897264e-06,5.05809377450115e-06,-6.23345152688148e-06,5.39145032489263e-06,-4.97742071101737e-06,4.98283707756695e-06,-2.41450323984228e-06,8.72767533032942e-07,-2.56272079269095e-06,2.95111597778003e-06,-1.21436210235301e-06,6.97386923369553e-08,-3.61142790523343e-07,1.79702667643453e-06,-1.61676471157937e-06,5.33132749673465e-07,-2.21219599619763e-06,4.69721404060196e-06,-5.9518275555426e-06,6.52786623604915e-06,-5.72859987850919e-06,3.15638908256364e-06,-1.92280493706557e-06,3.66215439860328e-06,-4.01768433296682e-06,1.30771975122488e-06,1.99425684389793e-06,-3.26931415238844e-06,-6.57340505018077e-07,5.72914576859909e-06,-3.96486103853481e-06,-3.41969080253626e-06,7.88728610155271e-06,-7.23972128844656e-06,6.66199420662801e-06,-5.92497634237313e-06,3.44889263053233e-06,-1.10027863198946e-06,-2.41033839490696e-06,7.48505513237431e-06
7.14552039704219e-06,-7.54152443865227e-06,6.64943801633375e-06,-5.08358750681277e-06,4.95230852907393e-06,-6.56326765241206e-06,4.33549822715993e-06,5.4826855937495e-07,-2.41375209248477e-06,2.08308691390649e-06,-1.37136015469704e-06,8.22695212061091e-07,-1.30462140338821e-06,7.50231039322988e-07,2.46245351601086e-06,-4.40208719352598e-06,1.41857708092199e-06,2.32267888829049e-06,-1.0108582303907e-06,-3.36848778368235e-06,5.80795348074572e-06,-5.12215115853486e-06,3.55364222458455e-06,-3.26834204729404e-06,3.69792311672228e-06,-3.93108318405624e-06,3.36671075756318e-06,-2.1429958729823e-06,1.82148997498212e-06,-1.10111646917364e-06,2.16516994722107e-08,-1.63853268372454e-06,2.76232655453682e-06,-5.97809225262904e-07,-2.8767962265676e-07,-1.15304581398907e-06,1.96773198994922e-06,-1.74514217912796e-06,4.07397934077351e-08,1.79808090913593e-06,-1.35948008133911e-06,-5.93124248889407e-07,4.03135794236699e-06,-7.62171401343955e-06,7.44737829482362e-06,-4.12897222327292e-06,1.40908367573971e-06,-3.44926327907372e-07,-1.76826349166623e-07,8.6072818236663e-07,-2.47639022014042e-06,3.70708120442661e-06,-1.44032127047973e-06,-1.87529948327418e-06,7.09826582341198e-07,4.29552697829785e-06,-6.43586359239107e-06,3.07617516227129e-06,-1.97311679876332e-07,1.66266770893903e-06,-3.81446755482544e-06,3.83909237945304e-06,-1.56167153170944e-06,-3.30726286458977e-06
-5.58950327712392e-06,9.47353939894386e-06,-9.58556028107236e-06,8.13622149494259e-06,-8.6309362224282e-06,1.04295274949813e-05,-7.39157290677175e-06,9.93271639868224e-07,1.93844905828856e-06,-1.30359436861724e-06,3.26336549621682e-08,8.57848892232004e-07,-9.65230671952705e-07,-1.80838717983759e-07,1.54408825093375e-06,-1.0233048352557e-06,-9.89607148841731e-07,2.45731401241352e-06,-2.85902482136938e-06,2.78111567072114e-06,-1.80543230426946e-06,-1.44291472940103e-06,4.27746153478254e-06,-2.67917094627489e-06,-1.78521084008661e-06,5.41573148634747e-06,-5.657821433813e-06,3.0595197915416e-06,3.04670996643233e-07,-4.39711792029527e-06,5.33586458119907e-06,-7.33434652583774e-07,-1.40523325490835e-06,-3.83387810957534e-07,-1.23579498935436e-06,4.54870545971695e-06,-4.32068905008747e-06,1.23945696606975e-06,2.57303527098045e-06,-5.23548175150028e-06,5.14753467603722e-06,-2.28232795113203e-06,-2.94727968916333e-06,7.02229755555203e-06,-6.03181796231159e-06,3.15306664800347e-06,-1.41702870895482e-06,-4.60981658561276e-07,1.06178692681985e-06,-8.55233130492091e-08,7.56086041035221e-07,-1.94951702030412e-06,1.34758181491184e-06,-8.09066758361529e-07,2.18616395747576e-06,-4.03438438068241e-06,3.11431701401177e-06,1.95630010207191e-06,-5.83371898034483e-06,2.65935000493607e-06,2.99374286930626e-06,-5.47590465769682e-06,5.19167173789381e-06,-1.04057948162936e-06
6.77493307826422e-06,-9.80172603663596e-06,8.38298434606929e-06,-6.23138531765777e-06,6.27401931489452e-06,-8.16514249350241e-06,6.64491275196691e-06,-1.65062056902022e-06,-1.14691386368314e-06,1.20301936056309e-06,-7.26605947362657e-07,-4.52011335118574e-07,2.29048125787655e-06,-1.45627778906514e-06,-2.09548673924485e-06,2.99897093191029e-06,9.91982933538449e-08,-2.88646552707263e-06,1.62373678477567e-06,1.17426917284964e-06,-2.33422564551228e-06,4.4658020860356e-06,-6.05576590928007e-06,3.7591669916564e-06,-8.20428689246936e-07,-1.32672421870994e-06,3.0270849624236e-06,-2.49616546538705e-06,-6.92569721967856e-07,6.00708432180145e-06,-7.93971052249156e-06,2.89674863997568e-06,5.17920444070819e-07,-8.24954665102206e-07,4.98012590898686e-06,-9.14024422368077e-06,7.40202176490177e-06,-1.90883713734491e-06,-3.45839263893768e-06,6.59042077796466e-06,-6.12242437805045e-06,2.35959909787032e-06,2.31754157910618e-06,-4.26097994943109e-06,2.49385622804625e-06,-1.41229375146194e-06,2.19494166390807e-06,-1.59522137483023e-06,1.38114491381184e-06,-2.08241155383846e-06,3.66698135112864e-07,1.0432085769547e-06,-2.44476866251946e-07,5.21612189959336e-07,-2.67045868107209e-06,4.09891572639009e-06,-1.97000397243342e-06,-3.61552717486901e-06,6.81518240126403e-06,-3.91702175968584e-06,-2.28132284187178e-07,2.13990324341863e-06,-2.62473097459131e-06,-5.09451102983672e-07
-7.58474386509582e-06,7.05137149776066e-06,-4.05713537016338e-06,1.74526208381883e-06,-3.0898977969087e-07,1.71588501005927e-06,-3.1958804997103e-06,1.70449516688189e-06,-4.43322416307128e-07,8.89350572744864e-07,-1.05626920078418e-06,1.83447005003516e-07,6.24515885004643e-09,-9.66224391174772e-07,2.93639043532735e-06,-2.42707620082073e-06,4.00229346355611e-07,1.81815950077571e-07,2.20777256395806e-06,-4.69504570569564e-06,3.41238454850305e-06,-1.39115883323081e-06,-4.28085879468711e-07,2.339807247172e-06,-1.68133511099852e-06,1.29604734275615e-06,-2.3194067973035e-06,1.48667804873619e-06,1.38923247012983e-07,-2.78799992412096e-06,4.80847976901704e-06,-1.97031112656553e-06,-1.10721497288988e-06,2.86127359546941e-06,-6.68413050856405e-06,9.11223673078276e-06,-7.52421466912647e-06,4.24190158852027e-06,-6.09047238334833e-07,-2.69689186884569e-06,2.87481630189889e-06,2.25790649980528e-07,-1.92860446029793e-06,2.12985263533708e-08,2.14293350238016e-06,-6.61570092529744e-07,-2.83653879703767e-06,4.22954225370114e-06,-4.3368810708101e-06,3.5867401435031e-06,-8.80161707360497e-07,2.09042433083051e-08,-2.38889497372259e-06,3.57770307543895e-06,-8.52903833475481e-07,-3.2111286949421e-06,2.87889757170454e-06,1.47199384274656e-06,-3.05965437290501e-06,2.8030502225428e-06,-4.84275738043059e-06,5.80814355605263e-06,-4.192697911353e-06,4.78207289681992e-06
3.51255146873808e-06,-3.06425750440133e-06,2.11847277263852e-06,-3.82246114122338e-07,-4.00748804789257e-06,5.53375274786744e-06,-2.8455582956548e-06,-4.8136943506173e-07,4.24343676605414e-06,-7.4007149859109e-06,7.36888543955122e-06,-3.71938154487935e-06,-2.06766471497529e-07,3.14694251345798e-06,-3.51160886262271e-06,-4.41915304104537e-07,3.4204052396135e-06,-2.46413021419927e-06,3.06401327024353e-07,8.21495892113156e-07,7.8060374755958e-07,-3.88614952031396e-06,6.47257637701609e-06,-6.09096005380726e-06,1.37726806554907e-06,2.44436500358464e-06,-2.46850358823243e-06,1.74115641495608e-06,-8.62744242438619e-08,-5.88093116493682e-07,-1.35392583940988e-06,1.49843741093764e-06,-1.24744375841648e-07,-1.49836932494154e-06,3.67136661076776e-06,-4.26854134252326e-06,4.12699726214155e-06,-5.02888733695573e-06,4.1005445688014e-06,-8.11394268273794e-07,7.86591707277181e-07,-4.18294579908348e-06,3.14941678357339e-06,3.43973550288182e-06,-7.86021715955952e-06,5.40629146868741e-06,2.82537957948839e-07,-3.75437743631884e-06,4.62034194302713e-06,-3.22232317986485e-06,1.08965510603848e-06,-1.77371075965694e-06,5.20102665052322e-06,-7.79693091447812e-06,6.24640012257729e-06,-1.5724192013832e-06,-3.8130072881289e-07,-3.10293446303015e-07,-1.26552786051992e-06,-9.58738888475821e-07,9.62938943669729e-06,-1.28062097933514e-05,7.53524068747781e-06,-3.46885475537743e-06
3.15075655866232e-06,-1.94178382722475e-07,-1.93948219348845e-06,7.53425552967992e-07,5.09375104930091e-06,-9.0261779516329e-06,7.06417927816006e-06,-4.42779159987451e-07,-8.13038822168464e-06,1.28821642867307e-05,-1.19787054483347e-05,8.17963724893061e-06,-3.78433041930812e-06,-5.55991137257527e-08,-3.72074704776173e-07,6.5188891598957e-06,-1.13365511495768e-05,1.0657584930047e-05,-8.48930125096993e-06,6.93494818721673e-06,-5.33742040056956e-06,4.2597551084569e-06,-4.24808670251726e-06,3.71455573966858e-06,-1.78142458962471e-06,1.16905986490788e-07,1.48138068265771e-06,-2.76128319594933e-06,7.72925713087987e-07,1.17576265611601e-06,7.64240277105115e-07,-2.84266938187584e-06,3.62337260404591e-06,-3.25412796968895e-06,8.25715959600913e-07,6.40668499683344e-07,-8.07967154967077e-07,2.77955257019151e-06,-2.8438068494264e-06,1.84215163871762e-07,-2.02229929375435e-06,7.34802051248709e-06,-6.22936580678912e-06,-2.45560560902549e-06,9.52533930312476e-06,-9.23737929166675e-06,5.14280668666428e-06,-2.30653878569184e-06,9.97143710153256e-07,-1.2873241777851e-06,1.22982564140894e-06,1.18797894958013e-06,-4.08421822976633e-06,6.15447539205376e-06,-6.45991224011132e-06,4.29860067828399e-06,-2.40034620001422e-06,6.52578128069727e-07,3.37631523198833e-06,-1.32724489952984e-06,-9.37725742592716e-06,1.35622035988148e-05,-5.66012637594074e-06,-2.55011735197484e-06
-6.3837005794516e-06,2.47751328382473e-06,1.20899666105248e-07,8.81375759083937e-07,-5.13784902013377e-06,8.01973577226731e-06,-6.93454799888506e-06,1.51488159793285e-06,6.23760006352256e-06,-9.76871870690629e-06,8.79154501530462e-06,-7.36282450771901e-06,5.62801823309098e-06,-3.7186530148162e-06,4.95401200214911e-06,-1.00445278895668e-05,1.45673107698332e-05,-1.50853254421e-05,1.31619184204855e-05,-1.07035156816349e-05,6.16923686879877e-06,-5.76268758085127e-07,-1.84771596145304e-06,9.84829103596847e-07,4.9012351353622e-08,4.08837543657199e-07,-2.27274382816998e-06,3.38733970729862e-06,-1.12334692170209e-06,-1.67525159398327e-06,7.4687900790768e-07,1.96078829531389e-06,-4.14973877634618e-06,4.82841095110582e-06,-1.89967623277074e-06,-4.62791358025305e-07,-1.20207627966392e-07,-1.56480348613499e-06,2.54571788038657e-06,-6.6609987920295e-07,2.37217781415471e-06,-6.87468298076058e-06,6.82864194837981e-06,-1.08723648335825e-06,-4.78231681809002e-06,7.47139234258608e-06,-8.97263148749613e-06,1.00042035747589e-05,-8.79791040908361e-06,6.28118971817291e-06,-3.08819018816259e-06,1.74734798110898e-07,2.26110010780556e-07,2.30391422068981e-07,1.0907389384558e-07,-2.71199191985615e-08,2.30054118128655e-07,3.83968914660854e-07,-3.79440105970247e-06,3.11517081407142e-06,5.13413358881055e-06,-1.03015884783275e-05,4.46314085603002e-06,4.74560301296783e-06
3.58363592072108e-06,-2.66554144022134e-06,1.99101733170646e-06,-3.09075154683879e-06,5.14189137363822e-06,-5.54357394787145e-06,4.10613222714946e-06,-1.91643219143153e-06,-6.20353345850794e-07,1.90279382401209e-06,-2.82106007818744e-06,3.96326686356562e-06,-4.20655725774621e-06,4.16673986263412e-06,-5.04672261221927e-06,6.56332377121218e-06,-7.93793643818808e-06,8.92361038403809e-06,-9.27570222912067e-06,8.39244223551073e-06,-4.53328332173128e-06,-8.76205722027404e-07,3.52711779083204e-06,-2.30231479198156e-06,7.1455938018051e-08,4.61921830180891e-07,1.56223965316336e-07,-5.61502208647775e-07,-6.67640368189818e-07,3.43638949963661e-06,-3.94739504708145e-06,1.70958776267106e-06,6.38532201733942e-07,-2.07026537559356e-06,4.20465368941266e-07,1.57183317166126e-06,-1.34946922984476e-06,3.11286056121207e-06,-4.26880407154067e-06,2.50000080950846e-06,-2.27928574359711e-06,3.74292194523805e-06,-4.52209542597759e-06,3.54686780180412e-06,-7.52175209877959e-07,-3.83825339033331e-06,9.92939607726572e-06,-1.34866884546524e-05,1.12756641493602e-05,-5.80387239096996e-06,7.2718440579512e-07,1.39057767669853e-06,7.10393825056966e-07,-4.42456276496025e-06,6.41708316858756e-06,-6.00874257847503e-06,3.51858073287326e-06,-2.46398800953349e-06,4.45027653744533e-06,-4.57328188659179e-06,-4.1382571114099e-07,6.66537264724827e-06,-6.16652145526682e-06,-2.77566488726947e-07
6.07212199439738e-07,4.92825024751406e-07,-1.38951354214263e-06,2.36873143871525e-06,-3.5283023297862e-06,3.19353708715076e-06,-1.11902965358728e-06,1.37480239791092e-06,-4.29979359021692e-06,4.61874126067918e-06,-9.85271491345763e-07,-1.95435429360519e-06,2.75129373267195e-06,-3.5759385251247e-06,4.05265513395403e-06,-2.53001069163504e-06,-2.71034135274177e-07,7.60839090892722e-07,1.98437135263823e-06,-3.95156506545602e-06,2.41611345870767e-06,5.64685999947006e-07,-2.1802200998856e-06,1.14113929134296e-06,1.42422966488214e-07,4.29148806281297e-07,4.18246863528914e-08,-1.13486114399239e-06,1.32280462003348e-06,-2.77235336890848e-06,4.03761239477594e-06,-3.63670538134741e-06,2.01292741451881e-06,1.10058421162788e-06,-2.22023874212942e-06,7.69776847615276e-07,3.44213899785364e-07,-1.31393954106455e-06,8.186909058933e-07,-1.62199101411238e-07,1.88538422499495e-06,-3.40903055860228e-06,4.0731886606283e-06,-4.17458229617799e-06,1.8633399515204e-06,4.03828589222884e-06,-1.17472467375352e-05,1.46831124129178e-05,-9.56530736860052e-06,1.18725013941055e-06,4.15368273645921e-06,-4.38199093650492e-06,9.97463110886154e-07,3.80116309615212e-06,-7.05879177361385e-06,6.44374865055442e-06,-3.47625521022954e-06,3.58041522621143e-06,-6.3761397153071e-06,7.08681029754549e-06,-4.31943061202952e-06,-1.12171559619015e-06,4.19048945264598e-06,-2.66832632474301e-06
-3.36091803670035e-06,2.86232318500203e-06,-1.75504867582874e-06,5.67848137525562e-07,1.39738899539859e-06,-2.7751719291477e-06,2.2223053334333e-06,-4.30600188394734e-06,9.50531504117429e-06,-9.84210571933287e-06,4.78467909310569e-06,-1.25959004146092e-06,-1.14748821882934e-07,2.1026770013914e-06,-3.63483420128678e-06,1.95142808249674e-06,2.68863116115131e-06,-4.75050659018873e-06,1.51031321090164e-06,1.40437753265343e-06,-3.49805537463181e-07,-1.55955039627175e-06,1.970170635506e-06,-1.10368286870126e-06,2.21086764648989e-06,-5.19266648259223e-06,4.63962838656917e-06,-2.45881036766559e-06,2.32084430421653e-06,-2.14744665778488e-06,8.03584532236556e-07,1.54067776376851e-06,-2.20075777592205e-06,-1.76470141369299e-06,5.52295826267035e-06,-5.15826232899578e-06,3.83603090056277e-06,-4.04124278158506e-06,5.32244435198083e-06,-3.44884468602384e-06,-2.07315847851446e-06,4.80855107361286e-06,-4.03288875689658e-06,2.80900641587274e-06,-3.8509262392412e-07,-5.39133403279709e-06,1.29621326437175e-05,-1.52205708372622e-05,8.59842100198359e-06,2.14460007043725e-06,-8.14757376972677e-06,5.74587412582458e-06,-6.03944824792714e-07,-1.80892975581717e-06,1.1704170382935e-06,1.02629824491799e-06,-2.22244761136686e-06,-1.40208075425381e-06,7.2011901802573e-06,-9.07419381891704e-06,6.87679008564963e-06,-3.0971404323372e-06,-1.35292175351687e-07,2.2982104335044e-06
4.94578790074578e-06,-4.5877358246067e-06,4.30685350788345e-06,-3.29212759230846e-06,5.69857791400977e-07,2.30188463395023e-06,-4.52295592814179e-06,8.95388008277718e-06,-1.41589236632462e-05,1.35599884108303e-05,-8.0048389394289e-06,3.77142603292637e-06,-9.86867314366242e-07,-1.44484814468744e-06,2.56753943564768e-06,-1.49486936174931e-06,-1.53923999239779e-06,2.92675979005308e-06,-8.8922298009186e-07,-1.5215334739127e-07,-1.27864970352399e-06,1.88526613944041e-06,-4.56302096281906e-06,0.000123889929911023,-0.000719660979785024,0.00151631226505892,-0.00140219843199666,0.000563876019053223,-8.15325684000116e-05,6.58366232534353e-06,-4.14045501061362e-06,6.22256103381871e-07,2.38052677993383e-06,-8.71642784584209e-07,-2.04694733401023e-06,2.91970878590897e-06,-4.06881001371884e-06,5.7925575906038e-06,-6.47150244476903e-06,3.77565852935011e-06,1.26880365180983e-06,-2.78592667719621e-06,1.09572213542495e-06,-7.98829918028731e-07,7.98055009143716e-07,2.81384004765779e-06,-8.71269572390114e-06,1.06046197007545e-05,-6.53167523764152e-06,-1.46018790143471e-06,6.93003274811066e-06,-3.56963521582411e-06,-2.76456084379705e-06,2.39551794772865e-06,3.90258776703867e-06,-9.06937569582995e-06,9.22617570366178e-06,-3.13966890726929e-06,-5.36590273233123e-06,8.6047068628865e-06,-5.86996483891976e-06,2.51221984910584e-06,1.85060859656225e-09,-3.09288265675949e-06
-2.19925770532196e-06,2.09752927633824e-06,-4.49667585589889e-06,4.95282898956134e-06,-3.11259867707015e-06,3.47157547427078e-07,3.08477262054088e-06,-1.01191558501065e-05,1.5582779620917e-05,-1.5263907131667e-05,9.3341755162432e-06,-3.61486034843234e-06,-1.28713849426835e-06,3.04627682916928e-06,-2.08718737536117e-06,4.19866260594429e-07,-1.99523702878795e-07,9.96197887220092e-07,-8.41324279346677e-07,-9.21035830680979e-07,2.34764066230431e-06,-1.01198800086426e-06,3.82748959296202e-05,-0.00144733684263676,0.0084379756178261,-0.017768427692204,0.0164051416146793,-0.00655483432220978,0.000893606063090397,-1.66356629771618e-05,2.3281813248026e-06,9.66412834039766e-07,-4.63036463697864e-06,5.79491295421549e-06,-5.77803590919763e-06,3.64471403371166e-06,1.93371566032112e-06,-5.31982216513517e-06,4.93615049954564e-06,-2.54914215256502e-06,4.46370395865321e-07,-1.78221645837301e-07,1.3107818181853e-06,2.2795817736232e-07,-2.25859384775738e-06,9.63279582546273e-07,1.81907752405593e-06,-1.2742915601399e-06,8.36057858963433e-07,-9.58969960177469e-07,3.33626333869588e-07,-3.64737241412259e-06,8.71810527730131e-06,-7.26675014921132e-06,-9.27535849800905e-07,8.11490879739653e-06,-9.69742879084476e-06,4.18630073202933e-06,3.96426382713588e-06,-7.08990161632354e-06,3.9073798208713e-06,-1.65539952980878e-06,4.4411613791555e-07,1.18195055092698e-06
-2.27135891182092e-06,1.14170868408251e-06,4.48471937850292e-06,-5.40323445603059e-06,4.90025364615503e-06,-2.62788494788304e-06,8.41844770818959e-07,6.10155740962508e-06,-1.02224140391466e-05,1.23708133144599e-05,-7.86619617920269e-06,2.43589297560911e-06,3.21812760337864e-06,-3.33779750395336e-06,2.630613022861e-06,-1.263223453251e-06,2.1817009749727e-06,-3.75942528850548e-06,1.57183785851821e-06,1.76973644275701e-06,-4.51711793342702e-06,2.45164819633612e-06,-0.000127493164546258,0.00478763779724768,-0.0278817306634289,0.0586461089511306,-0.0540787181395426,0.0215742289235824,-0.00292828547944443,4.49637711502608e-05,-2.23111031687051e-06,-6.8742733111004e-07,4.63357934419001e-06,-5.58203600409223e-06,7.0126591755056e-06,-4.43859330350698e-06,-3.7135279342326e-06,6.53598905378874e-06,-4.76426020231541e-06,1.85572072956483e-06,-1.42008948804222e-06,1.02778524453716e-06,-1.83003839389611e-06,1.58689231548239e-07,8.13219830395648e-07,-2.77010931790645e-07,8.24660936465881e-07,-5.03229101035995e-06,4.30138237262159e-06,1.62514716452635e-06,-6.39338273632635e-06,1.05043908917376e-05,-1.31851295055686e-05,1.13334042775525e-05,-4.83875231299842e-06,-1.80731389714649e-07,2.11669757618164e-06,1.15187856728448e-06,-5.19543050318295e-06,5.86572619020679e-06,-1.88645364394878e-06,1.96499353659768e-06,-2.15652889098953e-06,3.05917179397437e-06
1.34582223340184e-06,8.04833678888858e-07,-6.8991231170609e-06,6.08069876958198e-06,-5.362368070524e-06,3.83477034689161e-06,-4.96500354451104e-06,1.09711018152561e-06,5.43404824811244e-07,-5.5349231036575e-06,4.92855344136518e-06,-2.00860331982244e-06,-2.40224552607254e-06,1.12429124756886e-06,-2.52430164677348e-06,3.39881734181953e-06,-4.08583122214279e-06,4.01972542131955e-06,-5.82559482660313e-07,-2.47700960742066e-06,5.80221958069776e-06,-3.74228684074315e-06,0.000173676106208069,-0.00650437214746548,0.0378413602849047,-0.0795067093542926,0.0732322528390174,-0.0291843592384908,0.00395725314671229,-5.98053914468315e-05,4.43143893216803e-06,-3.92228530703311e-06,1.44597677097669e-06,-1.78704366620726e-06,-1.4385088524182e-06,1.54656205128473e-06,5.23194393276536e-06,-6.71101665728965e-06,5.12970491512582e-06,-2.55721613134918e-06,2.04437751504319e-06,-9.17425417287787e-07,1.95828383389891e-06,-1.7383475282972e-06,2.70962546970179e-06,-3.11702831329039e-06,6.00167050081682e-07,5.31273212391272e-06,-5.5606319519833e-06,5.11547960075443e-08,5.55822678831804e-06,-1.01948755683229e-05,1.15491931463654e-05,-9.24301879648946e-06,4.87567142936664e-06,-4.75888760521296e-06,5.84671682595655e-06,-7.98316414936037e-06,7.99509651752336e-06,-5.8387061249842e-06,3.97843944462345e-07,-7.5325500941644e-07,7.36468609932831e-07,-2.61419477531112e-06
3.92589887953537e-06,-7.30821728879647e-06,1.06996546933676e-05,-7.23756931600889e-06,3.48060001546758e-06,-2.13569754337669e-06,5.42808354646318e-06,-5.89553496724814e-06,5.75661169728917e-06,-2.50017839241619e-07,-3.49119074603572e-06,3.63887816799973e-06,-4.10439075531255e-07,-2.00966426990249e-08,3.08636618953691e-06,-6.3083434421031e-06,6.84111575435385e-06,-4.1002260813299e-06,-3.48907189966857e-07,3.02637365313338e-06,-4.56205810462159e-06,1.78279923769673e-06,-0.000101920495537847,0.00388417050756545,-0.0225884886507272,0.0474188051358228,-0.0436414063984163,0.0173815625534223,-0.00235486233145296,3.24408237399776e-05,-1.62616431695584e-06,5.3802010862658e-06,-7.38245181390574e-06,7.71304721611851e-06,-1.25258374289457e-06,-2.30736381201561e-06,-2.21058167148864e-06,4.24854247442485e-06,-4.35835460353001e-06,3.74972362369302e-06,-3.40668694015847e-06,1.61895163931346e-06,-1.37854454158263e-06,2.68682731684503e-06,-4.80008086467212e-06,4.80594529957296e-06,-1.90402897390241e-06,-3.59935940685472e-06,5.04010876709407e-06,-1.72733226720929e-06,-2.29084367244144e-06,6.45915586145141e-06,-7.52146636818167e-06,4.20364561808432e-06,-5.99977854124495e-07,3.51984296417373e-06,-7.98859463399006e-06,1.04500562469381e-05,-9.66470785671025e-06,6.72525805885896e-06,-1.38091845521904e-06,2.41429799941727e-07,6.50773474505137e-07,-8.12460709961675e-07
-6.56056143836338e-06,1.07074073910632e-05,-1.16393208912447e-05,6.95645684755457e-06,4.05097827213324e-07,-3.26442231720768e-06,-1.10999508663636e-06,5.3634249110035e-06,-6.47102907207491e-06,3.27923096762872e-06,8.37221586496065e-07,-1.87330940397049e-06,-7.02411832819028e-07,3.20168614189482e-06,-6.31049651404124e-06,9.02301366329594e-06,-8.40156464540178e-06,4.25061803285818e-06,-6.7367788953854e-08,-2.67120285651879e-06,3.82285529018599e-06,-1.12066492800352e-06,2.1014006940566e-05,-0.000888528382325492,0.00518165493584657,-0.0108797033679505,0.0100175299829886,-0.00399413499198271,0.000539313486029547,-2.07309223256486e-06,-3.05903758927018e-06,-2.46664462193293e-06,7.17363874445058e-06,-6.45262784481292e-06,-1.46667600568837e-06,5.60542604942298e-06,-1.6660176990177e-06,-1.70873636672281e-06,2.48776354109907e-06,-2.65008776409101e-06,3.36030443782434e-06,-2.25942458018395e-06,3.81866267086636e-07,-2.09811305608166e-06,5.49444032519217e-06,-6.05682213414457e-06,3.18984893288944e-06,2.48334350668373e-06,-4.95543275799796e-06,2.26710801744974e-06,1.16103266611843e-06,-4.5042464916356e-06,4.92650606660868e-06,-5.80902134831977e-07,-2.79396519748851e-06,5.74807503217435e-08,4.76636209942815e-06,-7.82408437780078e-06,8.6471654814884e-06,-7.15722828042802e-06,3.9700099890524e-06,-2.69866354158845e-06,1.88361062203153e-06,1.03170836868089e-06
4.37079127141514e-06,-8.25252512077913e-06,9.3773086758757e-06,-5.62567359819126e-06,-2.67798049970552e-06,7.04360458082373e-06,-3.43913826870617e-06,-1.53321469242783e-06,3.3441919165798e-06,-2.95178880964827e-06,2.71536231672715e-06,-4.10550701434347e-06,5.74961683385201e-06,-6.72580305225935e-06,7.43059058376008e-06,-7.07419156148484e-06,5.00074046330569e-06,-2.26167919219546e-06,8.43821738734729e-07,1.24352029502463e-06,-4.61513079918187e-06,3.86060968256264e-06,-5.4436674994423e-07,3.72332240778383e-05,-0.000227815254675871,0.000483088061173701,-0.000450169422426947,0.000181533414287288,-2.09852528782994e-05,-5.92604667593508e-06,4.45723154863742e-06,-3.19137244402145e-07,-3.62885511666721e-06,3.03516525353713e-06,2.86205153519139e-06,-6.08908930121342e-06,2.81280412875539e-06,1.13384506448669e-06,-1.66547493288271e-06,1.16245784130797e-07,-8.76627610350866e-08,7.00144824971687e-07,4.52338839052887e-08,1.70084748482207e-06,-6.54186595985676e-06,8.79273028452824e-06,-5.43882414226587e-06,-1.27512583168213e-06,4.32088159243667e-06,-1.75183252979984e-06,-1.64957377290469e-06,4.11861398592349e-06,-3.41698719015822e-06,8.58514300342664e-08,1.45259048384121e-06,-1.09590594745353e-06,-4.47819737410646e-07,4.03795077812605e-06,-7.3155857100489e-06,6.37398046659587e-06,-2.79602471552224e-06,1.67670723259101e-06,-2.71025508865692e-06,7.23757220486462e-07
-2.7911264215388e-06,6.38657399567206e-06,-7.54371514420578e-06,3.44679606984212e-06,3.21616493636561e-06,-5.76853549928379e-06,3.13676504314311e-06,-8.03295968697193e-08,-8.36390259784128e-07,1.34219626305103e-06,-3.97049639868808e-06,7.96396448990367e-06,-9.27347505949011e-06,7.37021238225395e-06,-4.72710098749653e-06,2.34814240087297e-06,-3.90265905335947e-07,-3.60505041605248e-07,-8.05628940794826e-07,-6.8063130183852e-08,4.48519533357827e-06,-4.4785758927014e-06,-4.70946549129604e-07,2.75804636152957e-06,-3.45949361917061e-06,4.81093813820618e-06,-4.67844305176102e-06,4.92098554070901e-06,-6.08526575178013e-06,5.37911842590205e-06,-3.25871706740811e-06,5.51863495199406e-07,2.20738451962287e-06,-2.61477092585916e-06,-9.14177555634779e-07,4.13073105895213e-06,-2.46181913432023e-06,-8.93957847246455e-07,6.20656191141738e-07,2.88336935760303e-06,-4.36549975272542e-06,2.24852031155332e-06,-6.59681372865159e-07,-5.30820573379431e-07,5.18824120628784e-06,-9.16566248949161e-06,6.80248979635364e-06,-4.98947938996016e-07,-3.24744111682893e-06,2.1458390854794e-06,8.58976524083164e-07,-2.80359627233804e-06,1.75406425003517e-06,-1.71244515592713e-06,4.01835313832055e-06,-1.92176432787928e-06,-1.42532753975497e-06,-1.94985775783779e-06,6.67028548460183e-06,-3.96543899543197e-06,-2.49210619078428e-06,4.20476618670504e-06,-1.31403088142381e-06,1.933679680016e-07
3.26645972687868e-06,-5.98246065625233e-06,5.44267054115667e-06,1.49842369812007e-08,-4.03127450443379e-06,2.92142202690564e-06,-8.53868886618342e-08,-8.65486220474392e-07,6.47415840172575e-07,-1.67278929230153e-06,4.75655085481042e-06,-9.07358336468286e-06,1.08546596797124e-05,-8.07495676114435e-06,3.89448283543982e-06,-7.59002770577014e-07,-1.5454968109071e-06,2.21081861135281e-06,-1.91448015898508e-07,-1.02281114159315e-06,-1.17062736046631e-06,5.41100635873193e-07,3.77921597936158e-06,-4.66106795493444e-06,-4.73414760572785e-07,7.14043765391625e-06,-5.5376918828663e-06,-2.33438645352161e-06,4.44328584848662e-06,-8.40664456330155e-07,-1.6683546387419e-06,2.32376084667524e-06,-3.26221796177559e-06,3.49105102415075e-06,-3.54673091951214e-07,-3.34522467845797e-06,3.04629670236425e-06,-1.02833547604661e-06,2.27081546092384e-06,-6.20839893544765e-06,7.95663323534868e-06,-5.57839827493434e-06,2.84682205429788e-06,-1.86946297121575e-06,-1.00266780979461e-06,4.65897523061812e-06,-4.92596223376743e-06,1.14732622470301e-06,4.07386519018165e-06,-5.96057397497599e-06,4.06145808194057e-06,-2.00870087350373e-06,1.75967437624076e-06,1.09763840533701e-06,-6.11943309531251e-06,3.49855876660718e-06,2.28399760095158e-06,8.49548634354292e-08,-4.24709505761894e-06,1.10616250435032e-06,4.58042564642698e-06,-5.91309402311952e-06,3.88496502412575e-06,-2.32254795857202e-06
-1.82361892614088e-06,2.75407106577286e-06,-1.21482399520269e-06,-2.60326443747549e-06,3.87748621341788e-06,-2.05714098813092e-06,2.17142694892414e-07,-6.3619948428817e-07,1.00994917084315e-06,1.6046042018607e-06,-4.76473846331022e-06,7.34104154686183e-06,-8.91432004823766e-06,7.51990874259477e-06,-4.07832300278895e-06,-2.14267468016338e-07,3.86890661689544e-06,-4.59183970062886e-06,2.48341348051287e-06,1.94619474481072e-07,-1.07829713798228e-06,1.79145525424115e-06,-3.39542749969509e-06,3.34943038270971e-06,8.8034222438679e-07,-6.29778495078062e-06,3.65370022776634e-06,3.87919905190435e-06,-3.7590160249925e-06,-2.76149180889155e-06,6.16066346035993e-06,-4.47796514664946e-06,3.48832163559629e-06,-3.86229883070251e-06,1.1074974041072e-06,2.76022891601093e-06,-4.1789794084891e-06,3.70511934535488e-06,-3.79550192448807e-06,5.72032184051777e-06,-7.60806617424523e-06,7.03359260380213e-06,-4.4824245956967e-06,1.92861229590993e-06,8.22469156567212e-08,-8.4940741754164e-07,1.42837140383566e-06,-4.05863452258875e-07,-4.7605744490755e-06,8.86473358247794e-06,-8.37609677893132e-06,5.72014530838911e-06,-3.28433563915226e-06,-2.18953986660221e-07,4.04815765232068e-06,-1.64466740711576e-06,-3.11496292812068e-06,2.24796064693642e-06,-4.9020016380983e-07,1.82795269393883e-06,-2.98322284628176e-06,2.69745223771211e-06,-2.2877799802624e-06,1.78142346005509e-06
-9.81691020510026e-07,1.64320801779915e-06,-2.91958314139925e-06,2.41998651850496e-06,-6.51927834671529e-07,3.59500871165066e-07,-1.09022575150812e-06,3.29090410174821e-06,-4.8173861137823e-06,1.45213793349464e-06,2.52460656087443e-06,-3.63792126169673e-06,4.21585195850481e-06,-4.20727861401089e-06,1.71976869205973e-06,3.52849130431211e-06,-7.46951707030816e-06,7.02481195771207e-06,-4.89776956984358e-06,2.67083271411106e-06,-5.42991631196162e-07,1.4039670367346e-07,-5.80965354196206e-07,4.38628434794056e-07,-2.2831801062552e-06,5.25155551372875e-06,-1.81789445948596e-06,-6.09304195990672e-06,7.2578729868383e-06,-4.80183423143366e-07,-5.09493727677023e-06,4.80705369866474e-06,-4.60706126437701e-06,5.5152537465768e-06,-2.50015323868572e-06,-2.05329217773708e-06,5.25712524818086e-06,-5.83922810898997e-06,3.49460881292542e-06,-1.97615979733908e-06,3.33381212708471e-06,-4.64139542799216e-06,3.34603025165453e-06,-6.49230826974835e-07,-8.1090145297888e-07,-2.63010142853125e-07,7.02762850541238e-07,2.9621790796314e-08,2.631755061956e-06,-6.13386596503949e-06,5.84727542137093e-06,-3.20328427474702e-06,7.90143570731671e-07,1.01606826496802e-06,-1.95115626076634e-06,1.90531832980656e-07,2.18126678837607e-06,-3.02332916298192e-06,4.48353564516848e-06,-4.62649943772022e-06,2.12904752735931e-06,-3.85251766197329e-07,-1.15544542370518e-07,6.86400803640125e-07
1.14671655581657e-06,-3.28625042899111e-06,4.44812542942905e-06,2.35954997310642e-07,-5.81487258556553e-06,6.00975674994487e-06,-2.78206624129728e-06,-2.0094909076424e-06,5.67497678861249e-06,-3.18366925419387e-06,-1.38163379525767e-06,1.99723722203837e-06,-9.5861545645073e-07,1.05356050213285e-06,5.39533782555445e-08,-4.369854727329e-06,7.32828796930143e-06,-5.30400930582907e-06,2.25328376165903e-06,-4.00157885991586e-07,-5.82028141192568e-07,-7.19738195760966e-07,1.47820748833149e-06,4.15465082165774e-07,-6.59470276683107e-07,-1.37652361299008e-06,-4.52259860589375e-07,6.58668415996972e-06,-8.89079352612085e-06,4.26053899079313e-06,1.78397168040648e-06,-4.62251244815587e-06,6.34819105814425e-06,-6.05318068748415e-06,9.86622315935832e-07,4.32307870063039e-06,-6.934875789377e-06,6.33621640726925e-06,-1.89124687241197e-06,-2.14836678209082e-06,1.61178263239941e-06,7.19261641027999e-07,-1.49116263946088e-06,1.6667967561295e-06,-2.04885671126661e-06,2.31386387681444e-06,-1.41335740328765e-06,-4.38922124790244e-07,-3.68439450069805e-07,1.89317961798192e-06,-3.3431404943602e-07,-9.47214681162654e-07,9.71091216461103e-08,6.9647865915117e-07,-1.75158075655469e-07,-8.32936623240757e-07,7.71305250769619e-07,8.2510063770024e-07,-3.82404538910242e-06,4.60552523832025e-06,-2.48740802382876e-06,1.42281638673168e-06,-5.22252428440781e-07,-6.82934015868544e-07
2.9383617222419e-06,2.61363422954066e-07,-2.46439809671787e-06,-3.46801515806893e-06,1.14509373628359e-05,-1.23084232079554e-05,7.47087144304073e-06,-1.87080606944272e-06,-2.06874937278209e-06,1.60203185776128e-06,1.38775291323811e-06,-6.64571100619639e-07,-2.2098730702504e-06,1.04805339559614e-06,1.27155359713286e-06,1.00650653177514e-06,-3.41090446057798e-06,5.78768538711651e-07,3.94682342996929e-06,-6.53552080002393e-06,5.24803131076218e-06,-1.01501328101751e-06,7.24407294971843e-07,-4.07646189594054e-06,3.00743579318321e-06,9.92334919537752e-07,2.35640908396736e-07,-5.32883746735576e-06,6.8575579942176e-06,-3.95847120939035e-06,3.27442801140151e-09,2.70037812006875e-06,-3.37694445853531e-06,6.76971125860847e-07,4.93484605436188e-06,-8.66377482184333e-06,8.08073600082514e-06,-4.2433243149374e-06,-2.02019350155877e-06,7.00757558784571e-06,-6.47190033800609e-06,2.8809152625474e-06,-3.38696774851857e-07,-1.51161218386225e-06,3.61425308419176e-06,-4.23230655690373e-06,2.35721874403939e-06,-5.73529259521589e-07,1.504101185037e-06,-8.27642689910749e-07,-3.31732318060198e-06,3.77710281194305e-06,1.89441919163318e-07,-2.69938237583904e-06,1.25429987745194e-06,2.17574408142277e-06,-3.49872716160699e-06,2.43976804276688e-06,-1.0371291954388e-07,-1.95300275497592e-06,2.84781488020701e-06,-3.68183903460707e-06,3.29437429355788e-06,-2.82720210992971e-06
-6.63863804051199e-06,3.74564457281062e-06,-2.57668679064063e-07,3.75530030244853e-06,-9.77029346804663e-06,9.96709566210536e-06,-5.56448355381503e-06,2.58786256026292e-06,-8.31141112284597e-07,-4.59411535162047e-07,3.37964410472128e-07,-3.01742662002712e-06,5.90757816127614e-06,-1.60564337282072e-06,-3.57122383104399e-06,1.14044423695639e-06,2.73334229882183e-06,-7.10127764087129e-07,-5.03975250359462e-06,9.58281629405983e-06,-7.61246908252381e-06,1.91924019031896e-06,-2.26169359530479e-06,6.22923228520368e-06,-5.98716799578453e-06,5.45627578810716e-06,-7.80172085390545e-06,7.81620687019658e-06,-4.3467500667792e-06,1.20043218373286e-06,2.78187873736111e-07,-1.95898784733825e-07,-2.16361068409252e-06,6.0108281776595e-06,-8.85425178444545e-06,8.86902917886675e-06,-5.82594249485666e-06,9.82381268451819e-07,4.57798496551933e-06,-9.05867025614093e-06,9.22153750465285e-06,-5.60197011279804e-06,3.18520781997392e-06,-2.78833803639748e-06,7.42980471892819e-08,3.56619140675661e-06,-4.14297078943335e-06,4.38256851275394e-06,-5.67907405416609e-06,2.29361657994901e-06,5.03544523474237e-06,-6.82781679667421e-06,2.4177371013844e-06,1.31593690493786e-06,-1.41982250535807e-06,-9.41769068851795e-07,3.0478105942182e-06,-3.95402359570099e-06,3.33881540864824e-06,-1.31462721842207e-06,-8.07031082694977e-07,1.85650398599345e-06,-2.29665608315158e-06,4.47276520172859e-06
5.56452212285378e-06,-2.49374143822034e-06,-1.16470404025453e-06,3.68655581712763e-07,2.02060103237176e-06,-2.04506286308958e-06,1.66147555648921e-07,-6.36590276466555e-08,9.41449530499893e-07,-4.94391224739197e-07,-1.34061110853351e-06,5.97003347591818e-06,-7.82725867169687e-06,2.00033873419319e-06,2.36105516500102e-06,9.31491496879008e-07,-4.32553817242815e-06,2.3387408409043e-06,3.21346507376288e-06,-8.49722555856138e-06,7.76759627050893e-06,-3.21668088444697e-06,3.35555793209531e-06,-5.79154341818027e-06,5.66214485268164e-06,-7.7060269037258e-06,1.03209023589864e-05,-6.17650263973404e-06,-6.76759292306668e-07,3.40218225374417e-06,-2.41905588620105e-06,-4.74452383062852e-08,3.48693530508911e-06,-6.41020744297576e-06,6.49073348653707e-06,-4.0640065551621e-06,1.30584065506129e-06,6.87489290901399e-07,-2.88138275239459e-06,6.08672372096749e-06,-7.33397434520645e-06,4.94429785701269e-06,-3.7619616231299e-06,5.14253360603759e-06,-3.24352364066609e-06,-1.8806970942726e-06,5.09791827808579e-06,-7.33218983991449e-06,8.5396929270089e-06,-4.24542631287322e-06,-2.91821017216024e-06,5.51519720197054e-06,-3.25123894800557e-06,6.66934343205319e-08,1.84347828512102e-06,-9.69046756631096e-07,-2.46764971956866e-06,5.72804901851112e-06,-6.53205016649606e-06,5.1110637822375e-06,-3.07129753984101e-06,2.30121782880295e-06,-1.04808894204187e-06,-2.99810457597272e-06
-2.80139317391358e-06,-1.29014860241197e-06,3.72988070215233e-06,-3.10560682583865e-06,2.40285448702929e-06,-2.03734092695612e-06,1.49849276941458e-06,-2.07721270164378e-07,-1.5784779725581e-06,2.22488028224239e-06,1.75066984108321e-07,-5.32460374785435e-06,7.26923544166345e-06,-4.2282087215939e-06,2.4371776545552e-06,-3.06341490522203e-06,1.99930921298951e-06,7.26871372868673e-07,-3.89159717974704e-06,6.85966607229174e-06,-6.6471571096701e-06,4.04445261079746e-06,-3.35285494718436e-06,3.91964563550679e-06,-4.83075695639387e-06,8.11290958165051e-06,-8.47337059865382e-06,9.06297732611478e-07,6.62766195177552e-06,-7.88833617068005e-06,5.724569516806e-06,-3.11249663222525e-06,2.67415018924896e-07,2.74230090854876e-06,-3.77591351423356e-06,1.51673472677338e-06,8.92132164059231e-07,-7.60006877460323e-07,5.08162521760721e-07,-2.43000181793061e-06,3.05963714975434e-06,-8.72408807342492e-07,1.62502402753962e-07,-1.79166887257542e-06,1.54741817507615e-06,1.90622912674283e-06,-4.6025284782482e-06,6.10810722656201e-06,-6.52103181867523e-06,3.4048538450755e-06,-6.78751277151643e-07,1.30854919444781e-06,-1.76296005143602e-06,1.97943068987604e-06,-3.02942824595794e-06,1.66688987394267e-06,2.38291806015465e-06,-5.37603297968133e-06,6.27669402433073e-06,-5.80313361116812e-06,4.31921386884195e-06,-2.90227406879586e-06,4.56957394321218e-07,2.94374260427262e-06
2.62210018172539e-06,1.81460961917474e-06,-3.49740854060709e-06,2.13036601730317e-06,-1.71650078942109e-06,2.50932474973394e-06,-1.216867768929e-06,-1.50367647764509e-06,2.95765569830632e-06,-2.86967330131537e-06,1.62049879771335e-06,5.87314591033788e-07,-2.21704161974074e-06,3.36960547063529e-06,-3.88069320306035e-06,1.22246352525156e-06,2.18631917820149e-06,-3.01164059943311e-06,4.31061306175119e-06,-6.33777080040798e-06,5.2341617085561e-06,-2.21745026457384e-06,1.4652843360612e-07,3.71739989870199e-07,7.61954966651699e-07,-1.67776642666639e-06,-1.17552642162951e-07,4.77941713932779e-06,-8.35738541908556e-06,8.29778674216952e-06,-6.53910658535934e-06,5.22906062381382e-06,-3.59809459591115e-06,-1.50401862461997e-07,3.31816661402132e-06,-2.06346249132437e-06,-8.13377827748457e-07,1.08822375975339e-06,-6.94029757972274e-07,1.75602130719727e-06,-9.17658186943189e-07,-1.63615280077678e-06,2.42124863637935e-06,-1.96548768790458e-06,2.19855127372435e-06,-3.60226454533284e-06,3.19066492620513e-06,-1.73416476504479e-06,1.05964117347551e-06,9.88204431435033e-07,9.52856103326437e-08,-5.18811483209795e-06,6.40737168483989e-06,-4.92679379553269e-06,5.2918378357438e-06,-4.57992757766628e-06,2.5032722307912e-06,-1.73685083265841e-06,3.58187842841422e-07,2.24658568066834e-06,-3.3852875397297e-06,1.64349648507424e-06,2.33272982871335e-06,-4.85276220247483e-06
-4.68247955586999e-06,9.8467061682503e-08,2.64181422684948e-06,-1.89552026898543e-06,1.15199975274631e-06,-2.37608920636038e-06,9.54134791924808e-07,2.47052422557279e-06,-3.20542495615623e-06,2.42482961295004e-06,-3.19536621420672e-06,4.45871820219028e-06,-4.22808954430586e-06,2.0155923415157e-06,-4.92190803647195e-07,3.02877052544467e-06,-5.1100396852959e-06,3.70487949374505e-06,-4.86427262608417e-06,7.90389201160312e-06,-5.85701548514982e-06,5.4595520389749e-07,3.54620362848032e-06,-5.2050863717727e-06,4.45815773464844e-06,-4.49206818027e-06,4.88995283457114e-06,-4.21425578585904e-06,4.36939326909343e-06,-4.87404670443897e-06,4.44875151058885e-06,-4.95446640473041e-06,5.24329576663232e-06,-1.99551348916034e-06,-1.23134341929937e-06,4.81125166203163e-07,1.17767425406884e-06,-1.01864327954961e-06,1.64717684291953e-06,-3.26982330777594e-06,2.23347343184559e-06,-6.23145896678019e-07,5.01040882147731e-07,8.04602720182321e-07,-2.94974268806716e-06,3.42891251398787e-06,-3.36741142076511e-07,-3.01755726745231e-06,3.42544072954401e-06,-3.79570706722661e-06,1.25973801163324e-06,5.1357376302693e-06,-7.33682082620299e-06,5.82574959173478e-06,-6.22784281090629e-06,7.26103812215923e-06,-7.7825231954311e-06,7.82761845337905e-06,-4.77785181451283e-06,-4.90610538990343e-07,3.18803995326972e-06,-8.72387427373363e-07,-4.23674057139887e-06,6.99587840014381e-06
7.091328005967e-06,-2.98117946770022e-06,-3.74253939928402e-07,8.30945860947578e-07,4.06678144567365e-07,-1.04870685584672e-06,3.43935320376528e-06,-5.80834642723615e-06,4.09991257375389e-06,-1.55550550716941e-06,2.40252055075056e-06,-4.08415463640008e-06,3.93532962702501e-06,-3.20974785214743e-06,3.27201029905257e-06,-4.83550711398044e-06,6.05894375255301e-06,-5.6587267950975e-06,6.34909035925846e-06,-7.51256085394493e-06,4.99557272570528e-06,1.22904484645914e-07,-4.68089011898752e-06,7.82007593322069e-06,-9.03650275070945e-06,8.31053487945306e-06,-4.39577370107237e-06,-1.52463581480086e-07,7.04372035158507e-07,1.61479628830783e-06,-3.72334855319174e-06,5.88664059974796e-06,-6.26943231451569e-06,2.70556287711709e-06,-2.96512541901079e-07,1.40195961856396e-06,-1.32914379749986e-06,1.18754918408929e-07,-2.33776952200526e-06,5.64215897551914e-06,-5.4850994230944e-06,5.0526845471246e-06,-5.55782943180524e-06,3.47661861368427e-06,-2.60101328179168e-07,-8.45242011301515e-09,-3.53204132399084e-06,6.46813571523082e-06,-5.17879550733946e-06,2.37860370249251e-06,1.15534621637213e-06,-5.88971367478408e-06,7.56108283571926e-06,-5.60953839800111e-06,4.24920785727915e-06,-5.003922081416e-06,6.83757112046352e-06,-6.82592790622274e-06,3.28355161549984e-06,9.63802792022105e-07,-2.18136490012005e-06,-7.23740979107509e-07,5.8087197020398e-06,-8.83183701524615e-06
-7.167025252555e-06,5.10576051526098e-06,-3.15288966084337e-06,2.96986326539323e-06,-4.61980524502966e-06,6.88089270197509e-06,-9.79975263592511e-06,1.01394149551113e-05,-5.64455119248778e-06,3.76111901481357e-07,1.09735033111127e-06,-3.82559618137253e-07,9.24523012468802e-07,-1.27766409132845e-06,3.41938568659762e-07,3.76182913622103e-07,-1.37259789368111e-06,3.21281335992991e-06,-4.2040910716045e-06,3.51584038027795e-06,-1.90860638881e-06,-4.2885038200336e-07,3.79125900592251e-06,-7.09050000412327e-06,7.74149179288227e-06,-4.29139609076228e-06,-9.80397061041587e-07,3.6092383208729e-06,-2.61168630356177e-06,-7.38146572186652e-07,4.52927215714112e-06,-6.32025034837001e-06,4.42095610061263e-06,-1.68907272965205e-07,-1.8576752453582e-06,1.45767058074331e-06,-2.19806529823698e-06,1.81459710733442e-06,3.09971823816352e-06,-8.09565251497879e-06,8.63312149426814e-06,-7.26508053997349e-06,6.52933913494079e-06,-5.14253327074328e-06,2.85973941513981e-06,-2.34885366535443e-06,5.03650976349432e-06,-7.48247924923075e-06,5.93724402090158e-06,-1.88872786108879e-06,-1.60746636405053e-06,4.80731371413922e-06,-6.8970360452013e-06,5.43513537940935e-06,-1.88832334591264e-06,3.52823577430154e-07,-2.25123594794988e-06,3.70686036986645e-06,-2.48149504167565e-06,1.78086541181496e-06,-2.68817549811073e-06,4.12356795231729e-06,-6.30488531172708e-06,7.90303212220699e-06
2.44411655476695e-06,-3.04235893240051e-06,3.5548354514766e-06,-5.48118895716687e-06,7.79496384255888e-06,-9.56946943176707e-06,1.11666521857233e-05,-9.88028895590185e-06,5.28125283000464e-06,4.30590788624085e-07,-3.7999782123028e-06,2.97607584616566e-06,-2.14050003000484e-06,3.2877837293817e-06,-4.32527904540062e-06,4.70089375245733e-06,-4.03358848261792e-06,2.11041691548525e-06,-2.40302260989485e-07,-9.38571859036594e-07,1.45038391464375e-06,6.95649430125496e-08,-3.8121041230259e-06,6.51698307782695e-06,-4.97092000908463e-06,-7.05701846340237e-08,3.63511959888636e-06,-2.72150209121238e-06,2.87085505190399e-07,1.98585578345323e-06,-3.89216758948048e-06,3.66842372260057e-06,-7.45686535046565e-07,-2.72218206091614e-06,5.13968199349022e-06,-7.48886260521001e-06,8.81671138618461e-06,-5.36939402709149e-06,-2.3245775573949e-06,8.29077280484979e-06,-8.59713583629905e-06,4.92495617856696e-06,-2.4661833137115e-06,2.26889441448425e-06,-8.92190048801391e-07,-5.76175545602761e-07,-8.1102367083454e-07,3.61579491350839e-06,-5.34100895810114e-06,5.73364964698548e-06,-4.73250952465838e-06,2.92383757774588e-07,5.12472660696636e-06,-5.53815045174077e-06,1.09150145858231e-06,2.9292153544117e-06,-2.10872762647665e-06,-1.13816666845476e-06,2.8665701519522e-06,-5.37964122169718e-06,7.84856089496376e-06,-7.01010150219111e-06,4.53078018154906e-06,-2.65481440002574e-06
2.99240164751458e-06,-1.0514140121626e-06,-1.59023295563794e-06,5.41430284637108e-06,-7.44079044768342e-06,7.076151267033e-06,-6.41115638397971e-06,4.64910410449912e-06,-2.19366589726583e-06,-1.34514719285706e-06,3.88150627433265e-06,-2.01301322862189e-06,7.26339058819671e-08,-1.81426709613774e-06,4.11252612811305e-06,-3.91257103605361e-06,2.26048327192602e-06,-1.26464012987916e-06,2.24640675289003e-07,1.91630496959894e-06,-2.35954012678448e-06,-1.65968462963389e-06,6.73441661186556e-06,-7.53388134264834e-06,2.92141060248154e-06,3.4354781849088e-06,-5.1499932461409e-06,1.06335650120383e-06,2.54496190344952e-06,-2.70423751103342e-06,1.15461595083672e-06,2.24680482568321e-07,-1.64169976699339e-06,3.74227287496206e-06,-6.68169003168595e-06,1.02613677249878e-05,-1.10675714140998e-05,6.40417943907774e-06,1.20606440918284e-06,-6.60277580544937e-06,5.80391621922946e-06,-2.73470247430977e-07,-2.52796746200502e-06,2.1057840460162e-06,-4.27074534415774e-06,7.16684745019912e-06,-6.68381448676362e-06,2.95890441816772e-06,3.22331839862238e-06,-9.62837494822729e-06,1.1390262270038e-05,-5.54070097633046e-06,-1.97423721724871e-06,3.65904222529302e-06,-2.98542072219117e-07,-3.53404106022003e-06,3.48989585574569e-06,-5.09061104135023e-07,-1.85293740237544e-06,5.26548219100624e-06,-8.0682090920651e-06,6.49630735054878e-06,-2.24581105593799e-06,-2.01138043045222e-06
-4.74368283739402e-06,3.11417353330143e-06,8.86368464785696e-07,-5.41732853243152e-06,5.92090600520263e-06,-2.93031293085975e-06,-6.87773389350183e-08,1.85820404703989e-06,-1.96443725959908e-06,2.46313342912924e-06,-2.42191036289228e-06,-9.50612275330859e-09,1.16233451537333e-06,7.48522902480125e-07,-2.520754865672e-06,1.68813565230461e-06,1.19541516897996e-06,-3.23215304417503e-06,3.01369645630889e-06,-2.17928958588832e-06,-4.28805858384631e-07,5.8184410124551e-06,-8.71209299624066e-06,6.04703208032994e-06,2.3794456693539e-07,-6.4980927154789e-06,7.08864145124863e-06,-1.84003244289782e-06,-2.14822155998629e-06,1.8552159698518e-06,6.86194295586708e-07,-2.02854307896909e-06,1.80064406708298e-06,-2.90065163847723e-06,5.98305694938936e-06,-8.48477497717804e-06,7.43842063285481e-06,-3.45034574044081e-06,-1.86720686085424e-06,6.47314457653531e-06,-5.00048921789041e-06,-1.88630502112657e-06,5.17574752789913e-06,-5.18848175663753e-06,8.11307288754326e-06,-1.14836643192355e-05,1.06773591737496e-05,-5.47040604667561e-06,-2.48988805901007e-06,9.94633794587342e-06,-1.25417626482331e-05,8.9459437692982e-06,-3.64767086975601e-06,9.0297510981126e-07,-3.6690018325605e-07,7.35264464421431e-07,-5.94300838688381e-07,-3.09389936558051e-07,1.4333840511121e-06,-4.19648680961472e-06,6.63258850584621e-06,-5.37079201301695e-06,1.83677322183377e-06,2.52526718833079e-06
4.94888543470257e-06,-3.99300665393683e-06,-6.21151508644383e-07,5.59184183165479e-06,-5.30168123277054e-06,1.46083282927509e-06,2.03616071798733e-06,-4.21701060479282e-06,3.83483936218213e-06,-1.64571021713785e-06,-7.54722413385354e-07,2.01987594110382e-06,-1.37522687260391e-06,-3.10562121363202e-08,9.45357345148763e-07,-1.45093364878754e-06,3.57999108031714e-07,1.67882492574565e-06,-9.21431991634018e-07,-1.96008117963052e-06,5.1365963631049e-06,-7.37840983463532e-06,5.27952618169025e-06,-1.84082251921699e-07,-5.49081266420142e-06,1.03025617856093e-05,-9.39912057227706e-06,4.00815645427627e-06,-7.4767276543214e-07,2.52558637824112e-09,-7.63602015544528e-07,1.55924578647357e-06,-7.47983790586607e-07,1.04672310136591e-06,-4.28507940448898e-06,6.49171521213253e-06,-4.55154928072221e-06,1.49338789430055e-06,2.12028602121663e-06,-6.66172165078494e-06,6.14260893918975e-06,1.08859357681319e-07,-4.19430318053418e-06,5.3880742771172e-06,-7.56915114518911e-06,9.81476013211426e-06,-8.81014452640798e-06,3.91600201686421e-06,2.46999810795151e-06,-7.80315542518468e-06,1.04908430133891e-05,-1.02834930623103e-05,7.33438618701294e-06,-2.76417999855361e-06,-5.77663543331694e-07,1.70814465970061e-06,-1.93868894404325e-06,2.3371324132396e-06,-3.44730095770118e-06,6.05776555709986e-06,-8.57009839196764e-06,7.02640881333818e-06,-2.44369683307114e-06,-2.23679212614419e-06
-4.60190076029811e-06,3.62683932245441e-06,1.28562104050354e-06,-6.3406949355927e-06,5.67320154505173e-06,-2.40289261483152e-06,3.5352108856928e-07,2.07136511432639e-06,-2.60807150845943e-06,-1.14980542598526e-06,4.56991851388998e-06,-3.88769433783625e-06,1.75547885441485e-06,-7.54856962128123e-07,2.79791457853676e-07,1.64071385085879e-06,-4.26104661409507e-06,5.04055882711394e-06,-5.56893980349464e-06,6.39208659316919e-06,-5.75825533694169e-06,3.43732952289809e-06,6.45803287036205e-07,-4.17705415435764e-06,7.02696773162446e-06,-9.08315080907652e-06,6.69150655390503e-06,-3.72105239377533e-06,4.33470631070985e-06,-3.86336859406907e-06,1.89475917075105e-06,-7.4509095109763e-07,-9.17682261005976e-07,1.24998986579927e-06,2.757712848874e-06,-6.18091559052747e-06,4.42248506815085e-06,-2.16713980093848e-06,1.06603766309086e-06,1.60176987170843e-06,-3.32329869624487e-06,1.68472837233884e-06,4.60804182454481e-07,-1.60959678853368e-06,3.09251022970351e-06,-5.11030525368693e-06,5.07175608593892e-06,-1.54901515995911e-06,-3.7654644122101e-06,8.1254193229867e-06,-9.8314884469162e-06,9.88089898330042e-06,-6.64375217482121e-06,3.31303967149677e-07,2.16029566089204e-06,-8.4232711238534e-07,1.47916839019848e-06,-4.06787526120506e-06,6.3059430069569e-06,-8.67627310169528e-06,1.10377131066059e-05,-9.0917546886968e-06,2.86816080770604e-06,2.38051983822442e-06
2.46314216041322e-06,-4.42177348092646e-07,-4.7822707218476e-06,8.90384160094842e-06,-7.32739882905599e-06,3.73463297851939e-06,-1.3780427716321e-06,-1.51924786470147e-06,2.19831353041411e-06,1.78969819578984e-06,-4.93665661990441e-06,4.37190564161635e-06,-2.67026050772304e-06,9.75726761560314e-07,3.16203657017277e-08,-1.32006875504213e-06,4.26399796856148e-06,-6.26683462491819e-06,6.67258300376516e-06,-6.05979011092644e-06,3.33423794919356e-06,-4.12903011041542e-07,-1.13043651635349e-06,1.6659290976054e-06,-3.08889962709957e-06,4.2626334576549e-06,-1.80019142911734e-06,1.11760653403177e-06,-5.36484984018006e-06,7.61583120719178e-06,-4.9301964595775e-06,7.53897007086165e-07,3.06455687674441e-06,-3.85247303634332e-06,-1.10416185821512e-06,5.39807178763294e-06,-3.88504500274238e-06,2.7581998370908e-06,-4.9948565772798e-06,5.46971231327497e-06,-2.91322988692907e-06,6.59228963864026e-07,1.30477731322617e-06,-3.45834158341097e-06,2.38870941429237e-06,1.66474756116677e-06,-2.58574973024573e-06,-1.63026546058896e-06,7.76636418447906e-06,-1.14342444544113e-05,1.0879776892926e-05,-9.62444831535839e-06,5.95309894724048e-06,1.05220219479101e-06,-2.45263079567115e-06,-8.38826468046145e-07,-5.1527808710965e-07,4.98490291830974e-06,-6.96547893466402e-06,7.85155420006123e-06,-9.48653148215407e-06,7.94774911731126e-06,-2.53938432674624e-06,-1.56266203057815e-06
2.47338074854658e-07,-3.54969205797285e-06,8.34882020272118e-06,-1.06424138882911e-05,9.00596699364613e-06,-5.71208696152421e-06,1.38687273897368e-06,3.45917121124388e-06,-4.95416782192028e-06,2.32414296075567e-06,2.51947750124765e-07,-1.79549669848803e-06,2.36551636983844e-06,-7.6081893235757e-07,-3.64947125575509e-07,-3.12241013757691e-07,3.63362646430761e-08,1.5610009433724e-06,-3.38612325135307e-06,3.66074749257397e-06,-1.39567171280775e-06,8.14567942022413e-07,-2.60138554804363e-06,2.87998202574773e-06,-7.50953466764378e-07,-9.76439853822505e-07,-4.06625430629097e-07,9.63362102273578e-07,3.26689502606952e-06,-8.30386656776577e-06,7.51974440151427e-06,-2.14910111507552e-06,-2.5191028155985e-06,3.60636958157015e-06,9.37354825172252e-08,-3.49812756330424e-06,2.37352061631371e-06,-1.76432578132008e-06,4.94337274883252e-06,-7.13137180393232e-06,6.39889426764297e-06,-4.95463343111002e-06,7.85271632073247e-07,5.75269592401975e-06,-6.57052917523233e-06,1.44177952037206e-06,4.92477106404786e-08,3.79722739763583e-06,-8.49426889855707e-06,1.10129002413228e-05,-1.01879254146279e-05,8.9265979112351e-06,-6.44803530730807e-06,1.11741746488519e-06,3.05175933532326e-07,2.5809906424723e-06,-1.28948486772887e-06,-3.44698568898567e-06,4.71787858807036e-06,-4.50006086398179e-06,5.89078173782478e-06,-5.11660500177382e-06,1.911193561117e-06,1.52197042095031e-07
-1.63000266223992e-06,4.70772735754858e-06,-8.15716333838368e-06,8.85269023343403e-06,-7.92545490285502e-06,6.60723708478634e-06,-2.78031390503337e-06,-2.91577552078304e-06,6.16694395380151e-06,-6.36784674730492e-06,5.9263052951019e-06,-4.1610520965863e-06,1.39022872767666e-06,-7.45723309627393e-07,1.0008973153628e-06,6.78940975917441e-07,-2.2394779904832e-06,7.71085641730342e-07,2.49165108950311e-06,-2.96853935597183e-06,-1.10522203793843e-07,-3.80769838471267e-08,3.06237984431526e-06,-2.61781889552849e-06,1.83815036350176e-07,7.47000900161768e-07,-2.01242943128378e-07,2.75413055491956e-07,-3.35617593396882e-06,8.04569491632742e-06,-8.13040595396819e-06,4.05160926420781e-06,-1.37964647991416e-06,3.11873619765511e-07,-9.82559824444119e-07,2.52473910968e-06,-1.21868941229979e-06,-7.64663488487269e-07,-1.12715867572821e-06,4.00207272197827e-06,-5.28916171435933e-06,5.91288693825261e-06,-2.5734583840681e-06,-5.21161280931498e-06,8.36480069412475e-06,-5.00962235083612e-06,3.54053628240794e-06,-4.25693201709384e-06,4.31570856949692e-06,-5.42712078130428e-06,6.35302896337968e-06,-5.86182393800541e-06,4.80425980125631e-06,-2.47982620905161e-06,1.5417108597411e-06,-3.6986176068836e-06,3.61365831446652e-06,-2.88956115046405e-07,-5.76382494169947e-07,6.5778767961644e-07,-2.49811453840045e-06,2.49711353315129e-06,-1.37377927368102e-06,9.83800642172089e-07
4.24866310808671e-06,-4.88891383585391e-06,5.81851032982592e-06,-4.86339199684206e-06,3.59304987387655e-06,-4.18282632893442e-06,3.51355540874624e-06,2.65001982936893e-07,-3.88535728251669e-06,6.81139917071114e-06,-1.01867462031819e-05,1.00377509329706e-05,-5.16648258368862e-06,1.85600219916139e-06,-2.05954214337094e-06,1.23173858151482e-06,1.16878120365398e-06,-9.73032668179279e-07,-2.00017887447858e-06,2.35595595386379e-06,1.38054279847857e-06,-1.96651776248402e-06,-1.06120863082532e-06,9.18693623030796e-07,6.66720329900762e-07,2.33134472948236e-07,-6.88108077548076e-07,-1.74918111604742e-06,4.88924787021785e-06,-6.89697466892071e-06,6.51386499222067e-06,-5.14746368449065e-06,4.93165146923413e-06,-3.76454733957664e-06,2.52055607913318e-06,-2.70044413118951e-06,6.27560623802994e-07,2.42581158567861e-06,-1.35459827807371e-06,-9.38160166665402e-07,1.75561276540547e-06,-2.81506151774175e-06,1.80747587863126e-06,3.2595690842357e-06,-7.00405421696731e-06,7.04337450489848e-06,-7.27220812513914e-06,6.09231575547622e-06,-2.04576250394911e-06,1.3490167840901e-07,-1.49962131848991e-06,2.63519311677328e-06,-2.45774040233596e-06,8.06741574821922e-07,4.41741522135225e-07,9.80213185258579e-07,-2.38082619066896e-06,1.73644260015784e-06,-1.24979310268577e-06,5.51680401696742e-07,6.56584881703421e-07,-8.6868321704057e-07,2.01426523929231e-06,-3.8480656476922e-06
-7.38276509117652e-06,5.70676320924581e-06,-4.08559190222941e-06,1.31122997909588e-06,5.75235176753882e-07,1.34424951650379e-06,-3.02978568909519e-06,6.70391424244963e-07,2.50608631867981e-06,-6.40501310309204e-06,1.22040396119344e-05,-1.26969180084457e-05,5.39911334669734e-06,2.12691643153274e-07,-8.32620587935919e-08,-2.23519788676417e-07,-1.66665220574686e-06,1.99603540522128e-06,2.84103696638372e-07,-9.68642149365014e-07,-1.94184002147591e-06,3.60817436940155e-06,-9.6872848419687e-07,-9.42755813950629e-07,2.61842588335979e-07,-1.21816523981195e-06,2.54760020643973e-06,-6.7672037205768e-07,-1.81122199387262e-06,2.61412824471865e-06,-3.56347311400894e-06,5.8544099350644e-06,-7.14193088786432e-06,4.94596516615773e-06,-2.81765463500239e-06,3.27784077811956e-06,-2.1452399032553e-06,2.02817419962569e-07,-1.73224549720461e-06,2.88248709590783e-06,-1.40570713366926e-06,8.7539851644038e-07,-8.45473681644476e-07,-1.14700219538847e-06,4.28065761237231e-06,-7.42294751743638e-06,9.54088426873339e-06,-7.85135529167296e-06,2.30011179463534e-06,1.78419950604464e-06,-7.81437525158731e-07,-2.46036567483503e-06,3.07999014347813e-06,3.91214839622398e-07,-4.03802666527246e-06,4.08441703704832e-06,-1.68870025761851e-06,1.48821043695142e-07,-8.97225957782603e-07,1.97290688922475e-06,-1.79261669378911e-06,2.46136626904021e-06,-5.51102290081922e-06,8.0017375200656e-06
6.82450307946197e-06,-5.35719834644987e-06,2.41614656603301e-06,1.92086303928069e-06,-3.96298860171749e-06,1.45987780931613e-06,7.6460941174838e-07,1.24029648393845e-06,-3.57032720390568e-06,6.56360125747972e-06,-1.23822690360995e-05,1.28841623220915e-05,-4.94868954719086e-06,-1.6425252999109e-06,2.76816854776663e-06,-2.62868170276646e-06,2.63786972052651e-06,-1.04656282924551e-06,-1.53652087834655e-06,2.62487530153183e-06,-5.40104688553451e-07,-3.38842301502647e-06,3.65357659731169e-06,-9.40351306228779e-07,4.8114890734775e-07,1.11438926391812e-07,-3.60228492985051e-06,5.90409554518287e-06,-4.2499004162661e-06,8.61562935914633e-07,3.5025093119118e-06,-8.34288087420027e-06,9.10178482472642e-06,-4.1717793300971e-06,3.18277379301327e-07,-2.31703877669303e-06,4.82994766966593e-06,-4.90610470530572e-06,6.48351875152144e-06,-7.59273236301089e-06,4.98744248531958e-06,-2.06722043884947e-06,4.47548877683756e-07,8.59677132183951e-07,-2.71580802012847e-06,6.08195809278898e-06,-7.88888696805892e-06,4.95405855098947e-06,2.0947216563078e-07,-2.73892388441352e-06,7.04386099848997e-07,3.67926469189106e-06,-5.14639255807012e-06,1.05087343058986e-06,4.18626364518809e-06,-5.60179539428067e-06,3.31251772167654e-06,-8.08105405659556e-07,9.55938028480345e-07,-1.89465916478938e-06,2.61062116208396e-06,-5.67853399510124e-06,8.93146188322533e-06,-8.66768271942006e-06
-5.27013212706129e-06,5.04096358035773e-06,-1.17706629460564e-06,-4.46482259097065e-06,6.70877664634426e-06,-4.83047833551371e-06,3.50285476087281e-06,-5.14311354656697e-06,6.21294048222283e-06,-7.32836818128003e-06,1.0791005941711e-05,-1.05708521269152e-05,4.54150270142334e-06,4.90499562577849e-07,-2.36427458914658e-06,2.64724005420836e-06,-1.64875434572304e-06,-1.91199323022773e-07,2.81825766552511e-06,-4.87949515206253e-06,3.40509402773849e-06,1.98508235310154e-06,-5.37043950302169e-06,3.7356857398056e-06,-1.90693890712134e-06,8.10775394453985e-07,3.66955289345911e-06,-8.45847424166012e-06,6.7355053441777e-06,-2.03570338653623e-07,-6.75417924334086e-06,1.19148357529182e-05,-1.09941054898349e-05,3.33955127915295e-06,3.19176639930042e-06,-8.99164414142691e-07,-5.66226793739642e-06,7.4934495538191e-06,-6.44876557244856e-06,6.40912138061324e-06,-4.97358266999306e-06,1.89691901012939e-06,9.65720363788254e-07,-2.18059905786706e-06,1.95844208500111e-06,-3.22288614934553e-06,3.91447989185636e-06,-2.79553056881846e-07,-3.82842509951089e-06,3.57841058018711e-06,1.71207770908249e-07,-4.33008313058118e-06,5.52444949753961e-06,-2.70796638880301e-06,-1.50377153911419e-06,3.74283473427185e-06,-2.90656038685146e-06,6.97064145050548e-07,3.47837445307259e-07,-4.16773467976176e-08,-1.87653740052157e-06,6.41096265479599e-06,-8.78027540054203e-06,6.57980160060626e-06
4.88579938481939e-06,-4.40880771492275e-06,7.87356185511038e-07,3.82056613997845e-06,-5.42901073398322e-06,5.22110563914221e-06,-5.98072637840276e-06,7.29458103329642e-06,-7.4243454414775e-06,7.12162321037448e-06,-7.62320572080146e-06,6.63810647302461e-06,-3.33177111354965e-06,4.03175762691656e-08,2.39271503996495e-06,-2.60277037527117e-06,1.55070233362804e-06,-1.31227329380548e-06,-8.46502466611026e-07,3.752788587368e-06,-2.48656688722241e-06,-2.00618251877982e-06,4.87920276290857e-06,-3.54348752944124e-06,-5.68115545247176e-08,2.76758375443196e-06,-5.1018711026192e-06,6.95265402342415e-06,-4.78238107042867e-06,-1.10648371630797e-06,7.26866790226885e-06,-1.14915868435031e-05,1.06540738708856e-05,-3.2976271056122e-06,-4.7140748660682e-06,3.86949202056289e-06,3.95965151906385e-06,-6.51137558650733e-06,2.12217341224585e-06,7.83461960859097e-07,-4.38933880760288e-07,5.37397968562972e-07,-2.20182040859403e-06,2.99394304065139e-06,-1.98175744159255e-06,1.9350128881631e-06,-1.47678550611743e-06,-2.06950459147118e-06,4.50369894005959e-06,-2.1238184745795e-06,-2.35889395533583e-06,4.71095206447003e-06,-4.03472467981249e-06,2.51198757896945e-06,-5.29536482274446e-07,-2.01716023061477e-06,3.74904885170519e-06,-3.76774495646736e-06,2.78203219074276e-06,-1.93910181975307e-06,2.56719206122211e-06,-5.78937511880834e-06,7.54718506204129e-06,-5.83707824387253e-06
-4.16588572082029e-06,2.23986102730567e-06,-6.14495920111803e-08,-1.65453021073859e-06,1.65302012867719e-06,-2.1631162417901e-06,3.57059598814784e-06,-4.06489017972926e-06,4.11977771701643e-06,-4.30779464452025e-06,4.43853277856872e-06,-4.29754676769838e-06,3.31168581663006e-06,-7.01210524675204e-07,-2.72906516278919e-06,3.47060519367951e-06,-2.24140669361095e-06,1.92321874097167e-06,1.48899295427421e-07,-3.18354146271926e-06,2.57016937644009e-06,1.87236392592557e-07,-1.94419336025624e-06,1.79805330563477e-06,4.16219889086978e-07,-2.26556019386885e-06,2.45064314969954e-06,-2.46870658126926e-06,1.84623500551367e-06,5.69682840785969e-07,-3.7466009415139e-06,6.23796447503789e-06,-6.57728596783886e-06,2.30308562560115e-06,4.25442054053914e-06,-4.76469519026697e-06,-1.08594069602081e-06,3.50704407346707e-06,9.53005032857554e-07,-5.70345875610041e-06,5.53698199393979e-06,-2.72800894699503e-06,1.52697736590454e-06,-1.87790116529771e-06,2.63772516396086e-06,-2.97537350365948e-06,1.84685801943351e-07,3.91062545663964e-06,-3.81123174621965e-06,-3.28355389241582e-07,4.0939534344135e-06,-4.6229848060078e-06,3.18040091808247e-06,-2.85665737803072e-06,3.02405086062598e-06,-6.3572979316786e-07,-4.18715366510034e-06,7.18365930284604e-06,-6.33990124295099e-06,4.14838629739245e-06,-3.7148206002846e-06,6.10647284949273e-06,-7.92739433731502e-06,6.6308394751202e-06
2.6956794990799e-06,-7.31079075962199e-09,-1.4242178445352e-06,1.53562167331963e-06,9.19878183315175e-08,-1.26550301816715e-06,1.22643639724553e-06,-8.74625796278342e-07,-1.04242048970672e-07,1.37103120253866e-06,-2.19680427791454e-06,2.86003440438676e-06,-3.17845804937477e-06,1.78120792176e-06,1.28672100563942e-06,-3.09875728725896e-06,2.70536920064329e-06,-2.11288960746118e-06,3.72857562327453e-07,3.18179330163213e-06,-5.51181065443129e-06,5.18641061241888e-06,-3.13949088136423e-06,9.09265508146137e-07,-3.99001247783629e-07,8.62654962057538e-07,-1.71496654236553e-07,-7.60878220634534e-07,6.22131521594024e-07,-3.78749613147176e-07,3.80271532632397e-07,-7.32326163080475e-07,1.75910443495207e-06,-4.5475565338228e-07,-3.69461704694888e-06,4.99247775485496e-06,-1.67961860620231e-06,-1.02832902280868e-06,-1.25859182827296e-06,6.27718555863597e-06,-7.53155637991016e-06,4.14268218779689e-06,-1.13771698275327e-06,1.4946306059257e-06,-4.41699177200839e-06,4.85842078961693e-06,9.42312322639672e-07,-6.01167194169051e-06,3.72378298807859e-06,9.6743645455058e-07,-3.05100657257233e-06,3.3386731551443e-06,-3.30332815521122e-06,3.98144697612231e-06,-5.36501850927387e-06,3.74825902997715e-06,2.09233463294028e-06,-5.8674234464667e-06,4.75643081751646e-06,-2.68899325526052e-06,2.94826076441852e-06,-5.36200299195092e-06,7.06127075491699e-06,-5.93915351826068e-06
-8.71090530001573e-07,-7.61858121415894e-07,2.16996384099367e-06,-2.23613105141468e-06,-3.23031241755533e-07,3.05917741479478e-06,-3.07546185782799e-06,1.29100510288266e-06,9.90444707343068e-08,-5.534324503148e-07,7.84850110685668e-07,-1.46122196631119e-06,2.10386695729434e-06,-2.02814403839088e-06,9.92843528236154e-07,7.20389868148014e-07,-2.03346770062891e-06,2.66857736992401e-06,-1.80919249812036e-06,-1.78529092529754e-06,6.51326210836212e-06,-8.72849429045881e-06,7.14301679035128e-06,-3.43688322031842e-06,-2.70190290910252e-07,2.38873314253024e-06,-3.22694336257466e-06,3.86747243365249e-06,-4.0247996125662e-06,2.63015058441957e-06,-9.16380488021223e-08,-9.01404078502969e-07,-3.97077292350575e-07,-9.48074780577391e-08,3.72357061263039e-06,-5.82792957243815e-06,3.64013106147849e-06,-5.34995174655176e-07,1.65020367353702e-06,-5.69856010869828e-06,6.43330311071726e-06,-3.61151685725079e-06,2.12065831122189e-06,-3.98636747264192e-06,7.10011273682126e-06,-6.23201387315245e-06,-4.62734063975389e-07,5.11849932989431e-06,-2.48794593049867e-06,-1.07258802845005e-06,1.49778701529258e-06,-1.54952960419014e-06,2.15003993667944e-06,-2.77129723852395e-06,4.22881308865977e-06,-4.14763423716733e-06,5.99690335061994e-07,1.74917784401713e-06,-1.18204126949513e-06,6.79382202427492e-07,-1.47772301204839e-06,2.68923661483501e-06,-3.00356964363855e-06,2.32615016345849e-06
1.25909489954878e-07,-8.13241130524174e-07,-3.24219424281076e-07,9.9051382710245e-07,1.22230730652378e-06,-3.64910811396213e-06,1.95684367263303e-06,1.69472685304343e-06,-2.42371572766174e-06,5.95533805008409e-07,6.72118632079044e-08,1.2562593984369e-06,-1.91221290456944e-06,1.88507938655043e-06,-2.68954062386518e-06,2.73070530400591e-06,-9.08671561844359e-07,-9.33805558185488e-07,7.59287405216626e-07,1.45211373989509e-06,-5.11387779133058e-06,8.00840247457487e-06,-7.61449568519899e-06,4.454877784715e-06,-1.10366342183302e-06,3.66721012972799e-07,-2.28593606938101e-07,-2.51362971195905e-06,5.56997340202146e-06,-4.97512210758482e-06,1.51090673371052e-06,2.85864625613938e-07,8.8081209458273e-07,-1.14831265307861e-06,-1.89915482703338e-06,4.36916814965938e-06,-2.82061845684277e-06,7.30921447944539e-07,-1.67152362206036e-06,3.07429028907966e-06,-1.99638475775277e-06,5.15483438004242e-07,-1.74279101496041e-06,4.84023389600946e-06,-6.61160612603193e-06,5.15687726683379e-06,-1.57633985469909e-06,-3.18903470144506e-07,-1.32462361610608e-06,3.11446027530931e-06,-2.55621944340199e-06,1.07323330010249e-06,-7.26241490308708e-08,5.00574368592026e-08,-1.52906184737579e-06,2.62942027798972e-06,-1.42452776932009e-06,2.73725718256743e-07,-8.2193606930278e-08,3.17081762149152e-07,-7.29360675230549e-07,7.9734513248978e-07,-1.37621216335231e-06,1.35208640991799e-06
-6.72416003269514e-07,2.69882409270788e-06,-1.92795042360507e-06,1.40700776145925e-06,-3.43500765966493e-06,4.89903300248961e-06,-1.57709754421473e-06,-3.2229741968562e-06,3.56983855951056e-06,-6.35587026805364e-07,-5.31458002950014e-07,-1.02295321334446e-06,1.51604671844987e-06,-6.74614898014654e-07,1.31964697924689e-06,-2.41830937726068e-06,1.74722362339963e-06,-7.66529386992589e-07,1.51727598050498e-06,-2.38505777502095e-06,2.99479099605491e-06,-3.85633651880153e-06,3.60694907823751e-06,-1.94575836680015e-06,-4.05011617612413e-07,9.17209086328497e-07,4.35305814679875e-07,1.31928576799673e-07,-2.86899686518343e-06,3.65063776954349e-06,-9.96015985115699e-07,-1.70235514105464e-06,9.91487797653879e-07,1.67539653584818e-06,-1.69701551493623e-06,1.47151587501044e-07,-6.41857918787887e-07,9.63857191218623e-07,-2.37729437830036e-07,1.14590623521833e-06,-2.77520647785227e-06,2.7032955201445e-06,-2.69826290945957e-07,-3.06088889590704e-06,4.47313559433554e-06,-3.89736306298252e-06,3.67787430003844e-06,-4.08874367219158e-06,4.58668296356544e-06,-5.20581908067961e-06,4.67509317224758e-06,-2.25152820645334e-06,-2.60362925316128e-07,8.51515595784727e-07,7.29742603494611e-07,-1.9376054908283e-06,1.15360448133661e-06,-3.90090997211246e-07,4.62374985976318e-07,-2.28700907272619e-06,4.54036148993229e-06,-3.93141976978945e-06,2.91804320825131e-06,-2.14671904054024e-06
1.87519559157063e-06,-2.6962856607388e-06,1.40778408149068e-06,-1.61390318132749e-06,3.76293226734711e-06,-4.03048541192407e-06,4.16838160996066e-07,3.03660274022111e-06,-2.68849167959781e-06,6.60895926888521e-07,3.48174097776015e-07,2.26739060975529e-07,-6.76355989322645e-08,-1.63092654969402e-06,2.68817996058013e-06,-2.57101084083494e-06,1.82498196181469e-06,-3.77471663221122e-07,-1.60192144583898e-06,2.21998681926338e-06,-1.17272287573363e-06,-1.95361610522354e-09,7.04906847821861e-07,-6.3174867528355e-07,1.85129196719236e-07,9.84976106887802e-07,-2.51596059999765e-06,2.74819702448925e-06,-1.33233099310669e-06,2.84181133913601e-07,-1.72527746912835e-06,4.13818091767923e-06,-3.8173244607052e-06,2.67091270033074e-07,2.69640886471907e-06,-3.6993425142279e-06,4.42212390472397e-06,-3.85859131092905e-06,2.67404931002068e-06,-3.40749087343548e-06,4.65409103559739e-06,-4.37092513064993e-06,1.68117937376149e-06,2.73756636196117e-06,-5.1866232606872e-06,4.37099505003875e-06,-3.65496039549248e-06,4.11736625328417e-06,-4.42026303619023e-06,5.07289231451564e-06,-5.4275373972947e-06,3.76604245610181e-06,-1.1703185559055e-06,1.28403717930512e-09,-1.01388630689133e-06,1.64598356651434e-06,-7.93189972752973e-07,4.67477611675559e-07,-1.05734177860707e-06,3.54286137754169e-06,-5.96869442541609e-06,4.11641730396502e-06,-1.23206927361085e-06,-4.17943310939953e-09
-3.30228975606705e-06,2.37301581173215e-06,-1.96024184712226e-07,-7.26610860404487e-07,4.49705198487209e-07,-1.12515406816356e-06,3.453989481481e-06,-3.96078437218187e-06,1.50352702523735e-06,-1.99997904671762e-07,2.87760630837456e-07,4.11331134975901e-07,-2.40931565080159e-06,4.47688246755018e-06,-5.42249556245003e-06,5.46675989881836e-06,-3.983677560049e-06,1.87475719076356e-06,-5.25282625690207e-07,-4.64122205099821e-07,1.12739661302293e-06,-1.22230035709762e-06,1.15916341624508e-06,-1.15162882515863e-06,2.62887954233656e-07,4.90135978101559e-07,5.21386844054685e-07,-1.9424924542521e-06,2.0369250623964e-06,-2.0342751940423e-06,3.50343122413058e-06,-5.24562590462296e-06,5.38034987617775e-06,-3.42529662656267e-06,4.15071061485282e-08,3.65446324349954e-06,-6.45233636359698e-06,6.47651961027487e-06,-4.56128282536469e-06,3.60187792890781e-06,-3.59907506323432e-06,3.23731885202866e-06,-7.92479390498742e-07,-3.8177791119673e-06,5.96991757400009e-06,-3.12813735623147e-06,6.46356523482111e-08,-4.85326591525845e-07,2.43630944924218e-06,-4.06665705796461e-06,4.51861146068957e-06,-3.32623214092779e-06,1.8081056989184e-06,-1.11786046069227e-06,1.46919840815186e-06,-1.12916970640877e-06,-9.58686034322974e-08,3.24137204524441e-07,6.16164749761862e-08,-1.08045611812233e-06,1.96078268179448e-06,-8.00095304480095e-07,-1.23145139163337e-06,2.59896058692154e-06
3.57071504388446e-06,-3.47820474389314e-06,1.72115223712447e-06,2.19258958972908e-06,-4.95194420080657e-06,4.95432074853502e-06,-5.28836645558383e-06,4.21106832352563e-06,-2.32250098462235e-07,-8.12502900914962e-07,-7.44284333694167e-07,-1.10924381701221e-06,5.56673502001075e-06,-7.4550721753461e-06,5.98322858365353e-06,-3.22715138064674e-06,4.3238207389514e-07,-1.67722180141634e-07,1.59766872753145e-06,-9.48291657582951e-07,-1.18280340328806e-06,3.04349827589134e-06,-4.44557321195293e-06,4.47220314361983e-06,-3.04380366665163e-06,2.16224914283447e-06,-1.49343148939733e-06,-3.15157493989935e-08,1.00252216950775e-06,-2.19838848272155e-08,-2.47155405240281e-06,4.67951206087899e-06,-5.55680710870323e-06,5.10166111623249e-06,-2.96209710227272e-06,-6.83387160773506e-07,4.33281960720313e-06,-5.36426257097833e-06,3.24306097132111e-06,-5.53989766047322e-07,-1.13407971174056e-06,1.62236455378123e-06,-2.36955334112621e-06,4.55379798128629e-06,-5.03133665561505e-06,1.09935962716011e-06,2.98351549432409e-06,-2.29789444796121e-06,-1.06123303499727e-06,3.09529362400436e-06,-2.38776873628968e-06,1.00914494753583e-06,-1.68008759571325e-06,2.79592672357727e-06,-2.89092476834336e-06,1.49541142634653e-06,9.95398857202305e-07,-2.12126520415857e-06,2.15357847733776e-06,-2.84749772028414e-06,3.94560280557657e-06,-3.99845007725208e-06,3.47137997458836e-06,-3.41335662662386e-06
-2.655176385212e-06,5.96415414949624e-06,-5.73504189513923e-06,-8.84235045791411e-07,5.75322739703692e-06,-4.77718654152543e-06,3.36019694857122e-06,-1.56888149111422e-06,-1.87733996891726e-06,1.99254294214406e-06,3.26118004365695e-07,1.66938112334812e-06,-6.99955576744651e-06,9.37857282190429e-06,-7.38126836999502e-06,1.9150690920457e-06,3.17217442508845e-06,-2.04163934864206e-06,-1.42122940388039e-06,1.72858951307978e-06,-1.20359819390702e-06,3.14829124008324e-07,2.0142861086508e-06,-2.94906966514772e-06,9.74586226473921e-07,1.74837298661293e-06,-4.14219673666332e-06,5.62857843189215e-06,-5.02932343972975e-06,2.8510411765845e-06,-4.15107785980998e-07,-1.501991233475e-06,3.05062462407125e-06,-4.50921117772378e-06,4.64853008537996e-06,-3.00297642954493e-06,8.58385208844354e-07,1.69893193672093e-07,1.39994257749465e-06,-4.95022087236961e-06,7.72636718158414e-06,-7.64950470053838e-06,6.20433405302661e-06,-6.46007795975393e-06,7.39622948434032e-06,-4.56140414017493e-06,-5.49109105925497e-07,1.66963078879279e-06,7.56822955659533e-07,-1.85879783357385e-06,2.79427313352816e-07,5.56604048246691e-07,1.95857731690602e-06,-4.56252789695236e-06,4.75426435169052e-06,-2.83349268678861e-06,-5.71294365039503e-07,3.01907533855151e-06,-4.03218166408315e-06,5.38665213274387e-06,-6.97816132553708e-06,6.79079733807466e-06,-4.69255294321309e-06,2.35479349549665e-06
1.32296498216088e-06,-7.55990472541997e-06,8.58007746719584e-06,-1.56312412208498e-06,-3.6854948344409e-06,3.8764576714653e-06,-2.77853881669585e-06,4.42450676209621e-07,2.10591911533785e-06,-1.98469121740372e-06,7.66438993506432e-07,-2.5414319975407e-06,6.98950244308753e-06,-9.87022592138203e-06,9.09893210094362e-06,-3.41077077621529e-06,-2.76891140719757e-06,1.69617764337102e-06,1.97693480482511e-06,-2.79148428530943e-06,3.89414958012977e-06,-4.34434557717063e-06,1.65067342974843e-06,7.47812507063919e-07,4.75607450202797e-07,-4.06233206549226e-06,7.2863757202952e-06,-8.12819312674749e-06,6.54093552865455e-06,-4.55824453274138e-06,3.1542134789153e-06,-2.21053284256547e-06,9.83544333806028e-07,1.63697930603098e-06,-3.55498593379894e-06,3.53455017866878e-06,-3.51001782195116e-06,3.11474317046083e-06,-3.43518991492435e-06,7.32694460178001e-06,-1.16731578850107e-05,1.2051943986881e-05,-9.89866696954631e-06,9.97705712909548e-06,-1.24942236162768e-05,1.06884991904584e-05,-3.86448119883085e-06,2.61981418670245e-07,-1.12473027256831e-06,2.17765108248129e-07,2.66568963527237e-06,-2.6637273662115e-06,-1.08433807757752e-06,4.83987357137573e-06,-5.79668947051351e-06,4.02036394828994e-06,-8.77465788914024e-07,-1.98724660798433e-06,4.56266452325231e-06,-6.68671857728721e-06,7.07870835927434e-06,-5.50660350581085e-06,2.76844360739978e-06,8.59027248088098e-08
3.48830877308455e-08,6.51864291812332e-06,-7.84806919969978e-06,2.50409236957101e-06,2.05943954978532e-06,-4.4926453950745e-06,4.80074660835955e-06,-2.78916711160511e-06,1.22212381589129e-06,-2.73172794589017e-07,-1.18182175713428e-06,3.15298137539669e-06,-6.04523009615648e-06,8.55810245835215e-06,-8.23575017257238e-06,3.13828133426821e-06,2.32409951588259e-06,-9.29466066955262e-07,-2.7534518433495e-06,3.090970348621e-06,-3.05666284148869e-06,3.00428417356047e-06,-9.62267556036542e-07,-4.94761400950365e-07,-2.83300921171484e-06,9.18162065387572e-06,-1.15031699841079e-05,8.80578282476543e-06,-6.20979981156493e-06,5.06553685772722e-06,-3.43806381959026e-06,2.34472578932617e-06,-3.0400242871873e-06,2.79073370344777e-06,-1.31246124983306e-06,4.85608678047604e-08,1.70531981037556e-06,-2.19458108671056e-06,2.15674184845639e-06,-5.94579756037259e-06,1.04971195616375e-05,-1.12135671369598e-05,1.00707153963781e-05,-1.07739028188547e-05,1.31091720872256e-05,-1.12049205644434e-05,4.33667764164451e-06,-8.1991577118737e-07,1.48960912520405e-06,1.40626011895086e-06,-6.41964971480488e-06,6.13124347764337e-06,-9.39961757986285e-07,-4.09971375106625e-06,5.57571234680724e-06,-3.19374042833232e-06,2.47156265951054e-07,1.05606998807047e-06,-2.94229304332558e-06,6.01985143255686e-06,-6.68196507389874e-06,3.75428363868116e-06,-8.54080407768762e-08,-2.29320298593845e-06
-1.17599481904249e-06,-3.15641908910893e-06,3.82174842684607e-06,-6.25424504918214e-07,-2.19458544815017e-06,4.05517108918227e-06,-3.71839048309381e-06,2.94700035557667e-06,-3.48218126352076e-06,1.90421628413579e-06,6.4084672947435e-07,-1.00385115278298e-06,1.93724630301706e-06,-4.64960096670344e-06,5.7909738695231e-06,-2.42257374133163e-06,-1.77656402021201e-06,2.72946119208668e-07,3.07070679099469e-06,-2.52811966869732e-06,5.62250141274663e-07,4.25889186689018e-07,-1.41293236331052e-06,2.08787101081152e-06,6.68497379321412e-07,-6.10017344429942e-06,8.28353122254199e-06,-6.68599478543717e-06,5.28252582721263e-06,-3.62176200734271e-06,4.73720984733987e-07,4.07410391906912e-07,2.63241943810098e-06,-5.14153330521493e-06,4.9769602284062e-06,-3.25825615533778e-06,9.25891283061833e-07,4.20030396417238e-07,-1.15135732586879e-06,3.37683887617564e-06,-4.66693118717606e-06,3.5643505868572e-06,-3.52429591752739e-06,6.05390404474941e-06,-9.49101315447719e-06,8.45125242547615e-06,-1.81317838561179e-06,-1.35447186319624e-06,-6.423261881846e-07,-1.15953719165088e-06,6.7039074724145e-06,-7.38820336213039e-06,2.24898866954732e-06,2.77693067037835e-06,-3.4949541165508e-06,-5.86518168850948e-08,3.11543122246964e-06,-2.30801649104181e-06,1.06201371063596e-06,-3.21271129311569e-06,5.58618652828624e-06,-3.80360514950002e-06,-1.68870276736844e-07,2.68281621058596e-06
1.89093462567457e-06,-4.33103853816582e-07,8.26702431074343e-07,-2.68500603265886e-06,2.15228397005885e-06,4.33610056429338e-07,-2.51079369919494e-06,1.26822838935623e-06,9.60984158560106e-07,2.61822376351089e-07,-7.52043273074795e-07,-1.91391323350312e-06,2.17801416955875e-06,9.00104735267145e-07,-3.7972904825135e-06,3.37922863350457e-06,-4.06540946096916e-07,-9.18880930398476e-08,-8.86821186365414e-07,1.05022990343538e-07,1.43533472965439e-06,-2.15940349183104e-06,2.98965899245669e-06,-5.34186717501751e-06,5.69175946874706e-06,-1.76651147192033e-06,-2.09914763917384e-06,3.83878870530169e-06,-4.19993896454444e-06,1.42557582919106e-06,3.17291516599047e-06,-3.6303962293484e-06,2.1202866187875e-07,2.29651198443935e-06,-3.54223386751118e-06,3.69411734135463e-06,-2.18489511602375e-06,-1.62733736282621e-07,1.76095393841087e-06,-1.5296963987309e-06,-1.05367004027852e-06,4.34587742956395e-06,-4.65240377618888e-06,3.3519384984014e-07,6.55406650082958e-06,-8.02059913664817e-06,1.10544660468042e-06,3.19540678244513e-06,1.22004532947231e-07,-2.32611381532714e-06,-9.36938887727256e-07,3.07716426103941e-06,-7.81286218198722e-07,-9.94119524327786e-07,-2.56685396531499e-07,3.06242736270148e-06,-4.91413294905372e-06,3.18466761481761e-06,4.2216549250404e-07,-2.15927631438066e-07,-3.53030735719029e-06,4.49366126622095e-06,-1.67182668223522e-06,-1.33870557553386e-06
-1.15606888067832e-06,1.20239041837137e-06,-2.27704464331054e-06,4.19584911199825e-06,-1.04281681043573e-06,-5.08228739306885e-06,6.6417378709722e-06,-3.22285960537248e-06,1.09000480422479e-06,-2.40898284155255e-06,1.59540788492011e-06,1.71329666171211e-06,-1.68215554822625e-06,-2.68431214554951e-07,1.41864176862245e-06,-1.82690524172765e-06,2.1937189049804e-07,2.0935521515264e-06,-3.68777224247565e-06,4.02470662301071e-06,-3.68664588985667e-06,3.63958373131102e-06,-4.22675096533431e-06,7.00080731972673e-06,-1.00328530114034e-05,8.92358740415523e-06,-5.07288908018545e-06,1.86516290095871e-06,9.99164207934203e-08,1.05245165457907e-06,-4.65051164999008e-06,5.16079274862576e-06,-3.46313473680717e-06,2.81354758167412e-06,-6.14618445327797e-07,-2.06044784221943e-06,1.33994725026612e-06,1.71719758108403e-06,-3.28955677968862e-06,1.53554747916e-06,2.68796614357757e-06,-7.02448633163371e-06,8.10076346381112e-06,-3.20981844279334e-06,-5.44235366044685e-06,8.99902419679478e-06,-3.978342122818e-06,-8.51022450579716e-07,-6.53334343805165e-07,4.42146970487351e-06,-5.09382692861599e-06,4.24382972637557e-06,-3.91680983330457e-06,1.11965825034181e-06,2.40874659567069e-06,-3.06849749626967e-06,2.26623900290288e-06,8.68022283372451e-08,-3.69029666081787e-06,3.01672468429474e-06,2.56521358637135e-06,-6.25381911024589e-06,5.17863487000178e-06,-1.50554482627158e-06
8.92966679629553e-07,-2.06990821817046e-06,2.97066319566629e-06,-3.66654566422043e-06,-1.44030161224422e-07,4.66132614376516e-06,-3.16855433535811e-06,-8.3899151798212e-07,1.34267148445069e-06,1.22734892823336e-06,-2.38480925134256e-06,1.16839116618016e-06,-1.2095105342012e-06,8.79570788086681e-07,1.03008882102846e-06,-1.58409662943532e-06,1.72234422754297e-06,-2.5472593660433e-06,3.74954618893392e-06,-3.94260530197433e-06,3.27562833759541e-06,-3.95173354224565e-06,4.72586891934197e-06,-5.34566300404705e-06,7.38618839689066e-06,-7.62427222169178e-06,6.09325603167789e-06,-6.14156704808754e-06,5.66310463446971e-06,-4.5358308606832e-06,4.66756924566512e-06,-3.77887944840299e-06,3.13485916111787e-06,-4.31665777375605e-06,3.11681776072279e-06,-9.09177393121134e-07,1.92790887395742e-06,-3.91567746178524e-06,4.10144985654356e-06,-2.06148809401127e-06,-2.44738566209435e-06,7.01704401799721e-06,-7.41897696973246e-06,2.08047073987668e-06,5.43837130282319e-06,-8.76177184056821e-06,6.23549979077561e-06,-1.78797224806207e-06,-1.06391005529863e-06,5.09076613082635e-07,2.45145532748752e-06,-5.16819643180338e-06,5.40504277831444e-06,-1.61955528955384e-06,-2.24526622916316e-06,1.47820494829078e-06,1.89108609707102e-06,-5.22997750938508e-06,7.25570012817581e-06,-4.50700421066293e-06,-2.16272788747104e-06,6.84821278372113e-06,-6.75979889094385e-06,2.95747003737352e-06
-1.84458011234747e-06,4.89874528700395e-06,-5.33141421202352e-06,2.57899327889868e-06,1.66173036110766e-06,-2.37754125258869e-06,-1.63059859106487e-06,4.40264457987774e-06,-3.36750399771423e-06,1.91569619715029e-07,3.38451984819651e-06,-4.25246152070107e-06,2.72771158737316e-06,-5.11312154851306e-07,-9.30644654036669e-07,6.54384456797623e-07,-6.77134726449673e-08,-1.10735958192271e-06,1.38194720011416e-06,-5.71568756706247e-07,1.94022837380793e-07,1.945811333812e-06,-3.93747164756688e-06,3.76687577656085e-06,-4.73344019257963e-06,5.02566802792123e-06,-4.06476480707436e-06,5.51618640543555e-06,-7.17418196688585e-06,6.63420423499042e-06,-4.6496890216125e-06,1.7289579209943e-06,-6.89672272581799e-07,2.10345727413933e-06,-2.04903417414785e-06,1.71258204857337e-06,-3.37911086667629e-06,4.19917705764323e-06,-3.41007614088278e-06,1.51075951742687e-06,2.68909818060409e-06,-6.00039399884432e-06,4.35260170635439e-06,5.75970678311132e-07,-5.1404806860587e-06,7.14709285192898e-06,-6.14233289671392e-06,2.57094327745855e-06,2.65213516071941e-06,-6.03341488546527e-06,4.35014641612779e-06,-7.39567310123422e-08,-1.87985980000581e-06,1.96060286954775e-07,2.08294591433747e-06,-7.36921622394979e-07,-3.54430645919602e-06,6.71859385362512e-06,-7.37310085000883e-06,4.50172261347763e-06,8.96315764171695e-07,-4.19656271034037e-06,3.90254172913266e-06,-1.64272939834382e-06
4.69863253893459e-07,-4.10936493972818e-06,3.62541124319133e-06,1.05517097489504e-06,-4.76857138069677e-06,3.40985796053133e-06,5.01218605377926e-07,-2.05885567620521e-06,1.5980051404786e-06,2.95220185850853e-07,-3.83903866624786e-06,4.61954087323272e-06,-1.92786309485311e-06,3.78041940171993e-07,-1.7728411482853e-06,3.44548640221328e-06,-3.1946599936826e-06,3.01960102838795e-06,-2.44528091095944e-06,1.91644434733121e-06,-3.02606565409521e-06,2.02532971060154e-06,5.09162858800786e-07,-1.21197076090283e-06,8.12255334983795e-07,1.3238511309185e-06,-2.58816548919019e-06,-3.37088237813764e-07,3.89066788235577e-06,-4.68819646993178e-06,2.56746258176734e-06,1.98820430442397e-07,-8.90448202111617e-07,5.19691435743791e-07,-1.12802078894478e-06,9.70779793198796e-07,1.34127353645774e-06,-2.80160972036289e-06,1.70872144979215e-06,3.694000496933e-07,-2.75002339746449e-06,3.38895549592395e-06,-1.16445561573254e-06,-8.26745997566102e-07,2.39131641334842e-06,-5.33102814377441e-06,6.6209787702934e-06,-3.28358970720532e-06,-2.529573796216e-06,7.30242788335791e-06,-7.62393986246901e-06,3.81583349692783e-06,-6.96482076001629e-07,3.01472247177836e-07,-9.31428703008647e-07,-7.1443664627431e-07,3.92452170241054e-06,-4.51547072773774e-06,3.02229950868088e-06,-4.24885866409252e-07,-3.09271273764089e-06,4.24319242621342e-06,-3.26903468258395e-06,2.36350848585857e-06
2.13722028798531e-06,-6.54047188477884e-07,2.73863862201814e-06,-5.66012348578008e-06,6.45861952926072e-06,-4.34451025416792e-06,1.57139836098429e-06,-1.87324109459562e-07,-6.88334382229657e-07,-1.10999385500612e-07,2.59413769957199e-06,-2.87832663515603e-06,1.96470825433762e-06,-3.0572347549553e-06,4.7003914603156e-06,-4.84120846964288e-06,3.48641524935887e-06,-1.18199242260821e-06,-1.80364899399753e-06,1.64638858497954e-06,3.04142711195671e-06,-5.80889192424446e-06,4.90874309235674e-06,-4.27668201945909e-06,4.72530067279796e-06,-5.61866115746801e-06,5.14274235763385e-06,-2.91342881614969e-06,1.3230679671921e-06,-1.34515583271997e-06,2.2371411187267e-06,-2.03074657364777e-06,1.4163261690296e-06,-2.86944827855607e-06,5.00872556698385e-06,-4.60348011093891e-06,9.61241586814473e-07,1.76108759311928e-06,9.45901941424931e-08,-3.07788366623061e-06,3.50595263435309e-06,-1.57942447220236e-06,-6.74554755663319e-08,-8.49227598805137e-07,3.32692837517618e-07,4.39232197428727e-06,-6.64382893184687e-06,2.32870656622994e-06,3.35496998213841e-06,-7.38084460546018e-06,8.19797778871164e-06,-4.50748178686103e-06,3.4964501677973e-07,1.40729148578636e-06,-1.73742741796253e-06,2.98996463887052e-06,-4.05486823830261e-06,1.1248113349495e-06,4.27293409714175e-06,-8.45065526430528e-06,9.84829353833982e-06,-8.52285542815889e-06,6.85396207550502e-06,-5.1523636645465e-06
-2.15925712757654e-06,3.70919229956621e-06,-6.32460049714576e-06,6.49460588206248e-06,-5.2911044651613e-06,2.91020364530616e-06,7.2660421394724e-07,-3.06793685660462e-06,3.1709422362977e-06,-1.07121425190296e-06,-1.61007142519135e-06,2.56332705883995e-06,-4.14715649710689e-06,6.73584780787444e-06,-6.10918021151146e-06,3.37205349195516e-06,-1.91785581126687e-06,-3.52572139121812e-07,4.52064555615075e-06,-5.19875013873476e-06,-3.20698049443489e-07,5.99527365341891e-06,-7.99971870155173e-06,8.66835974578796e-06,-8.13842981201534e-06,5.93155112187179e-06,-4.06740321146582e-06,4.71483818713278e-06,-6.7287560638403e-06,7.2284218392973e-06,-5.36021583779493e-06,1.89856842433341e-06,-9.18538161032086e-07,4.42661081786632e-06,-7.93004372582578e-06,7.56099414121202e-06,-3.41896295623418e-06,2.03146998101013e-07,-2.21276503863183e-06,5.5692033394288e-06,-5.20769143418714e-06,1.4057500203716e-06,8.13480872269807e-07,8.65874630494481e-07,-2.52616664862064e-08,-4.45177550879392e-06,4.60711323998219e-06,3.57594491081365e-07,-4.3325263686226e-06,6.70902719525777e-06,-7.1331320160636e-06,3.52981708067254e-06,6.19191618304405e-07,-2.65629227657261e-06,3.16004175891947e-06,-2.80305040241677e-06,1.56231790702477e-06,2.85067007468292e-06,-1.04753311149439e-05,1.57165412148547e-05,-1.41964281538032e-05,9.758282323722e-06,-7.09724952037841e-06,4.395444845588e-06
8.27506724843983e-07,-3.28348119354164e-06,5.34250680340647e-06,-5.94411866295912e-06,5.8976822400258e-06,-3.13834972286884e-06,-2.61802954698168e-06,5.77457843772063e-06,-3.57343490157133e-06,-7.32739087536412e-07,2.5694780977745e-06,-1.40065446031819e-06,2.77478907432242e-06,-6.5388748698945e-06,6.05512467896112e-06,-2.5548594381629e-06,7.56548039331523e-07,1.4021510000748e-06,-5.32068836597717e-06,6.59303982125855e-06,-2.15877522515498e-06,-3.8909246014053e-06,6.98363130092529e-06,-7.65080426122789e-06,5.83336270777806e-06,-2.65482757483866e-06,2.16477306991838e-06,-5.55978331972896e-06,8.73414727839627e-06,-8.0775089321836e-06,4.56782475700433e-06,-3.80858686682585e-07,-2.32997425129218e-07,-3.69244504263078e-06,7.60610340583725e-06,-8.74725275097913e-06,5.69510053414805e-06,-1.839491319257e-06,2.71762337161753e-06,-5.59566626064125e-06,5.40695834415858e-06,-1.85812496351088e-06,-3.32735725504172e-07,-1.0487210442217e-06,-4.0541513842125e-07,4.34142219745756e-06,-2.93172288273784e-06,-2.3126510602716e-06,5.40814428108436e-06,-6.44409883624287e-06,6.18327281388903e-06,-3.44832798223612e-06,2.12417350520826e-07,2.21483622593132e-06,-3.32534892158384e-06,1.44163176083998e-06,1.54444388396574e-06,-4.94144388011254e-06,1.06968341271829e-05,-1.47650785545701e-05,1.18292432599652e-05,-6.07148898135476e-06,3.10698514279937e-06,-1.23908218734149e-06
-9.54712346039989e-07,1.64062424591368e-06,-3.1099544080919e-06,6.48674316607953e-06,-7.9637713046551e-06,4.3410496212479e-06,1.69249092793286e-06,-4.33876171672452e-06,1.27117265770025e-06,3.29550310426758e-06,-2.73609311966417e-06,-1.52489465563013e-06,8.40147148072103e-07,4.08378476265619e-06,-6.02653839189558e-06,4.44766620422432e-06,-1.91835480137563e-06,-1.94908508391722e-06,6.25581968180064e-06,-6.87584995041428e-06,2.60788014444582e-06,2.04086455422845e-06,-3.7818562661537e-06,4.30743821158985e-06,-4.02495716079915e-06,3.48156505848026e-06,-4.39676128467608e-06,6.31300110405167e-06,-7.04651128704069e-06,5.25994726118731e-06,-2.44447378907071e-06,9.59947425222341e-08,-7.44714700197987e-07,3.69338440867571e-06,-6.11315023243392e-06,7.94416604675149e-06,-6.31191670159098e-06,2.09701658043769e-06,-1.00177711862352e-06,2.47001459864872e-06,-3.00526574185333e-06,2.15185331621755e-06,-1.78259462563545e-06,2.27933245958222e-06,2.12575575446512e-07,-4.22096397621439e-06,2.53433271878774e-06,3.62796837500576e-06,-6.93623682108195e-06,6.20430350208828e-06,-4.61201820922999e-06,2.7020975722876e-06,-4.49726499587504e-07,-2.1768567310582e-06,3.92416372678896e-06,-2.17055456836346e-06,-9.02897755644901e-07,3.2206108825694e-06,-6.39709034667777e-06,8.4239303100232e-06,-5.59717211322439e-06,1.06437130991065e-06,3.84416403237674e-07,1.32714587218816e-07
2.66472824012179e-06,-9.54729680904972e-07,8.50574908944793e-07,-5.23108984434579e-06,7.53760038990955e-06,-4.16333924508481e-06,-6.07126525798886e-07,3.0687428873685e-06,-2.03878787690899e-06,-5.62923576285299e-07,1.75584999128774e-07,1.72774583025231e-06,-2.47587958927644e-07,-3.48533751166437e-06,6.55055751832759e-06,-6.94994066717328e-06,4.04965673570494e-06,9.00311200720743e-07,-5.5236556069276e-06,6.25377209414298e-06,-3.13352856437447e-06,7.03496085694822e-07,-8.52200971816826e-08,-1.31301670372427e-06,2.42553040983668e-06,-2.69410692506808e-06,3.80252383133924e-06,-4.96624447671472e-06,4.77257296757217e-06,-3.21809353174097e-06,1.66613391449771e-06,-1.77448086729202e-06,4.62046272321016e-06,-6.44698252150996e-06,5.57756968438247e-06,-6.540847515802e-06,7.62813961242555e-06,-5.30454681599085e-06,2.17869550105795e-06,-7.74288390637697e-07,5.99545090414333e-07,-1.0389335039942e-06,2.1441730760466e-06,-2.34079759940127e-06,-5.29500584414053e-07,3.94753753739003e-06,-1.66872448291138e-06,-5.28541777968937e-06,8.32256742988903e-06,-5.04300297123678e-06,6.2022947612958e-07,1.91188432983051e-06,-2.61753676690329e-06,2.6210796376488e-06,-2.89275673567806e-06,2.93567045484458e-06,-2.13408993787877e-06,-5.10199514166644e-07,4.08586121130587e-06,-5.07035551715814e-06,2.40099323015002e-06,4.08169365368183e-07,-5.20850834029415e-07,-1.4841840949992e-06
-3.68654495144604e-06,3.28598164130773e-08,2.04123678146637e-06,1.91952978195057e-06,-6.01725698198302e-06,4.69661224484376e-06,-7.49251592002288e-07,-2.39922904972715e-06,3.29168629724305e-06,-2.32438884249743e-06,7.95332952282007e-07,1.44657420543315e-06,-3.04855973801972e-06,4.35292464769396e-06,-6.68250908515597e-06,6.3842577348047e-06,-2.87641510485256e-06,-5.37555942469267e-07,3.28832100558047e-06,-4.96084490827342e-06,5.08086468050621e-06,-4.37268854612645e-06,2.87742690301794e-06,-1.04289432465585e-06,3.83046471806666e-07,-2.55699877136349e-07,-1.06230400544359e-06,2.99454789889758e-06,-3.54180604158672e-06,2.71223089778782e-06,-2.28652336609259e-06,3.56622340759276e-06,-6.67125790173106e-06,7.03838508461347e-06,-3.77966293881026e-06,4.59901013290187e-06,-8.70168303964743e-06,8.97204432633537e-06,-5.94658096543085e-06,3.08133641568153e-06,-1.16309266364959e-06,6.21362295727961e-07,-2.12254357206649e-06,3.03982049442504e-06,-3.9279087996844e-07,-2.84244990682051e-06,7.65320128675903e-07,5.49056703222075e-06,-8.13521384490918e-06,4.51469533571758e-06,8.78947553826006e-07,-4.51400898313925e-06,5.38191241778367e-06,-3.40595389459415e-06,1.06476725078014e-06,-1.34954401507356e-06,2.33128287282224e-06,4.46785339254747e-07,-4.71179919929379e-06,5.25205402291447e-06,-3.12936625889534e-06,1.93853059190896e-06,-2.17502960384481e-06,3.61241467532642e-06
6.84802009204332e-07,3.53483521375475e-06,-4.89598176158939e-06,7.11134570272111e-07,4.20786744492301e-06,-4.13022009164878e-06,8.56922558029756e-07,1.1601343384667e-06,-2.470996672754e-07,-1.23369140685182e-06,2.42900093233712e-06,-4.57073243724642e-06,5.05555306784686e-06,-4.78540785898963e-06,5.63421384267716e-06,-3.62796356087596e-06,-2.94309038740077e-07,1.62376142352502e-06,-1.18813964988154e-06,2.22341074124115e-06,-5.14209256954262e-06,5.8329163159036e-06,-3.00681886410298e-06,1.50782824113713e-06,-3.38406744767415e-06,5.6070560242701e-06,-4.5479583289479e-06,5.04009051420485e-07,2.23695272539687e-06,-3.11592201544696e-06,4.37957615610296e-06,-5.61293388950642e-06,6.21098888461235e-06,-4.59647127642861e-06,1.42591727537075e-06,-2.92612628266127e-06,7.46265663051501e-06,-8.56840543107031e-06,7.20923306708116e-06,-5.22141994711169e-06,3.14735735379884e-06,-2.68424258231537e-06,4.03619118131983e-06,-4.68100534472073e-06,1.87172575812131e-06,1.9141745386406e-06,-1.02144570633392e-06,-3.25889693364623e-06,4.999448463027e-06,-4.14002559495991e-06,2.92695694673927e-06,2.96068465443334e-07,-4.39414991516005e-06,4.55002959237442e-06,-5.99111999269996e-07,-1.96331849174403e-06,1.30430409394655e-06,-2.25653137253814e-06,4.74312687250406e-06,-4.40351780232519e-06,2.81881729799899e-06,-3.03434512304039e-06,3.68558409543916e-06,-3.2869078789035e-06
3.95224680880228e-06,-5.93608565632135e-06,4.51275321411234e-06,-6.53185382871582e-07,-2.41487858088285e-06,1.22281642743036e-06,1.86866745359034e-06,-2.43999286466131e-06,-3.69514288841256e-07,3.01902106927033e-06,-3.52611076929288e-06,4.22699280384406e-06,-4.46884078065782e-06,3.98457013387245e-06,-3.43070997993115e-06,1.11860923136498e-06,1.07549537366674e-06,-1.00102815174854e-06,-2.70082641739028e-07,5.04127321975592e-07,2.26054869342239e-06,-3.7249278307027e-06,7.68700796349577e-07,5.24947982348333e-07,2.66712595218569e-06,-5.29361317226927e-06,3.79648132316751e-06,-5.38719955384528e-07,-1.57309531906673e-06,3.7733060646832e-06,-6.83051092596021e-06,8.23087548327892e-06,-6.57610295881723e-06,3.4921539149452e-06,-1.94648174356354e-06,4.41463712224507e-06,-7.80551100747313e-06,7.88086430075606e-06,-5.97961681035239e-06,3.94123295522293e-06,-3.16313282759709e-06,4.29976446776237e-06,-4.78826363808912e-06,3.61773722068396e-06,-8.66043200570319e-07,-2.31556554777329e-06,2.04174070957685e-06,4.69009859024144e-07,-1.12361605414364e-06,2.5755152092095e-06,-5.44491574721699e-06,3.48442280491882e-06,1.92826188400835e-06,-3.35341585602889e-06,-7.88853746575077e-07,4.51799504514535e-06,-3.4734482151688e-06,1.96462387670356e-06,-2.45866788406503e-06,2.39588797907334e-06,-2.28003358359626e-06,3.19222737340618e-06,-2.88011107174066e-06,2.22465204751289e-08
-6.37078043944459e-06,5.60430445145843e-06,-2.72326820068011e-06,-5.8189478478466e-07,2.13435857974024e-06,8.2258016872028e-07,-5.03656877138415e-06,6.47675284709552e-06,-4.71074622495585e-06,1.47073118057789e-06,4.46965570942132e-07,-1.13724159911622e-06,1.35285448533899e-06,-1.57560985865828e-06,1.57904554730285e-06,-1.06829241276129e-06,2.10687971955863e-06,-2.73531553019272e-06,8.97296353295879e-07,-6.1362669652616e-08,-5.42955760402894e-08,-7.08595152613707e-08,1.96894313770272e-06,-1.34537071629168e-06,-2.7393620711416e-06,3.26083467069207e-06,9.1180915222359e-07,-3.06494452795798e-06,2.43704432395895e-06,-3.92492184525797e-06,7.37202477358475e-06,-8.61649988775595e-06,6.22405656308247e-06,-3.60862725132608e-06,4.33409624204153e-06,-7.69967701810713e-06,1.01409890854694e-05,-8.63082163731875e-06,3.77164982219123e-06,4.19820240761873e-07,-3.57983821699838e-08,-3.38876825751688e-06,4.3664813591617e-06,-2.21121092908674e-06,-1.47629469700697e-06,4.73567761627735e-06,-4.28220069164221e-06,1.7205491720951e-06,-6.95046723856092e-07,-5.82079910414529e-07,2.3443419038036e-06,-5.5194672104328e-07,-2.37565980168945e-06,1.57309936352266e-06,1.9493551884448e-06,-3.20202455158039e-06,4.57265773222829e-07,2.26999804165506e-06,-2.38173998115811e-06,7.43194854068614e-08,3.22843625267241e-06,-4.09187833920767e-06,9.72001975820977e-07,3.58769188302386e-06
7.25406508684948e-06,-6.77833094859033e-06,4.73134696048037e-06,-9.44189443473526e-07,-1.1502908061678e-06,-1.69767501687531e-06,5.91789631285591e-06,-7.85904343240522e-06,7.08751010052614e-06,-4.32516790649899e-06,1.83037910521261e-06,-1.42409621489328e-06,2.26373016247509e-06,-1.28050601658295e-06,-1.55439628470509e-06,3.66430441390888e-06,-5.78571146437275e-06,5.8120647178533e-06,-1.43350511889415e-06,-1.26644278391791e-06,-1.07052685853288e-07,2.09305710770312e-06,-2.61252159699132e-06,-5.62154503726215e-07,3.73704542896404e-06,-3.51235323020822e-07,-5.07350777288738e-06,5.5459601757827e-06,-3.52991964018971e-06,3.8191347996405e-06,-6.25817268185986e-06,6.26628005902186e-06,-3.17480867869566e-06,2.17313055160621e-06,-5.02907096104238e-06,8.25123453339042e-06,-9.53245892664216e-06,7.77078518250657e-06,-1.98565465791751e-06,-3.6147772337795e-06,2.89624569516333e-06,2.24138291466921e-06,-5.31662099929812e-06,3.8430626464046e-06,1.77386856471242e-06,-6.66953041725106e-06,6.16486598102291e-06,-3.15438049566449e-06,1.2887146697967e-06,-4.79540755093883e-07,8.59439467240257e-07,-2.41180756809137e-06,2.76984556023544e-06,-9.77484800589537e-07,-9.23796249804369e-07,7.32052563423462e-08,3.56718438444578e-06,-6.82284875492336e-06,7.14123272348329e-06,-3.18111408755537e-06,-2.44981366740948e-06,3.1075820805741e-06,1.55127777498728e-06,-5.76982284153216e-06
-5.20961039490531e-06,6.73180655765491e-06,-7.61488503171553e-06,5.23179138128693e-06,-2.3763859530996e-06,1.62434233604497e-06,-2.17915316246223e-06,3.01685310986003e-06,-2.90792493864689e-06,2.29119974947146e-06,-1.98173320922977e-06,2.25211942257255e-06,-3.24881773608916e-06,2.43542079745496e-06,1.61572912521114e-06,-5.17558396282488e-06,6.53819006777869e-06,-5.69153687021452e-06,2.1992813192868e-06,3.57682876278198e-07,-1.14567598754188e-07,-1.15810841867013e-06,9.47126004340219e-07,2.35429425069355e-06,-4.23492931003718e-06,3.70031423864986e-07,4.01800804836058e-06,-4.49347147463641e-06,2.75832510159751e-06,-1.76815021793068e-06,3.29155180085973e-06,-2.84136693051005e-06,-2.27706908829626e-07,-3.02803621255491e-07,3.81866418822679e-06,-5.00285930331362e-06,4.3568755424854e-06,-4.07217771528796e-06,1.52818863874489e-06,2.41148595450307e-06,-2.19911847651857e-06,-2.43642494875973e-06,6.49207888881685e-06,-5.54732874109347e-06,-2.25194578665668e-07,4.66111925321764e-06,-4.30490562192723e-06,3.09742429626362e-06,-2.76494620670046e-06,1.55801238202087e-06,-6.68251515139942e-08,-1.37972975387037e-06,2.7003122172738e-06,-2.07258359082245e-06,1.36360399961961e-07,2.26624122907158e-06,-6.32000030389566e-06,9.82961623681105e-06,-9.84701907656723e-06,6.07917411364458e-06,-1.13683404232232e-06,4.12393705019751e-07,-3.32382195188515e-06,4.84408552386396e-06
-1.74399353254572e-06,-9.30138031613727e-07,5.94476143729379e-06,-7.96297642197989e-06,5.74452970830423e-06,-5.37912990495943e-07,-3.69267753074715e-06,4.05636062249866e-06,-3.25949368494963e-06,2.0289977133832e-06,-2.10033074554752e-07,-2.94361739908914e-07,7.30535046997179e-07,-1.78475923451107e-06,-2.26496136540876e-09,3.98852285453769e-06,-6.00099296036091e-06,4.52176429810076e-06,-1.81224564021223e-06,6.37232499884187e-07,-4.54378490567484e-07,2.53579442495035e-07,6.25095044095154e-07,-1.69454082899562e-06,4.75383334472865e-08,4.98351820821121e-06,-8.83513405606344e-06,7.5184740734914e-06,-2.07822835932899e-06,-1.62058249679811e-06,4.14088526598306e-07,-4.18986526042245e-07,2.71497966723452e-06,-1.34753481426371e-06,-1.79886032094919e-06,1.50590933109083e-06,2.78200367403519e-07,-7.09368290327727e-08,-2.11509551203176e-07,-6.1824918152944e-07,2.59112945721813e-07,2.89104445247673e-06,-6.3706003036314e-06,5.0557060859171e-06,-3.9923878308177e-07,-1.4145952598424e-06,5.66126514489706e-07,-2.02077731397762e-06,4.92429533927255e-06,-3.62151604753149e-06,-2.16060320338039e-06,8.10505748196041e-06,-1.00985334793687e-05,6.43045701853683e-06,-7.69788156791896e-07,-4.23495304607768e-06,9.5120935009951e-06,-1.26321922389796e-05,1.19402119360412e-05,-8.29114353248371e-06,3.93941210764911e-06,-2.77675192255525e-06,2.65937687484557e-06,-1.16182250582106e-07
8.82532117333086e-06,-6.2433917153638e-06,-1.09639384010805e-06,6.94200947865119e-06,-7.18942849336953e-06,1.84948901744216e-06,3.79317720010822e-06,-5.73751223714767e-06,5.90195827874519e-06,-5.65563402697303e-06,4.77290912996478e-06,-4.07429591593098e-06,3.28859545697745e-06,-9.62470896638595e-07,-1.18446010800369e-08,-3.10834427988112e-06,6.30508883963627e-06,-4.2950795177177e-06,-5.55275164368441e-08,1.22790007185396e-06,-1.38992197934614e-07,7.65026788451413e-08,-1.73976149398093e-06,1.30840780201108e-06,3.61725468638637e-06,-9.62267320273222e-06,1.25750939001544e-05,-9.45088584584218e-06,1.1376832024749e-06,4.59656803808432e-06,-3.93394373003725e-06,2.602335864406e-06,-3.26413938995841e-06,2.65630662054633e-06,-1.05936615317079e-06,8.39188421416535e-07,-1.68189366270442e-06,2.87351752363331e-06,-3.22313815886332e-06,1.32376473878476e-06,1.31212198320456e-06,-3.93583189414534e-06,6.49460634525007e-06,-5.16213833189971e-06,1.02632462668797e-06,-9.00900220939705e-08,7.09608720840351e-07,2.39741977991878e-06,-6.36610526515439e-06,4.27586403082297e-06,4.33054166030965e-06,-1.2021585037674e-05,1.19994540506433e-05,-6.4819391689409e-06,9.56543378406444e-07,4.65384715852013e-06,-1.04281425720879e-05,1.31656998472605e-05,-1.29076237895791e-05,9.28874794235395e-06,-3.71715390482513e-06,1.37560520326147e-06,3.27290311310329e-07,-5.15487347461973e-06
-7.41836023463957e-06,6.68650094232916e-06,-6.70483525472256e-07,-5.83964899275371e-06,8.31201602120719e-06,-6.34923925891914e-06,2.32194587443172e-06,1.87542101744352e-06,-4.46758598258749e-06,6.35864527527716e-06,-7.59403648696306e-06,5.95977512000749e-06,-3.944024287422e-06,2.42960755427197e-06,-1.22262539890638e-06,3.1966741235539e-06,-6.6565236066796e-06,5.29104019964302e-06,9.04043742034145e-08,-3.11570724497576e-06,2.71499720991024e-06,-2.17241033172773e-06,3.37945249877292e-06,-2.26710693736412e-06,-4.13050882027358e-06,9.94557494136093e-06,-9.62174702616677e-06,4.30897538444898e-06,2.21693938753127e-06,-6.43982763340158e-06,6.25208933564655e-06,-2.63004221990382e-06,-5.38121689055455e-08,-3.19240048872971e-07,1.96474939330572e-06,-3.00815910677781e-06,3.38782854872798e-06,-5.03299578582754e-06,5.84793782481567e-06,-1.97002730829617e-06,-2.83141873369918e-06,5.46766642401716e-06,-8.14607689924663e-06,8.25203257649855e-06,-3.93264166836354e-06,4.15191802206902e-07,1.23623382137788e-06,-4.30858844294772e-06,5.87108794151618e-06,-1.96334842187577e-06,-5.93170868880818e-06,1.07844904327252e-05,-7.23650448102148e-06,1.61602644860301e-06,2.94719852335873e-07,-2.5909325365355e-06,6.83618633159586e-06,-9.78796219435937e-06,1.0861471344859e-05,-8.40747660592999e-06,2.71590847926093e-06,9.68151656783166e-08,-4.54222950622437e-07,3.51079835902959e-06
4.94820250204527e-07,-2.26781420609892e-06,-1.6769411846548e-06,7.10743850683754e-06,-9.03188073220583e-06,7.86716445771637e-06,-3.8565301004814e-06,-2.32211516779361e-06,5.33624845083583e-06,-6.10858216532867e-06,6.26532076692363e-06,-2.4333967459144e-06,-1.61833180895165e-06,2.48370750792957e-06,-1.81391568082676e-06,-2.41303465698341e-07,3.29664447799273e-06,-4.02743186339073e-06,7.32939879787201e-07,3.05485194089482e-06,-4.73872545347445e-06,5.27709167072096e-06,-6.34952190929292e-06,5.68124287859039e-06,-3.74949945146131e-07,-3.87391728813955e-06,1.40227012813977e-06,3.51952026469664e-06,-5.40139863778831e-06,5.36826287548256e-06,-4.42792167460559e-06,4.29884976103081e-07,3.41148381045469e-06,-2.62899320801672e-06,-1.12355832171084e-06,4.30298253303313e-06,-5.34982447308472e-06,5.66497251496163e-06,-4.75211983630865e-06,-3.13196974793904e-08,4.2362688640326e-06,-5.24738335407985e-06,8.08187055821801e-06,-1.03939204670649e-05,6.5414153641014e-06,-8.13875958220156e-08,-3.79481883671543e-06,5.10044134071568e-06,-3.7794504057568e-06,-3.36761273159172e-07,5.53834205522458e-06,-6.9185271422758e-06,1.13876203242802e-06,4.38818845806397e-06,-3.13639348686678e-06,-1.28052725423985e-07,-4.60621569734783e-08,2.6776739229043e-06,-4.85683940595423e-06,4.51628715995296e-06,-1.68009119312531e-06,1.3138935649106e-06,-4.27116738442572e-06,3.90040408341982e-06
4.77014199310941e-07,1.21159860500674e-06,3.05828504659881e-06,-7.77847856733854e-06,7.82105203889658e-06,-4.77260105658248e-06,-7.28839679865285e-07,7.29706750855538e-06,-8.22316937492999e-06,4.94989416841483e-06,-1.45639082698706e-06,-4.07229429329471e-06,8.58369176387388e-06,-8.62678258153586e-06,6.22744006379093e-06,-4.05180245050467e-06,2.06316578620178e-06,-1.46178702915025e-07,6.66506875786821e-07,-2.97642959625444e-06,4.82174598255899e-06,-6.6923865828667e-06,9.15110990315089e-06,-9.3219405151117e-06,4.28189574763992e-06,1.01620419363074e-07,2.00002557955313e-06,-5.83334945652707e-06,5.87465902817483e-06,-3.09137336583576e-06,3.81090992188301e-07,1.87661923096448e-06,-3.11181034719391e-06,1.88292544203684e-06,1.00149220787213e-06,-3.96450734434891e-06,5.84567311306303e-06,-5.25934687018113e-06,2.34447876147851e-06,2.09481689528044e-06,-4.32998027753822e-06,2.98207023696457e-06,-4.46515870314079e-06,8.4854541373808e-06,-7.07506959105134e-06,-4.56023024263993e-08,5.43276914172602e-06,-5.29095830446754e-06,2.81796236387711e-06,-6.35502935158806e-07,-2.40325937354149e-06,3.40378986474537e-06,2.21091789611004e-06,-8.9390448334713e-06,7.95047870023599e-06,-3.29405405944326e-07,-5.46639203328026e-06,5.47266075594073e-06,-3.05867066543266e-06,1.77189854258044e-06,-1.71433742088918e-06,-5.88555073850882e-07,5.06363603273501e-06,-5.15752454057269e-06
4.73555364963441e-06,-2.76076875004829e-06,-2.46639946324942e-06,5.40962249549884e-06,-4.37688568429682e-06,2.40735577847211e-06,7.20322968030963e-07,-5.13985790092554e-06,5.25753365661848e-06,-1.14173020548232e-06,-4.00485500928091e-06,9.29901644285115e-06,-1.08003904377617e-05,7.59796723715817e-06,-4.08057664489921e-06,2.77997439113095e-06,-2.32261019931863e-06,1.02511261763307e-06,1.25780041700636e-07,2.74790596793993e-07,-1.94966238549023e-06,4.5745271288942e-06,-7.20666400684209e-06,7.22255894434342e-06,-4.41454916925886e-06,3.63693262728213e-06,-5.43697889307059e-06,5.56615769735267e-06,-3.78285553524949e-06,4.02503810308396e-07,2.63759078713362e-06,-2.34624992706154e-06,5.33358449078053e-07,5.03816332090249e-07,-9.88439589238489e-07,2.7243126684681e-06,-5.22555492699266e-06,4.01324012676416e-06,-5.03977190158065e-07,-1.28310477742294e-06,1.67093635087637e-06,-4.4316718941287e-07,7.59965254177458e-07,-4.49792405842288e-06,4.66308473445484e-06,2.02545847702907e-06,-7.80056608637292e-06,6.71923270987121e-06,-3.80674865366575e-06,3.47719656884983e-06,-2.02013170959646e-06,1.25878998144908e-07,-4.05863225337098e-06,1.12023245511067e-05,-1.1999199308167e-05,4.30599462135782e-06,4.54857525686493e-06,-8.11649047520035e-06,7.09762985322185e-06,-5.84375173105333e-06,5.55672526822943e-06,-4.19386073093102e-06,2.25674488426244e-06,-2.82894607799945e-06
-7.49149802122137e-06,1.7079508148289e-06,2.44689067975593e-06,-2.14336970388631e-06,1.01041875999003e-06,-2.39561322435098e-06,4.07475310957767e-06,-3.15586085732022e-06,1.84500942976388e-06,-2.24395601916385e-06,5.76387148270067e-06,-1.00640474809522e-05,8.92203050150799e-06,-2.77875214803835e-06,-2.06517916245373e-06,2.69111128179058e-06,-1.35095740673609e-06,8.90601948609259e-07,-2.62605457415414e-06,3.80501816338545e-06,-1.6139510417327e-06,-1.21339039715625e-06,1.53548132873993e-06,1.56203190370601e-07,-5.75511631789103e-07,-2.50000793849429e-06,4.90512179289593e-06,-2.87736436875259e-06,-1.720851418389e-07,2.36292149104809e-06,-3.21718088491279e-06,8.66938413679699e-07,2.01851743036291e-06,-1.98240564741423e-06,4.37240208127908e-07,-9.66984468116164e-07,2.03545715524709e-06,7.50470659101369e-07,-2.75107494574791e-06,1.11682330747164e-07,1.15107968062639e-06,-2.94623774762518e-07,-3.67800579256617e-07,1.89116039082148e-06,-9.18175896433132e-07,-5.1657430028552e-06,1.01449608228128e-05,-8.3229983875008e-06,4.4511028583996e-06,-3.88200273266497e-06,3.7192453615468e-06,-2.91427483422698e-06,5.57128891492619e-06,-9.91345352392781e-06,1.01350114458064e-05,-6.10048667542301e-06,6.27632448733013e-07,3.71080420740914e-06,-4.73453453680951e-06,4.6317109584716e-06,-5.88236059899027e-06,7.59677825966418e-06,-9.20406766117049e-06,9.87864941723882e-06
4.44166759219202e-06,1.76818290944993e-06,-3.80642898633565e-06,1.17832280099272e-06,-3.00735587930042e-07,2.6706738910336e-06,-5.98942841622708e-06,7.86133998408673e-06,-6.87955862817867e-06,4.71826774323507e-06,-5.28143776488481e-06,7.61156758389966e-06,-7.19436032008932e-06,2.60589541474487e-06,2.49088817262381e-06,-3.60331388280322e-06,1.72812379271011e-06,6.24280817130905e-08,6.15777270609481e-07,-2.24276366909139e-06,9.44491180083658e-07,4.28384807301019e-07,1.66797183879551e-06,-4.21215815741307e-06,3.090606570004e-06,1.35422328079737e-06,-3.90104391580026e-06,1.87411496501858e-06,9.40146182308946e-07,-2.0957788413256e-06,2.60327895901687e-06,-1.50655207582655e-06,-5.66099477718748e-07,7.6722631575369e-07,-1.47739206051715e-07,2.74433946247902e-07,1.65430859568142e-06,-6.02878916787612e-06,6.05198509401985e-06,-5.86004510653093e-07,-1.87597888244583e-06,-3.05834675827771e-07,1.85000611718767e-06,-1.72680273155602e-06,7.79753626691956e-07,3.13359477419717e-06,-8.16655953982965e-06,7.53294691370134e-06,-2.76956037252074e-06,4.21516026115375e-07,-1.25092576982549e-06,3.13691770359667e-06,-4.71102407142464e-06,3.52309829714004e-06,-8.90415765612921e-07,1.56631145838627e-06,-2.77143115100904e-06,4.73428445001313e-07,1.56596068299375e-06,-1.92057459068008e-06,3.6692565049265e-06,-6.21758021659623e-06,7.88898092278121e-06,-7.95981944339857e-06
2.33513981390529e-07,-4.13112123305842e-06,4.90904647575472e-06,-2.15992828964351e-06,7.67587636586508e-07,-5.78891091255257e-07,1.68740001645671e-06,-5.08342526911268e-06,7.21651039546615e-06,-6.35753240161437e-06,4.98682055999909e-06,-4.90445891296944e-06,6.19181199345063e-06,-5.79630076575847e-06,2.76677210855706e-06,-1.00789335284816e-06,7.81241523529796e-07,-5.84360533358573e-07,9.01289212148513e-07,-1.66212363725596e-06,2.72183456431124e-06,-2.42849615170194e-06,2.99062870728058e-07,6.60341303522523e-07,6.91805752320907e-08,-1.14714588274797e-06,2.18180355106001e-06,-2.25542446362353e-06,1.19299038704914e-06,5.7139252735624e-07,-3.4233950969037e-06,4.76649222116874e-06,-3.07479059946943e-06,1.06038620693738e-06,6.08417642543159e-07,-8.10357193783169e-07,-2.58282654429939e-06,6.47161387523355e-06,-6.01045738538717e-06,1.46691721986789e-06,1.91033910334296e-06,-1.27869305463633e-06,1.36126116944223e-07,1.78395489710026e-07,-2.94076222004092e-06,3.92699673861255e-06,7.1986381064438e-07,-2.19210899121936e-06,-1.99357065095942e-06,4.03368401195514e-06,-1.01144178391197e-06,-2.8885100102076e-06,2.74500104477851e-06,2.09726252682938e-06,-5.58548963449254e-06,2.50313405096789e-06,1.44607597643041e-06,-3.87792563947346e-07,-2.09249409515907e-06,2.63448140827622e-06,-2.85020134928547e-06,2.74610301607596e-06,-2.0684747969724e-06,1.66638230353591e-06
-2.56956926900496e-06,3.59977560602004e-06,-3.2835060392678e-06,2.20645951606548e-06,-6.26565566981659e-07,-2.40412092040757e-06,3.73678740744641e-06,2.40544989905701e-07,-5.33797713738029e-06,6.7783218291875e-06,-5.48097183679335e-06,4.20147236316957e-06,-4.96173067283775e-06,6.24468724764578e-06,-5.14589297679241e-06,2.82889677150014e-06,-6.84150739537184e-08,-3.20638740067356e-06,3.15960735859568e-06,8.73325947573734e-07,-4.07053387028331e-06,4.38502574825269e-06,-3.76960280727793e-06,3.95923513531509e-06,-3.46335376527563e-06,1.87987062905047e-06,-1.63254489644792e-06,2.58105125050657e-06,-1.98621612945802e-06,-1.25006940856848e-06,5.16677652934781e-06,-5.76861123202257e-06,2.77832664207113e-06,-4.16420045121183e-07,-7.1618647754603e-07,5.74856810714486e-07,1.62788201549422e-06,-2.99673285464267e-06,2.97918893738111e-06,-1.92668320338797e-06,-8.35165067591975e-07,3.29713050002647e-06,-4.69721297814963e-06,3.6783435380967e-06,2.62207211697983e-06,-7.8541297999011e-06,5.69040054186431e-06,-3.70276110093977e-06,5.13322612043195e-06,-3.70902099869641e-06,-1.46067642565428e-06,4.5842772268104e-06,-2.41706364759336e-06,-1.24032983554562e-06,1.47905623071997e-06,6.59368815162868e-07,-8.39254124098425e-07,-1.39305391107881e-06,4.0752920344421e-06,-5.2710827147436e-06,3.73422740584906e-06,-5.09966671315221e-07,-1.23073499871628e-06,1.51532620407427e-06
3.36245406014193e-06,-2.08337589389151e-06,-4.88422592949185e-07,4.18347206789543e-07,3.29755497760763e-07,1.12564004437143e-06,-2.26002036326924e-06,-9.66325182203965e-07,5.70810173526744e-06,-7.38822960245334e-06,7.32911480899434e-06,-6.98699372234771e-06,6.52607143464808e-06,-6.13241109597238e-06,3.91103612960374e-06,-3.55207426448163e-07,-2.53786231179071e-06,5.27828675920453e-06,-5.65370217294904e-06,2.01858897712119e-06,2.07583755250152e-06,-4.5658704905853e-06,4.93581775728269e-06,-2.87501885125424e-06,-3.63802428624295e-07,2.48801492819436e-06,-1.30506599473394e-06,-1.70635146816255e-06,1.34600626413159e-06,3.42577813301471e-06,-6.94266125544862e-06,4.94005174796536e-06,-7.23689724303993e-07,4.6523108024452e-08,-9.02057231724519e-07,6.58580902927793e-07,-2.29520897103728e-07,-1.29174949342827e-06,1.5839687738693e-06,4.75450931842666e-07,-1.33745901050731e-06,-6.50267697240793e-07,4.42781781335212e-06,-5.16737573603895e-06,1.25021840703502e-07,4.7346902551772e-06,-4.94395672967291e-06,3.36988511487217e-06,-1.36283032741428e-06,-1.58310950930607e-06,3.63434383469126e-06,-2.54323903500309e-06,-2.22948626829631e-07,-2.55359766759636e-07,4.28716056851214e-06,-4.95981749765201e-06,3.98588132488733e-07,3.30621915532998e-06,-4.20271426127007e-06,3.66821599873399e-06,-1.12718116111904e-06,-2.07978542472005e-06,2.53237411255191e-06,-2.27381348776101e-06
-4.57362505502031e-06,1.33452961391608e-06,3.08840573693426e-06,-3.35700862506165e-06,3.99844804311234e-07,1.26751290999787e-06,-1.14935451732093e-06,2.41649235922911e-06,-4.20198451685858e-06,4.53179897305958e-06,-6.19426412229195e-06,8.78569671031638e-06,-9.21792178926109e-06,7.10282272928857e-06,-2.90004297036472e-06,-9.69330778230586e-07,2.46188810703372e-06,-3.22194262744698e-06,3.79756477495757e-06,-2.83442967335863e-06,-2.49497205436637e-07,4.43550984569547e-06,-5.12663875625557e-06,8.50949673259288e-07,3.25470439163205e-06,-4.12326210391771e-06,2.25194509799046e-06,6.37238347291448e-07,-1.19233956639754e-07,-4.18828620984655e-06,6.02116478225718e-06,-2.39986295878201e-06,-1.14450940992625e-06,-7.2832602945074e-07,3.54711672898214e-06,-3.49279493889011e-06,1.33307694588757e-06,2.7332801777341e-06,-4.99618355690306e-06,2.58075201249696e-06,1.95021421897915e-06,-3.20035369064886e-06,-1.5048460677854e-06,5.39928819698332e-06,-3.72704401995214e-06,9.77697653159644e-07,3.15480903328688e-07,2.94410336795286e-07,-2.57508313700193e-06,2.8498386219266e-06,6.69585460009093e-07,-4.55278233804956e-06,4.61077249678347e-06,-3.83041364929998e-07,-4.71576927755663e-06,4.54145740849318e-06,7.39192447898776e-07,-3.51663128526787e-06,1.40624396050041e-06,1.86858655327364e-06,-4.16684664505315e-06,5.3314453550295e-06,-4.97038246465431e-06,4.69283195734635e-06
5.13649501961245e-06,-2.02125476477128e-07,-4.33911268301353e-06,5.15280618760918e-06,-2.67582878643365e-06,-4.60032753155814e-08,1.30283339230368e-06,-1.16361440343662e-06,-5.23140047550584e-07,1.93825545160128e-06,7.10219589313462e-07,-5.37192186752721e-06,7.04838365085275e-06,-4.8216409563876e-06,8.53426972614956e-07,1.82043318509959e-06,-2.54273943738366e-06,2.66353831468472e-06,-2.50138624434808e-06,1.69488205025848e-06,6.17695228428933e-07,-3.71000925667951e-06,3.90557290804659e-06,-3.71648623988075e-07,-3.17614552864478e-06,5.1711157832863e-06,-5.61855649155847e-06,3.92110164441002e-06,-2.48937218523561e-06,2.42727503918431e-06,-9.4052067471194e-07,-3.1011231160051e-06,5.01918167507364e-06,-1.31566013833233e-06,-3.4301742760825e-06,5.87018162085586e-06,-5.65799325502165e-06,2.05897199384748e-06,2.10998137519942e-06,-2.07002557273834e-06,-1.9482891338469e-06,2.99596500175709e-06,2.51993463410142e-06,-7.24047678508002e-06,6.04712479584536e-06,-3.25093725489865e-06,1.41243007335079e-06,-2.53806060749737e-07,-2.62782795911088e-07,1.60746468612148e-06,-5.03927270744579e-06,7.22799019748744e-06,-4.38491942051035e-06,-4.82855537133728e-07,3.0587672062352e-06,-1.74573889211872e-06,-1.06230790557434e-06,9.65831985599146e-07,1.79899165560564e-06,-4.07087408864785e-06,5.26050242559153e-06,-6.56415579968325e-06,7.71413751166737e-06,-7.64044195946654e-06
-3.62044867665699e-06,-7.87663892476033e-07,4.53507503977071e-06,-6.1305710359462e-06,5.11984719211617e-06,-1.58134446838023e-06,-1.98418419887948e-06,2.01156929544718e-06,1.34545774779725e-06,-3.88503918455926e-06,2.5924535383886e-06,7.56230596404486e-07,-2.99181133279228e-06,2.58029677250295e-06,4.82764688646089e-07,-4.09667588205068e-06,5.60068909352103e-06,-4.60610474223601e-06,2.5400470367564e-06,-3.23282788533207e-07,-1.21501789318404e-06,1.33297871654678e-06,-1.12622813449495e-06,5.31014824367045e-07,8.36413713583942e-07,-2.76511076043918e-06,5.40329718890443e-06,-6.28214244150003e-06,4.17827967061877e-06,-9.86380622905157e-07,-2.49481032011306e-06,6.59759372981484e-06,-8.27659815130201e-06,4.66153270723726e-06,7.80412638931474e-07,-5.07016518497439e-06,8.56283106782739e-06,-8.91385044594069e-06,4.82050963111944e-06,-1.96809204817729e-06,2.25331283292682e-06,1.8939060389992e-07,-5.52680833134613e-06,7.57436545078004e-06,-4.69212194201062e-06,1.03124069240088e-06,1.46396939899463e-06,-4.25815387438832e-06,5.82588542421367e-06,-4.39815982903345e-06,2.92163948440006e-06,-2.50985211715511e-06,5.91023493123235e-07,1.85565506902818e-06,-1.70111338611862e-06,-7.25538246453441e-07,1.84290674796974e-06,-8.79375144109702e-08,-2.18468370674971e-06,2.99950142746144e-06,-3.81404694562991e-06,6.17697832465133e-06,-7.76158354028336e-06,6.76919539934062e-06
3.88679224565372e-07,1.19977735118411e-06,-2.39612677011182e-06,4.21344224973773e-06,-4.97052937989096e-06,2.18328225124982e-06,1.61135423431152e-06,-2.77324209189434e-06,1.56585164585142e-06,-4.51162432241166e-07,-3.09962061560016e-07,2.48915427485929e-07,2.77364849053873e-06,-5.74457720370243e-06,2.98953393521206e-06,4.04148222214257e-06,-7.49346887007779e-06,4.66328324457464e-06,-8.37879895556304e-07,-1.30554842762299e-06,1.7121532650801e-06,-9.91037138005084e-07,2.20377881497067e-06,-2.93578827463774e-06,6.5824765276802e-07,1.51499568206054e-06,-2.66984969578827e-06,3.39176998494153e-06,-3.68265618570131e-06,2.65916147007849e-06,4.37446691063457e-07,-4.91254573350279e-06,7.53407394071313e-06,-4.90931032213755e-06,1.00207061630206e-06,1.09817871026821e-06,-5.78032476725864e-06,1.00664142506283e-05,-7.51166669752652e-06,3.4876467899292e-06,-1.77208713132251e-06,-1.41853742459157e-06,4.66116421632106e-06,-4.8747813237949e-06,2.50842189297294e-06,4.94189058212307e-07,-3.6425221779481e-06,7.20104540489894e-06,-7.03724215425046e-06,2.1313771164707e-06,2.46678319681581e-06,-3.52177189695866e-06,1.86102148373237e-06,-4.36555355627931e-07,-3.77987453971728e-07,2.31816612747308e-06,-4.15986700928296e-06,3.15705086358181e-06,1.15722006215406e-06,-5.16525197715752e-06,6.65148834783893e-06,-7.53653628859276e-06,6.60790465727621e-06,-3.25363565220407e-06
2.74554776580218e-06,-1.95172054367248e-06,-4.96045259357755e-07,-6.69708192843341e-07,3.899308817257e-06,-3.85557189165887e-06,1.4052643630324e-06,1.12692541051539e-06,-2.9831752824611e-06,4.1848871898829e-06,-3.35284719723794e-06,1.46722734213371e-06,-4.19642666798829e-06,8.65024277743218e-06,-6.412924145697e-06,-1.28288091298863e-06,5.2692330900645e-06,-1.87087708826942e-06,-2.4492634952596e-06,3.90813758076588e-06,-4.06752712678419e-06,5.21584507904671e-06,-7.79711863306274e-06,6.27388703391565e-06,-1.2022314293315e-06,-7.5674580182225e-08,-1.74562819997725e-06,1.03462945146703e-06,3.39998371439459e-06,-5.35317080454992e-06,2.38182550443325e-06,1.13954172112534e-06,-2.71998218895428e-06,1.77082279242401e-06,-2.42404881032843e-06,5.15020360833373e-06,-1.91024753794874e-06,-3.60006646324827e-06,2.47394102351387e-06,-4.0758183101887e-07,2.21244822599348e-06,-3.02896823440934e-06,1.0364808165002e-06,1.39272786044745e-06,-1.65680084216541e-06,-1.45218281694376e-07,2.61416031110619e-06,-4.65848191421867e-06,2.97642588429806e-06,1.7977974766763e-06,-6.09053741123204e-06,7.32993447578958e-06,-3.40848936726692e-06,-1.71446406230074e-06,3.21113376621015e-06,-3.98456096492575e-06,6.39220859769979e-06,-6.18039136411857e-06,-5.38787141262985e-07,8.35374087307459e-06,-1.00840208017301e-05,8.20812463756469e-06,-5.28415273739387e-06,6.04170637175534e-07
-3.84518180036174e-06,3.05287544311897e-06,4.09768383569719e-07,5.72653009587131e-07,-5.90868804984573e-06,8.08067690378034e-06,-5.88114629077247e-06,2.1280967683281e-06,7.35235359917256e-07,-2.30317691352647e-06,2.57643961375672e-06,-1.36020170245065e-06,2.02307581047521e-06,-3.90653056250916e-06,3.26394528303484e-06,-4.1203032069605e-07,-1.48549795397767e-06,3.6465597343118e-08,2.90073287481387e-06,-4.89708890950571e-06,6.41670489267939e-06,-9.60016934751455e-06,1.16681924855775e-05,-6.5885985050842e-06,-9.574492409429e-07,1.53337565188128e-06,2.46453521422653e-06,-2.18824837578819e-06,-3.46501424889102e-06,5.4819626241995e-06,-2.5354061314099e-06,2.14660029835514e-06,-3.38186294967145e-06,2.13683918193252e-06,2.8223450100825e-06,-8.14559056697858e-06,6.69816490040994e-06,-3.3062013174848e-06,5.15573681896335e-06,-4.43927348671201e-06,-3.16975411760621e-06,8.34714861473749e-06,-5.39038017011543e-06,-1.56837949555438e-07,1.68802871442202e-06,1.65265977179598e-07,-1.38710912416072e-06,5.67872516448932e-07,1.2569121021432e-06,-2.86663706000005e-06,5.42369473693381e-06,-7.78736561008107e-06,4.93404589688611e-06,1.31616970867907e-06,-4.59130540658353e-06,5.34479096115828e-06,-6.16846313076734e-06,5.53772939661829e-06,-5.21853166688195e-07,-5.53325752176704e-06,6.14982046898566e-06,-3.75656414235506e-06,2.1397704840933e-06,7.37318286455451e-07
4.18632710281752e-06,-5.03611058376566e-06,3.08377121779265e-06,-4.40252165037686e-06,1.04423914721271e-05,-1.31959317345687e-05,1.05524600072837e-05,-6.42037449240359e-06,3.41545796274523e-06,-2.42077359946521e-06,1.71134369609439e-06,-1.13784425957738e-06,2.2990559098404e-06,-3.94397059826959e-06,2.15792789615147e-06,1.95949629225741e-06,-2.81202591190703e-06,3.66248019355448e-07,-1.23757828099924e-07,2.79370438924087e-06,-5.32173358043403e-06,8.46489699199769e-06,-9.6563480355813e-06,4.9758900016489e-06,7.86316308210823e-07,4.71732540179252e-08,-4.69914739167761e-06,4.02669470631436e-06,2.053395945336e-06,-4.72060810375061e-06,3.08029851337622e-06,-4.22693074544992e-06,6.25750412688068e-06,-4.65576417729757e-06,4.09757606619623e-07,3.89083478723859e-06,-4.2972116303184e-06,3.98428168330104e-06,-6.71707592885377e-06,4.8772864630327e-06,3.74198241143197e-06,-8.91136181033681e-06,5.22903641395611e-06,9.03710874643857e-07,-2.72035096819541e-06,6.31025728265449e-07,1.00022782283363e-06,6.57873015422098e-07,-2.77655046487781e-06,2.28510130110265e-06,-2.728323308488e-06,5.1490056780539e-06,-4.25947842780205e-06,4.00477006732401e-07,1.8269771749456e-06,-2.02521669687843e-06,1.10579741375353e-06,-1.85020973366659e-07,-7.55426272209433e-07,1.51505987466062e-06,-4.45101792036679e-07,-3.37808345810873e-07,-2.67127962457621e-07,-1.06327644823656e-06
-3.21736246128733e-06,4.72705262214593e-06,-3.92432408055798e-06,5.05954693657877e-06,-9.81798819383534e-06,1.15181872234775e-05,-9.24804366068986e-06,6.59703195274928e-06,-4.39630474603361e-06,4.89867623553893e-06,-5.3766428545693e-06,3.60656273624096e-06,-4.5140112922298e-06,6.96369798114024e-06,-3.53496515639548e-06,-4.32937114210958e-06,6.64779833033457e-06,-9.89454872490113e-07,-2.72957300883408e-06,9.06657826257821e-07,4.50174741940596e-07,-1.27367032405873e-06,3.06926547510773e-06,-3.57499326417618e-06,1.59882924817763e-06,-1.30431561630178e-06,4.45736168404983e-06,-4.01584334055607e-06,-1.79840828021068e-06,5.5318493574657e-06,-5.07756948175477e-06,5.3424322935376e-06,-5.94100496800178e-06,5.65067260691224e-06,-5.99303889155029e-06,4.48871042973871e-06,-1.46977382151244e-06,-6.65819272952774e-07,2.02696098746474e-06,-3.88495689367766e-07,-3.51149115194149e-06,5.58930075130158e-06,-4.56632489264026e-06,1.83231492987153e-06,3.02264638995992e-07,3.44921956569633e-07,-2.81175621891841e-06,2.68978532244374e-06,-8.88241107888811e-08,-6.76075622700377e-07,7.41216669549304e-07,-2.03634967379387e-06,2.07432163932578e-06,-2.16865645179289e-06,4.06627741909478e-06,-5.04692251412656e-06,5.37494542428915e-06,-5.71692791727696e-06,4.82366707053171e-06,-3.0983816286858e-06,1.3898506643778e-06,-1.37094859382049e-06,2.18043692585535e-06,-2.6836798893532e-07
-1.04800273547732e-06,9.66117107655951e-07,-1.04920258974861e-06,6.51953598397145e-07,1.57264473717918e-06,-2.51140878409703e-06,2.16422578738773e-06,-1.90985059824809e-06,1.88666195200543e-06,-5.47326077777544e-06,8.26306326521907e-06,-6.0850995361179e-06,4.97967026774209e-06,-5.25062741291153e-06,1.35009648315671e-06,5.00043688244014e-06,-6.11432080717894e-06,2.1427564757637e-08,4.38560802780474e-06,-3.43333175778039e-06,4.0571520168961e-06,-5.65283542242446e-06,2.28521141007993e-06,3.21165231897932e-06,-3.84101989432394e-06,2.14809727635376e-06,-3.45652293750914e-06,2.73357228933782e-06,2.43128668793831e-06,-5.79278344137677e-06,5.84629915779672e-06,-6.0448203507565e-06,5.80483003562103e-06,-5.85885629690544e-06,8.93946280064736e-06,-9.71505750493714e-06,4.96690631545785e-06,-1.17700558913364e-06,1.35213961614852e-06,-2.14943892088058e-06,1.24814611302151e-06,-2.07890046848202e-06,6.44521357093009e-06,-8.87939149397059e-06,7.06449110771441e-06,-5.95589259932375e-06,7.67847866475199e-06,-8.45548917347874e-06,6.22340967381359e-06,-3.36075150089506e-06,1.80481893413034e-06,-9.23018547186261e-07,-1.40293825787875e-07,3.51095167515102e-06,-7.98593911838493e-06,8.27828338843929e-06,-6.14266721233912e-06,5.46287317467584e-06,-5.09778826372729e-06,4.70407931228956e-06,-4.47767143566128e-06,4.59305414325754e-06,-4.23201897205168e-06,2.25959108898582e-06
5.08338932433483e-06,-7.21223476831718e-06,6.0708821296861e-06,-5.22155487573207e-06,4.54227154293266e-06,-3.66169959223671e-06,2.55224299982561e-06,-1.72651594744213e-06,2.62095987047119e-07,4.82099604110657e-06,-8.52509843935346e-06,7.11827066722414e-06,-5.05773206299065e-06,2.57643827813891e-06,1.83019679930261e-06,-4.69501353840212e-06,3.23844799347303e-06,8.66816891739601e-07,-2.49117140491223e-06,1.12377728629297e-06,-3.15821743167681e-06,6.31642078999355e-06,-3.09765605763844e-06,-2.90823147874484e-06,3.26610852715871e-06,-4.77016713584388e-07,1.89878401262293e-06,-3.12331548154139e-06,-8.31275984012053e-07,4.77193132672092e-06,-5.33543552606818e-06,4.91882302574597e-06,-4.46114213924516e-06,4.35548238607438e-06,-6.31007221793797e-06,6.34160396324058e-06,-1.46285593974452e-06,-1.86712705006756e-06,3.36209905784397e-07,9.38040585486928e-07,4.57244455507624e-07,1.11343864010695e-06,-7.3751072181128e-06,1.10725301270341e-05,-1.07258452432127e-05,1.1693137989826e-05,-1.33530515168391e-05,1.29581815938587e-05,-1.04588861722807e-05,6.38505719323375e-06,-3.5618870582086e-06,1.92852308548281e-06,7.08562768137313e-07,-4.82063862328203e-06,8.53917296024791e-06,-7.60575839962231e-06,4.22166571054659e-06,-3.32311398045128e-06,3.88033675739073e-06,-4.66036104608829e-06,5.56217422249818e-06,-5.24773586462695e-06,3.01565468552989e-06,-2.03098414305952e-06
-3.40344297688027e-06,7.02413689438412e-06,-6.40940972900273e-06,5.5993106210591e-06,-5.60172561122671e-06,5.28533259958249e-06,-4.49833326930094e-06,3.49693904454774e-06,-1.75795735940253e-06,-1.48776102910997e-06,3.82071481789426e-06,-4.28607448014405e-06,3.43645518192836e-06,1.05263082775683e-07,-4.22134364073981e-06,4.99218066589837e-06,-3.26786053405539e-06,1.85552318731818e-06,-2.59762360977456e-06,3.72244788568962e-06,-1.94741832478506e-07,-4.90667412853777e-06,4.70044278681287e-06,-3.65500291861184e-07,-2.0206044032194e-06,2.02024904288571e-06,-4.68820945306987e-06,6.81432049859407e-06,-2.29908191832009e-06,-4.70723462780546e-06,6.35236045513699e-06,-3.41890212028362e-06,1.8660356764873e-06,-2.14933085042377e-06,2.28161277319247e-06,-1.02756080427688e-07,-4.27106335654367e-06,6.09510899359375e-06,-4.24686059468362e-06,2.31388627978102e-06,-1.41415316672801e-06,-8.72808315454804e-07,3.98669694774828e-06,-4.72558153781227e-06,6.41133586453589e-06,-1.17379237638221e-05,1.43369795096935e-05,-1.24069449041335e-05,9.00719522088752e-06,-4.44766272652579e-06,1.35106422158232e-06,1.34873815267424e-06,-5.37206133685465e-06,7.81713036827197e-06,-8.8728298971882e-06,8.62843836503963e-06,-7.21801804138444e-06,7.27261766494193e-06,-8.17146084731639e-06,8.29011950555377e-06,-8.19623246323375e-06,6.22535148359032e-06,-1.13490446818022e-06,-9.55212969304734e-07
-2.93659637650699e-06,-1.20928973122493e-06,3.84183260129793e-06,-5.70256718238359e-06,6.98462881255371e-06,-7.35142936505201e-06,6.74851156384817e-06,-4.42654848589515e-06,1.93728239275005e-06,-1.33361763315979e-06,1.28793228480287e-06,9.46501183132783e-08,-2.39821287265843e-07,-2.42774558056378e-06,3.52900571661053e-06,-2.58148453928116e-06,3.2982236333534e-06,-4.92199831841192e-06,5.91796514734656e-06,-5.11195328569064e-06,4.32584998331295e-07,5.76895366117962e-06,-8.67345253326213e-06,5.96606479448991e-06,-1.34555864265725e-06,-1.29666612208566e-06,4.72466400438584e-06,-7.12355361367854e-06,2.13105226879807e-06,7.07397679020692e-06,-9.25234727423177e-06,3.62811538066822e-06,-1.97884191769665e-07,7.37459422408831e-07,-1.24485041770467e-06,-3.25150060449556e-07,3.09456697964748e-06,-4.71864974830218e-06,6.12908898905974e-06,-7.10089594572801e-06,5.51840674545371e-06,-2.39427743679668e-06,1.07722021955039e-06,-1.60076363678224e-06,-1.79718154715288e-06,8.72969241074752e-06,-1.09665984173573e-05,7.99339938565387e-06,-4.02193554967708e-06,-2.96315301392596e-07,3.58371461252598e-06,-6.94640841968995e-06,1.08103910581508e-05,-1.10398270814446e-05,9.46757050499871e-06,-9.86347055274519e-06,1.0987863144734e-05,-1.22778690047037e-05,1.28922129847698e-05,-1.19676295390853e-05,1.09293555487641e-05,-7.91595296358449e-06,6.76216478779649e-07,4.60920504925811e-06
7.44215831278729e-06,-3.4802633188155e-06,-5.27459456455432e-07,2.70184797546626e-06,-4.10658040055855e-06,5.7375776922632e-06,-5.98553148896923e-06,2.34836786043445e-06,1.59044440894337e-06,-1.4506182709395e-06,-2.49695307052646e-07,5.64795054432224e-07,-1.45300788267405e-06,2.74745314301266e-06,-2.75709657311349e-07,-2.30907720023048e-06,-3.08542013880727e-07,4.00581807420775e-06,-4.7470887141898e-06,2.57356629967657e-06,1.22556497217504e-06,-5.43154523030377e-06,8.54667292085049e-06,-7.39088047856224e-06,2.92181102883532e-06,9.64009166428367e-07,-3.71835408251161e-06,3.95684028064309e-06,1.92111272641627e-06,-1.07776374037558e-05,1.13865969799318e-05,-3.32149321917072e-06,-2.04049457568217e-06,1.94331886081257e-06,-1.3828575180843e-08,-1.55324046847353e-06,2.06270137905202e-06,-8.06678219568702e-07,-4.55321525946017e-06,1.06360583218386e-05,-1.14900355826875e-05,7.85065072930041e-06,-4.48300547725604e-06,2.39558266665456e-06,2.46605115773392e-06,-9.01712881619408e-06,1.07451604261257e-05,-6.55747021032721e-06,1.4460679063122e-06,2.4381963418682e-06,-6.37512022087833e-06,1.05529308248243e-05,-1.33109795980199e-05,1.21792335009106e-05,-9.71368743268172e-06,9.24553424742699e-06,-1.00406054379741e-05,1.12776533313568e-05,-1.10914643394782e-05,9.54453280250405e-06,-8.87992590397586e-06,6.4899663613287e-06,3.04394098701189e-07,-6.7498145124713e-06
-7.55415687784806e-06,3.7526773651868e-06,-1.58636634103028e-06,3.79063837696763e-06,-4.54857324297049e-06,1.15346119047584e-06,1.81377292098895e-06,3.7571515559802e-07,-4.63491375864797e-06,6.14144098102844e-06,-4.75429113517289e-06,1.39930456939129e-06,2.1774881924074e-06,-2.30026963119239e-06,-2.7796303747067e-06,6.39449088049517e-06,-3.86765085196616e-06,2.43405776662112e-07,5.97327268965625e-07,1.12565096794123e-06,-2.47144103806272e-06,2.54142090364083e-06,-3.39559752511896e-06,4.33180968051682e-06,-3.25033361553625e-06,7.80978965489664e-08,2.29201938105501e-06,-1.42900858356606e-06,-3.64425132609259e-06,1.03168191258637e-05,-9.97120336460917e-06,2.368004097395e-06,2.98541704111691e-06,-3.96495711281525e-06,3.26697953018055e-06,-8.43296378899054e-07,-2.58507567708646e-06,2.9754536069111e-06,3.10751368674145e-06,-1.12104560915567e-05,1.38361062636418e-05,-1.00646403814123e-05,4.69135396167917e-06,-9.04796747379321e-07,-3.41086876307421e-06,8.83215100412166e-06,-9.98877722456477e-06,4.53476464256504e-06,7.99439901697557e-07,-2.8718854073455e-06,5.48455758117084e-06,-9.01463107402582e-06,1.05446524752171e-05,-9.32387523519168e-06,8.38404518088697e-06,-8.08383859207675e-06,7.32773669105475e-06,-7.14101083549601e-06,6.19493079366421e-06,-4.62814408194812e-06,4.52960317620921e-06,-3.20381004349181e-06,-1.3396228202752e-06,6.37050318500023e-06
3.30548913073729e-06,3.52773083038622e-07,-1.14956375557678e-06,-4.52411994336103e-06,7.24168199184467e-06,-3.19700323500954e-06,-1.80190337611711e-06,2.20467141855774e-06,1.64147776091966e-06,-6.31293833770706e-06,7.50404065406388e-06,-2.51786193654332e-06,-3.87205382895007e-06,3.6180870515126e-06,3.66825387065436e-06,-8.41151649577541e-06,6.34470610209583e-06,-2.96517511969236e-06,2.11700896825706e-06,-3.173927352915e-06,1.73050995204938e-06,2.09956247506928e-06,-2.40693545427594e-06,-1.54503940621339e-06,3.00449194016303e-06,7.31754711547816e-07,-3.33962752297222e-06,2.57793401296913e-06,-1.69682149456762e-07,-4.35507000010469e-06,6.52712377857199e-06,-2.99666069101928e-06,-8.369683197038e-07,2.332278630246e-06,-3.91361758592423e-06,3.82799598886417e-06,-4.51586719147621e-07,-4.08637616725273e-07,-5.22298647847074e-06,1.17730351364985e-05,-1.30390987979703e-05,8.78295080807702e-06,-2.8333413459993e-06,-7.38072665734074e-08,1.34632393662316e-06,-4.35134216459743e-06,4.16047765675014e-06,1.42408298454625e-06,-4.84705966743547e-06,3.80167688308477e-06,-3.10163918737513e-06,3.82715829276932e-06,-3.44991167590089e-06,2.54249822779811e-06,-3.65045921818683e-06,4.90526703306902e-06,-4.68670885530051e-06,4.71482575140663e-06,-4.49233908232441e-06,3.20386510015136e-06,-1.93818870235969e-06,6.64932124354824e-07,3.71760118640845e-07,-2.29479862593985e-06
3.29339013900951e-06,-3.97627952894735e-06,3.93269046905053e-06,2.69112956953483e-07,-2.4176672141477e-06,-4.46498153859745e-07,4.91803557879401e-06,-6.659743107567e-06,3.14924832132784e-06,4.03414314804229e-06,-7.63442223014515e-06,2.59617419438026e-06,5.24184666510901e-06,-5.61867483208359e-06,-1.91537214778145e-06,6.90309483923134e-06,-5.15704690643132e-06,2.32410936364349e-06,-2.6896897462666e-06,3.61564120326956e-06,1.01748495397622e-07,-5.00802664198927e-06,3.56191297635636e-06,2.57585497075173e-06,-3.82599515728888e-06,-8.78867930751221e-07,3.37968552006942e-06,-3.59964064600871e-06,3.92746853661874e-06,-2.48052206907425e-07,-5.42208938906073e-06,5.07556577802149e-06,-1.18331808791413e-06,2.18434216639799e-07,3.24024145038993e-07,-1.74470572005876e-06,7.84783421771095e-07,-1.23204746822489e-06,7.00625672744351e-06,-1.1950745315429e-05,1.1838460393082e-05,-8.13430947717625e-06,2.25183826882492e-06,5.17107824690479e-07,4.22211647501001e-07,-7.28112177970981e-08,7.57592536587551e-07,-3.72097652970771e-06,4.16419454235677e-06,-2.01558909675877e-06,1.36357895400466e-06,-1.47408748566057e-06,-2.18263773857738e-07,1.69185669846255e-06,-1.09360882534985e-06,-3.70737413853645e-07,2.37322743782248e-06,-5.05397014140169e-06,6.16757463704472e-06,-4.08285051834998e-06,7.20276893146867e-07,2.45385070881883e-07,2.84105858958107e-06,-4.76146893221123e-06
-6.36829340167875e-06,1.39600172513615e-06,3.79123837193488e-07,-5.31510529837866e-07,1.95966836822581e-07,1.23845713756556e-06,-4.42299852879651e-06,7.18088984585212e-06,-5.01093629536066e-06,-2.27211699703207e-06,6.56786516949895e-06,-2.24157189859518e-06,-4.59194913930944e-06,5.25237122494765e-06,-2.33751628687912e-07,-2.96462781931959e-06,2.31056766158337e-06,-2.11624008039113e-06,4.30904207470461e-06,-4.29845419159048e-06,-6.98048343412968e-07,4.11554545706258e-06,-1.00454078253345e-06,-4.00037766074648e-06,2.66670338322839e-06,3.16027661862158e-06,-4.64691003304634e-06,3.79802664022751e-06,-4.5749796953861e-06,1.78132526022534e-06,4.99110953056204e-06,-6.42968835216984e-06,1.97670329421422e-06,-4.55655947816129e-07,2.1060911371963e-06,-1.94499870033451e-06,1.07560433977468e-06,3.33536845570724e-07,-4.61543401716038e-06,7.58658449309435e-06,-7.66062269399886e-06,6.85871527416059e-06,-3.14229120083784e-06,3.54250170514282e-07,-1.83102728802068e-06,3.37422178028413e-06,-3.37325834827297e-06,2.16656007596405e-06,-2.60980866748966e-07,3.15531405071435e-07,-3.60462449401726e-06,5.80532773259538e-06,-4.28935103590576e-06,1.52254964717218e-06,8.71903104752844e-07,-9.51231059807783e-07,-2.83070251696504e-06,7.55191409804448e-06,-8.12648831691261e-06,4.05018277668681e-06,-2.0279828125332e-07,6.65102107842324e-07,-5.5670763891758e-06,9.31766823743533e-06
5.88845266117801e-06,2.56058563500333e-06,-6.67620496639088e-06,4.63118673662798e-06,-1.70435769739826e-06,-4.07094303432012e-07,3.54383237131508e-06,-6.93771796395999e-06,6.61811467945296e-06,-1.27625776049176e-06,-2.85125113251114e-06,1.01347522454938e-06,1.95778640437125e-06,-1.70262629988536e-06,1.03238214060211e-07,2.49918878568202e-07,-9.827008793063e-07,4.07600605541462e-06,-6.84212673058585e-06,4.59490522680695e-06,1.17254906902837e-06,-3.55060158931476e-06,1.13768541601486e-06,1.98478665952837e-06,-1.32138955721168e-06,-1.97539786688189e-06,2.66491595801972e-06,-2.67114141133131e-06,4.71553776849967e-06,-4.14708554609181e-06,-1.40413562516115e-06,5.09487594748214e-06,-2.62095866400042e-06,-4.30919797057573e-07,-1.20690268407507e-07,5.10788910121777e-07,5.72262738215394e-07,-8.68271599598023e-07,1.33808718870914e-06,-1.17129095474065e-06,1.69503984820501e-06,-4.1959975797789e-06,3.89688322641185e-06,-2.55789217581286e-06,4.32299676788179e-06,-5.92896244672021e-06,4.50736629860719e-06,-1.37163060663459e-06,1.56295021044976e-07,-3.17609680522574e-06,8.18383475859484e-06,-1.09428845272177e-05,1.06042239599386e-05,-7.51892481593468e-06,2.9062548030691e-06,-2.02204642069555e-06,6.27026792106904e-06,-9.96345566501337e-06,8.33407278298349e-06,-2.99961134502129e-06,-5.07591476610194e-07,-2.18775184344129e-07,4.20248613158916e-06,-8.43323087952095e-06
-4.67797276262906e-06,-2.6162066861339e-06,7.92302285691178e-06,-5.71736058777898e-06,9.16840190700919e-07,2.98660209732499e-06,-5.81595987327563e-06,7.45604056744325e-06,-7.31994657528163e-06,4.56436667187831e-06,-1.97763463843251e-06,1.66507862383455e-06,-6.55176816778005e-07,-1.45929434612902e-06,1.82159144286049e-06,-7.23705316137828e-07,2.24649922006856e-06,-6.7277781399433e-06,8.62773293889166e-06,-4.72945652553187e-06,-2.03162245516192e-07,1.47120974365947e-06,-8.89785625835011e-07,-1.36089730333907e-07,7.16928896141046e-07,-1.69864005171497e-07,-3.77133701927545e-08,1.1151883690629e-06,-4.27686974790214e-06,5.79709106046012e-06,-2.42003132576331e-06,-2.50465039480505e-06,3.2815728151433e-06,2.71636736606749e-07,-3.54783409207946e-06,5.63007851756914e-06,-6.54869547779578e-06,4.7383788760697e-06,-2.04399446311907e-06,-2.39568123812262e-07,-1.59402232716019e-07,3.42466450901726e-06,-4.63087873195154e-06,4.44401915434691e-06,-5.16985941990852e-06,4.32618708099388e-06,-1.73442425782234e-06,6.78995414466596e-07,-2.55657684145097e-06,5.25339365613025e-06,-6.34034338805509e-06,6.79968951718163e-06,-7.90969058820513e-06,6.62681195432569e-06,-3.13405163309579e-06,3.48667553284449e-06,-7.24372466616624e-06,8.50476029246014e-06,-5.88149477854942e-06,1.18670803647747e-06,2.64755253695397e-06,-3.05251567361219e-06,3.12920159944878e-07,4.31137011075536e-06
2.91030457058092e-06,6.07212693821807e-07,-5.06558240014285e-06,4.00695674325837e-06,5.31627852569245e-07,-4.94395440301267e-06,6.85823065771911e-06,-5.92080702216408e-06,3.81594654003974e-06,-1.2230146434504e-06,3.3324179369326e-07,-1.60528466166039e-06,1.13342377551646e-06,1.7650752908775e-06,-3.72167014499458e-06,3.89678237464166e-06,-5.48468340787616e-06,8.57745347997453e-06,-8.51860940496304e-06,4.58996005023152e-06,-2.4581944434882e-06,3.38748300762368e-06,-3.15964706604597e-06,2.38659633558547e-06,-3.44325682064549e-06,5.05928463990579e-06,-5.56029351479335e-06,3.84811006707001e-06,7.99742350472459e-07,-4.61280769159724e-06,3.19303782658242e-06,1.05153394031245e-06,-2.35822551198424e-06,-1.74153169141365e-06,7.61956255089271e-06,-1.13725980211811e-05,1.20822319741197e-05,-9.70976023881533e-06,5.58202663128541e-06,-1.36810067954185e-06,3.70150738727036e-07,-3.03384974206146e-06,5.3701012286761e-06,-5.7269597160396e-06,3.92598211352295e-06,-5.09198483231175e-07,-1.98223070460411e-06,4.376057268818e-07,3.33315647552694e-06,-3.03161330340446e-06,-2.14759568652005e-06,5.78460759300438e-06,-4.2986334913733e-06,2.14684350904124e-06,-1.62222038129005e-06,-7.15767448552366e-07,3.94201634858356e-06,-4.64500620670464e-06,3.21615453750194e-06,6.20662131812773e-08,-4.14055018288886e-06,5.85951157710871e-06,-4.41690533598933e-06,6.04826025530546e-08
-2.99334177678246e-06,1.88241769291423e-06,2.59512030040118e-06,-4.23390624079112e-06,1.28325102568586e-06,2.84292595391328e-06,-5.04327034714649e-06,4.65012712526713e-06,-1.16692809621233e-06,-4.38380855880336e-06,6.25357517670815e-06,-2.27690823412121e-06,-7.4645191175776e-07,-6.92149460839039e-07,3.42150479507421e-06,-5.5500944008358e-06,7.17199742551138e-06,-7.66756658446601e-06,5.84897141042351e-06,-3.56091097180604e-06,3.81488825098919e-06,-5.07993934879511e-06,4.3175148692383e-06,-2.42585884852327e-06,2.43691462103409e-06,-4.28737617866728e-06,6.78561143899124e-06,-7.68748964192552e-06,2.68707749292867e-06,3.24115542837521e-06,-2.77642405164623e-06,1.77693932188372e-07,-1.00545608752976e-06,5.3309581272364e-06,-1.0455723696883e-05,1.3272012950201e-05,-1.38407091455126e-05,1.27078176919626e-05,-7.79958543704874e-06,6.71680980754538e-07,2.29162218419344e-06,4.02281210539345e-07,-4.21135259748015e-06,4.69653941872e-06,-1.86185166937629e-06,-5.81454781993875e-07,1.9858988071374e-06,-1.61874079286377e-06,-5.58315357130343e-07,-5.44727188530153e-07,6.71275029110194e-06,-1.24952811089637e-05,1.24916676829303e-05,-8.52942802298981e-06,4.83013510762756e-06,-1.93570409585704e-06,-8.18357837676334e-07,3.18754752142912e-06,-3.62290294014974e-06,9.21575806070369e-07,2.92872217702852e-06,-5.5486564589306e-06,5.33400508608214e-06,-1.15421869383746e-06
3.03634425719787e-06,-2.02125999886909e-06,-2.87486624345292e-06,5.62927240316687e-06,-2.74869475207883e-06,-2.25004656986024e-06,6.62924322769728e-06,-9.04069130035061e-06,5.63258867797813e-06,2.90050764123915e-06,-7.6305328588407e-06,3.95547896907868e-06,5.21028170060679e-07,-1.33838747544891e-06,1.85578417843141e-07,2.92662833628019e-06,-4.86474345605164e-06,3.62634932510165e-06,-2.33159221247815e-06,3.13811716645287e-06,-3.94205626277179e-06,3.25603546068362e-06,-1.50652373899634e-06,-1.61339994420293e-06,3.05813571460797e-06,-7.96677229799096e-07,-3.97747347882939e-06,7.8009314655704e-06,-4.36937266191928e-06,-1.34718615397412e-06,1.33929082378947e-06,-7.61800751953845e-07,3.218670272519e-06,-6.44801823818322e-06,9.8432275853927e-06,-1.15799785139241e-05,1.17973168850744e-05,-1.17523312130502e-05,7.16640346370923e-06,1.32038811888288e-06,-5.19943983503473e-06,2.50799304136797e-06,5.03970992656419e-07,3.59038840708457e-07,-1.90324350826198e-06,1.05363441261406e-06,-1.56526440790162e-06,4.17733713003939e-06,-4.79517559978365e-06,3.33198583222694e-06,-3.32391318955642e-06,6.25101146585359e-06,-8.04934701246963e-06,5.88787008153105e-06,-3.27599859300226e-06,2.74873658227314e-06,-1.00386820637211e-06,-3.91803297901488e-06,6.73553059783462e-06,-4.01382756721124e-06,-5.96813222182114e-08,2.9973656759138e-06,-3.69135512298816e-06,4.45334257328861e-07
1.29731519523396e-06,-2.25807596617265e-06,3.75522138967602e-06,-3.29788183495165e-06,-1.79203030139362e-07,5.67597130447446e-06,-1.18522945860893e-05,1.51664980977408e-05,-1.12660915136211e-05,1.47347088643222e-06,5.64426719149697e-06,-4.72176231184475e-06,1.15681840021727e-06,1.04772236360723e-06,-1.38708369029536e-06,-1.06243003600888e-06,2.01082236207619e-06,-5.84932481019532e-07,1.28957232207726e-06,-3.0949031135501e-06,2.08725400486358e-06,-3.86108682379117e-07,-6.26833264785797e-07,3.91738649776425e-06,-6.78452471331022e-06,5.36282688025111e-06,1.7066841981418e-07,-5.90377003508911e-06,5.2796284395873e-06,-1.85943107242884e-06,1.82516105902355e-06,-1.11455045426694e-06,-1.59594920099093e-06,4.27233008097549e-06,-7.35270429097565e-06,8.04033723135161e-06,-6.50872341709213e-06,5.98149095998236e-06,-2.46794276123834e-06,-5.00238332969155e-06,7.99074418367546e-06,-4.33850453397804e-06,2.19536678434141e-06,-3.86824190325764e-06,3.63661675793488e-06,-1.99933707822345e-06,3.51479209922291e-06,-7.00789602168638e-06,8.4323997341588e-06,-5.31639566694795e-06,-2.0822745765563e-07,2.32463463162618e-06,-1.25190362507876e-06,1.13237413643512e-06,-3.65705316391107e-07,-1.85363784388566e-06,6.47447123265416e-07,5.75847632041099e-06,-1.04413889922514e-05,8.00799538969892e-06,-3.10299264594366e-06,-3.6580368773631e-07,2.34310282079652e-06,-2.02318835432555e-06
-5.95128816788755e-06,6.68006191863963e-06,-3.57150845188585e-06,-1.10526383470433e-06,4.18196504755711e-06,-7.62271056940426e-06,1.21733463533173e-05,-1.3464233132739e-05,8.98767399004695e-06,-6.94738319006465e-07,-6.24354956121932e-06,7.66717665640519e-06,-5.44391806891986e-06,2.78099258243846e-06,-1.39711791855124e-06,1.68898754239777e-06,-1.82824024e-06,2.92373145374852e-06,-5.32875245107373e-06,4.26036145988005e-06,1.52723487954904e-07,-1.95903614106965e-06,1.70186456699527e-06,-3.04747521565235e-06,4.32071724619374e-06,-3.54973770957979e-06,-4.46238432396495e-08,3.89862386743961e-06,-3.68947155314557e-06,2.70944488695573e-06,-3.68229378961496e-06,2.66517043483051e-06,3.73791802735071e-08,-2.6336468663469e-06,4.6907910256911e-06,-2.88849983152009e-06,-2.5220355798587e-07,2.19084654681959e-07,-1.78569284386303e-06,7.52038998856397e-06,-9.53924620476673e-06,4.84538022432032e-06,-1.98397904431296e-06,2.67060438203359e-06,-1.64668545744431e-06,1.83463287506469e-06,-4.74619255877049e-06,6.50958889343442e-06,-7.00855456073735e-06,5.78253958964871e-06,-1.2832857887673e-06,-3.08292192934459e-06,4.75607398962946e-06,-4.94172830310881e-06,2.64645990476156e-06,1.23538488295998e-07,1.49882129712129e-06,-7.30166666087452e-06,1.16642916048444e-05,-1.00240265674983e-05,5.15164810902425e-06,-1.04979889344024e-06,-2.01171723115135e-06,4.08066692472688e-06
4.96549592662433e-06,-6.72596465713877e-06,4.16350961560014e-06,2.23683675562199e-07,-2.62672672802154e-06,4.77806813835194e-06,-6.99817281157773e-06,6.4576879031713e-06,-3.56962955637891e-06,-4.47178281069928e-08,4.55525968566338e-06,-8.35013448746521e-06,8.414075761877e-06,-5.47143926110875e-06,2.83513370680378e-06,-2.0477073000809e-06,3.55982757251948e-06,-8.00990194973966e-06,1.13249140877611e-05,-7.79711113276802e-06,1.56520585078204e-06,1.06184970536343e-06,-1.37391855156047e-06,8.28069202380046e-07,-9.65741795692333e-07,3.18496195395268e-06,-3.0902482680038e-06,5.25957321646928e-07,8.51615758565036e-07,-2.35143975482156e-06,3.2757444071172e-06,-1.10555239309952e-06,-1.66884396566307e-06,2.9562550053933e-06,-2.34610301723141e-06,-1.39358079314586e-06,3.744093963355e-06,-1.34098377953024e-06,3.64247193811848e-07,-4.06323551378074e-06,5.90255411572411e-06,-2.65271936451974e-06,8.55699134706147e-07,-1.44143190627552e-06,9.13622977469849e-07,-2.76344244702188e-06,5.58874572288905e-06,-4.61059385760698e-06,2.66218201717212e-06,-3.13744792012779e-06,3.57575682898226e-06,-1.35615904285887e-06,-2.19736076942854e-06,4.2762216829585e-06,-2.05292993606618e-06,-1.30848781617782e-06,5.53380593527628e-07,3.47097615433179e-06,-7.16313168469945e-06,7.43948386483129e-06,-4.32638418183007e-06,9.52866389580862e-07,1.13957488203228e-06,-2.62031473184785e-06
-1.8311033252873e-07,2.9388997090516e-06,-4.74464185563775e-06,5.15577430875303e-06,-3.62872305204261e-06,-2.20864109551062e-07,2.5642935834253e-06,-1.40541659081878e-06,9.99959959707434e-07,-2.89931141723089e-06,1.31458450229979e-06,5.08974704894424e-06,-8.77973023779061e-06,6.72830073508773e-06,-3.4389930460416e-06,2.20406837802211e-06,-4.1160607434626e-06,9.11997290823979e-06,-1.26759344039174e-05,1.00377780198743e-05,-4.54935392212227e-06,7.53988055268187e-07,7.36162702435632e-08,1.90852350895148e-06,-1.53930867285423e-06,-2.99688023644884e-06,5.12934300339239e-06,-2.64943110647664e-06,-1.3992344239338e-06,3.88814598736442e-06,-2.39999253197215e-06,-1.53461506263706e-06,3.97901076725728e-06,-3.76529894145545e-06,2.15837286119514e-06,4.90512537663718e-07,-1.61406941687648e-06,-6.21814191958259e-07,1.59451354354936e-06,8.05927425608088e-07,-1.52407259419712e-06,-3.84120800669357e-07,-2.29399674801596e-07,1.62087809242307e-06,-1.66790022919192e-06,4.39741361769338e-06,-6.84740502484662e-06,4.07365786502805e-06,1.1675042451828e-06,-1.93232759863921e-06,-2.43755396167319e-06,4.26008594107999e-06,-1.24337885396338e-06,-8.97869457910018e-07,-1.50470617429901e-06,5.10445214608713e-06,-5.88860259744834e-06,3.83948506143519e-06,-2.91140143777658e-07,-2.00543577424336e-06,1.40090711405483e-06,-6.1758086149522e-07,1.05903610433366e-06,-1.22799805219064e-06
-2.44125715946731e-06,1.18615866640933e-06,2.43818334022937e-06,-6.95701408650324e-06,7.00349584632705e-06,-1.46724046970402e-06,-1.6728372692542e-06,-1.5202007936064e-06,2.7888449018814e-06,1.88570622837848e-06,-3.01906934100246e-06,-3.14873238603296e-06,8.0361141021451e-06,-6.89328061188166e-06,3.14182189326993e-06,-5.74263344286992e-07,1.29011847105123e-06,-5.23565831592979e-06,9.05292781101488e-06,-9.13347254468947e-06,5.44359331665842e-06,-1.08896200695639e-06,7.37979342130722e-07,-3.22049473181334e-06,1.69373271177085e-06,3.1744290633055e-06,-4.46448316905429e-06,1.68282263881134e-07,5.15994732449444e-06,-5.73331358253704e-06,1.60472703063181e-06,2.46598124115034e-06,-3.64939010291402e-06,3.01477275531045e-06,-3.48499307760886e-06,4.11454136778339e-06,-3.13725117249871e-06,2.26644293426372e-06,-3.69807658329385e-07,-2.55341882232069e-06,1.62399894442434e-06,1.1348199150573e-06,-3.24669778984699e-07,-3.43753343086165e-07,1.93637606646636e-07,-2.78916992781659e-06,4.89610410751504e-06,-2.65723715079853e-06,-3.83879185038857e-06,7.37841639122473e-06,-2.83601931121074e-06,-2.07313003219796e-06,2.51164169297743e-06,-3.4049517143372e-06,5.82551029742994e-06,-7.35793665320443e-06,8.09185409259432e-06,-7.44386727207907e-06,4.71683713280827e-06,-1.54738793875989e-06,-3.74873604591304e-07,1.5566449653293e-06,-2.21386426125167e-06,2.38158227627218e-06
5.08054850048267e-07,-2.06423278289884e-06,1.30221685418651e-06,2.82085578883403e-06,-4.07492964198294e-06,-9.71207687326866e-07,3.97508575302387e-06,1.16632175529717e-06,-4.96736559206126e-06,1.52377954671751e-06,-3.79751920069957e-07,4.24311654547033e-06,-6.04814897677634e-06,3.57368632357115e-06,1.10412089689311e-06,-4.49923430793828e-06,3.56040230823896e-06,3.14476777350983e-07,-4.07031117236187e-06,6.13944248067164e-06,-5.17853295636909e-06,2.4162306564505e-06,-1.98327648206544e-06,2.62140062682706e-06,-1.50193849150393e-06,6.3345000417652e-07,-1.94575637220645e-06,6.23923734180457e-06,-9.70314997386048e-06,7.44671275986585e-06,-2.73349513949037e-06,6.10378972564733e-07,-1.13688657020599e-06,1.19344358986392e-06,2.51750392174165e-06,-6.97645710374935e-06,7.00127577365677e-06,-4.07470399140377e-06,2.02276523263682e-07,3.1423357320072e-06,-2.37473007577329e-06,-1.43276213337103e-07,7.97446094481495e-07,-1.62782756999902e-06,1.39524871742503e-06,1.15182342456432e-07,-7.29603990168251e-07,3.06489961159544e-07,4.45748221734404e-06,-1.0042684717602e-05,8.61793158475384e-06,-3.55338723136578e-06,-8.2051153380053e-07,5.30213026172835e-06,-7.57864044118201e-06,7.28271081809555e-06,-6.85779204592872e-06,6.20518261490279e-06,-4.90155899426248e-06,1.96435325340058e-06,1.52014668742908e-06,-2.34057654010509e-06,8.87850139593949e-07,1.6991967363016e-07
2.3381389762315e-06,7.18716480804795e-08,-1.99248333515227e-06,3.76017325726579e-07,6.22032702439933e-07,2.91120001935371e-06,-5.15732121307182e-06,1.22425283313878e-06,1.7802638082677e-06,-7.10801807650369e-08,7.21899918913434e-07,-3.03712965324238e-06,1.91106098520577e-06,1.17737581780975e-06,-5.87954966096318e-06,9.79563301522976e-06,-8.02657590934916e-06,3.34682260439122e-06,-4.62188844199898e-07,-1.3163601326752e-06,2.98059139050021e-06,-3.9801973716774e-06,4.09564045897226e-06,-2.25227729382678e-06,9.63936555680393e-07,-3.16763244948758e-06,6.56624606760612e-06,-1.03067604966118e-05,1.24120814506796e-05,-1.01486529633285e-05,7.12827880899008e-06,-6.38868106464354e-06,6.51199230015665e-06,-5.0792236294259e-06,-9.96302767072352e-08,5.7731588937768e-06,-6.78097103514227e-06,4.50373194331077e-06,-1.93657615784207e-06,-3.80251364489383e-07,1.71974445995165e-06,-1.97295317599664e-06,1.03054245542506e-06,-1.036937135212e-07,1.27253058345371e-06,-1.39125439080846e-06,-1.24267928948625e-07,1.37381323882245e-07,-2.69380741192591e-06,7.97006775007137e-06,-9.73240210386041e-06,7.48123011636363e-06,-2.1695116782713e-06,-4.07727766792625e-06,7.03582729027851e-06,-6.51567195354254e-06,3.89354774585222e-06,-2.03171681319415e-06,2.66415166046526e-06,-1.02767259960487e-06,-2.69121670171336e-06,2.28972417607086e-06,9.42398146183134e-07,-2.66803187830056e-06
