-4.06145710462087e-06,5.05360046642698e-06,-1.16550304039081e-06,-4.44726007604633e-06,4.8893971937615e-06,4.71884716850479e-06,-8.4251724435837e-06,5.81749607529148e-06,-1.58663662756527e-05,1.98354651344088e-05,-9.49157567657305e-06,9.08039061935148e-06,-1.31935536828714e-05,1.05315406774442e-05,-3.35557302500927e-06,-6.60645130419628e-06,6.18574909029302e-06,-1.15410358756947e-06,3.57266486832401e-06,-1.37706055528029e-05,1.15409518359692e-05,3.04984558509841e-06,-2.64543877238385e-06,-4.10941802874176e-06,4.79242863112714e-06,3.66878449355255e-06,-1.41524387790362e-05,4.35446236422087e-06,6.66104186894775e-06,-8.69008267137517e-07,-4.39070224955878e-06,-3.97579116192328e-07,-1.79122116590562e-06,6.59463956453961e-06,-1.81088352442537e-06,5.13345531005869e-06,-5.26385139273855e-06,3.42697878713804e-06,-6.19225671750841e-06,1.06326338637345e-05,-1.40350850594562e-05,4.72763309220868e-06,-3.88839850005176e-06,3.58168806895191e-06,7.04298319137452e-06,-6.86924276994331e-06,8.6637243818882e-06,-9.64733206521001e-06,3.44697162764588e-06,3.11690148468388e-06,-5.08732187958021e-06,1.00712702022285e-05,2.77028796410215e-06,-1.24091555111766e-05,5.33803833479505e-06,5.14866483852297e-06,-4.79558332958294e-06,6.58456223355482e-06,-5.4711136786321e-06,3.19830667106296e-06,-3.88636981477788e-06,2.57776022787113e-06,1.21191905887632e-07,-9.33155643757125e-07
3.10284830557245e-06,-3.9937377736781e-06,-7.19702438958209e-07,6.40485294912314e-06,-4.06928260342537e-06,-5.7090369123718e-06,-1.6725888320711e-06,1.20705935504649e-07,9.20413340449712e-06,-1.59722844818783e-05,1.22039964064617e-05,-5.14056587814673e-06,-4.57964456213112e-06,2.37743424030632e-06,1.24729710870244e-06,3.30981202206963e-06,-1.20795462637247e-05,8.95466547737244e-06,-6.67491036206102e-06,7.21483178360064e-06,-2.88508510588139e-06,-7.00192591107723e-06,1.13489184858127e-05,-5.19904904537389e-06,-8.68803883655562e-06,1.39540556036076e-05,-1.07667845221157e-05,7.97291951709751e-06,-1.57033841327327e-05,1.34605187540315e-05,-6.98179894395323e-06,6.49523059066059e-07,7.91083572616148e-06,-1.30895310075227e-05,1.73372503848001e-06,1.26118478600456e-06,-1.20851414295255e-07,-5.12716329642967e-06,5.4055927052492e-06,-5.5143284028895e-06,1.3601196476444e-06,7.94621178057753e-06,-8.5236723282405e-06,2.92738457896138e-06,-9.89565141782283e-06,1.16796179292118e-05,-1.08814114188629e-05,8.97388515668366e-06,-4.78754042089281e-06,-4.94794657523999e-06,9.38907335483285e-06,-8.07187687918483e-06,1.80231531508876e-06,2.27524722141995e-06,-1.00554003842898e-06,-7.34553783535045e-06,4.1290539383554e-06,-9.63965408684539e-06,7.8416564336175e-06,-5.06557579246878e-06,1.0716889216229e-06,1.52902496737127e-06,-3.68400959430008e-06,-1.5826057433601e-06
3.09242988870625e-06,-7.74559992993905e-06,3.51868737477747e-06,-3.79985832455153e-06,4.99914045298075e-06,-4.99663139145672e-06,1.74873646216338e-05,-1.11218606276518e-05,-5.47948250525301e-06,1.23673165491296e-05,-6.86169735962414e-06,-9.34049125648397e-06,1.67489965481308e-05,-5.10128450545296e-06,-3.89897539804942e-06,6.03881586986731e-07,9.54807381686121e-06,-1.09931914735344e-05,4.39821652133797e-06,-5.15626683264303e-06,3.52808210102875e-06,7.86669553008169e-06,-1.50021306321533e-05,9.02055898211573e-06,2.80472616833226e-06,-1.83233647726317e-06,-4.46376325728001e-06,-4.43578606007507e-06,9.1881653423103e-06,-1.28002857951319e-05,1.27952666112557e-05,-5.98800431477382e-06,-5.56431578397299e-06,4.62163378914808e-06,4.18233588968637e-06,3.75276497728741e-07,-3.50419486694263e-06,1.52243079690402e-06,6.96779584201231e-06,-1.01443512913178e-05,1.30949439103111e-05,-1.54362545056962e-05,8.23818785386149e-06,-3.95494034192145e-06,8.21580630759002e-06,-1.00991975641895e-05,6.64039905044142e-06,-3.75701012975402e-06,3.19322060349344e-06,-1.58417207877433e-06,-5.190818785595e-06,2.92413651688212e-06,-2.33834938469482e-06,-1.76844092453484e-06,1.48815862800803e-08,5.93887140002271e-06,-2.22753278654978e-07,-1.13398536256837e-06,-4.55371640158103e-06,9.4496403288922e-06,-4.88868554696369e-06,2.00184605547698e-06,-1.53097439887956e-06,3.38306845320326e-06
-7.09749111698344e-06,8.62272923913955e-06,-5.92951098946734e-06,4.43950903162192e-06,-2.06142280896125e-06,7.83077529877407e-06,-2.23531129338768e-05,1.61868040028375e-05,3.79653405751857e-06,-1.43034229454688e-05,7.66484435218019e-06,9.28443068154897e-06,-5.90559938066528e-06,-7.06335065007107e-06,4.40747560787517e-06,2.96676595725834e-06,-1.13226971840571e-05,1.38744011885332e-05,-5.50055051803013e-06,4.22338879449056e-06,-3.1614566587781e-06,-4.35809908281175e-06,5.22827533518724e-06,5.98750338923115e-07,2.78304774792074e-06,4.56726795598198e-07,-1.10110872744481e-05,3.3170867390081e-06,1.0496191984198e-06,-4.15307296853983e-06,1.47725842992956e-06,5.55113784770814e-06,-3.80231770710203e-06,2.86459161126302e-06,-4.78333594991457e-06,-6.53161385614549e-06,8.38007216891983e-06,-1.02542125099781e-06,-1.28071838890213e-05,1.46454229719407e-05,-9.67417108516483e-06,1.96403864379853e-06,2.88432726917893e-06,-6.31528619883643e-06,1.48107719013507e-06,2.83934167385481e-06,-6.66970788716896e-06,5.37918034875115e-06,-6.25257234330018e-06,3.76343010624174e-06,1.56523028608116e-06,8.85187325849722e-08,-3.01120779914899e-06,5.29998541375595e-06,-1.47559210739198e-06,2.52878884961011e-07,-3.92075255546217e-06,2.35457903287669e-06,-2.77804713084376e-06,-5.20627828261381e-06,2.10179607897273e-06,-2.11207730943857e-06,5.28298663824312e-06,-5.71893347626872e-06
3.77277278333942e-06,3.34535327582263e-06,-4.74698396988848e-06,-2.28350601005812e-06,-1.41065416981949e-06,-8.2270898023388e-06,1.46157667442901e-05,-1.35526336458568e-05,-1.50250048187087e-07,1.40150724092988e-05,-1.19608089727666e-05,-2.7487418182371e-06,-4.04107040045772e-06,1.01986019711346e-05,-6.83466817702342e-06,1.8246864533718e-06,4.94297333304894e-07,-2.30661827066799e-06,4.64316934254192e-07,-9.05575889432944e-06,1.18078342913316e-05,-1.42280417889026e-05,9.46306635965166e-06,-2.18049637517156e-06,-5.46288705904414e-06,1.14170353203073e-05,-1.50237047933277e-05,8.85918130649927e-06,-1.18941783872949e-05,1.94219441383782e-05,-1.56656778868483e-05,-2.82812271334121e-06,5.24782811298283e-06,5.01907434238089e-07,-5.60553143839086e-06,4.96212631511842e-06,-4.99625452763401e-06,2.40820099281978e-06,3.18950822872936e-06,-8.23559801189771e-06,2.29389275722375e-06,-1.487481749572e-06,-7.5777407949011e-07,1.0494192470203e-05,-1.18871340848281e-05,2.62596588983792e-06,1.75098656001028e-06,-6.44365513308882e-06,9.39539635082773e-06,-3.7026461222647e-06,-5.48790288637484e-06,-8.84726245136644e-08,5.272454001091e-06,-8.20108012875241e-06,1.26202071333357e-06,-2.10340925494621e-06,-1.38659199486709e-06,5.3526730514354e-06,1.03738128001557e-06,-1.19811688116965e-06,-2.92135625358728e-06,7.68790310003595e-06,-8.97925013233634e-06,2.05591422685744e-06
2.95135608205388e-06,-1.42968495099181e-05,9.1504427793763e-06,3.62220439951231e-06,-3.4772262017558e-06,6.47687708337732e-06,-4.61308353268743e-06,4.44977187083673e-06,-2.09295127356864e-06,-9.4621807799074e-06,8.95392548766372e-06,-2.62712814337537e-06,2.42046180251064e-06,-1.05860802461331e-06,-7.14104034281553e-07,9.23360074219586e-07,2.45462251113557e-06,-5.59482149785294e-06,-1.37866285701595e-06,1.17781136501016e-05,-1.55554072628366e-05,1.66842768390494e-05,-5.43938613728099e-06,-7.20467739531915e-06,1.14228605731924e-05,3.05536126811688e-06,-1.29150408390937e-05,-6.34549982909225e-06,1.68780188564067e-05,-1.71641531116761e-05,1.07885359728871e-05,8.37232610529943e-08,-1.67482616305405e-06,-5.57540983749539e-06,8.58646755454274e-06,-3.35833508735353e-06,-1.90985035697586e-07,-8.40619770587421e-07,-1.2548583076937e-06,2.21226217269714e-06,-3.22610226221604e-06,3.2062498682936e-06,3.84694586194547e-06,-1.58073337314427e-05,1.30545745172725e-05,-6.21310075581275e-06,2.4233764027098e-06,2.15088415945125e-06,-4.90169377172427e-06,-6.58788528126361e-06,1.19680132043686e-05,1.38124534223374e-06,-1.51071870103205e-05,1.35886627861962e-05,-2.5239294627744e-06,-5.55114574322485e-07,4.21157445828385e-06,-9.23552645381056e-06,1.02511068510785e-06,5.59153404738749e-06,-2.60926254156998e-07,-1.49453680445879e-05,1.04997670265196e-05,8.03806252880646e-07
-5.81845668368818e-06,1.03925420257061e-05,-7.70410324970388e-06,-5.76452263675299e-06,5.74852450969599e-06,-1.70114592307878e-06,-2.21140756294752e-06,-2.27378008085698e-06,2.39650051493961e-06,-1.93980901307427e-06,-2.08521667384961e-06,3.91157335781761e-07,5.32532577844846e-06,-6.82359309851329e-06,2.97263512215405e-06,-1.05738731347243e-05,8.66549153049924e-06,-4.29318159809093e-06,7.93205162765555e-06,-7.35712076875582e-06,2.49638169645478e-06,-3.08462322495496e-06,-7.6388938619228e-06,1.27736309626887e-05,-8.2781539024343e-06,1.38818587520482e-05,-1.84279329473657e-05,6.89761790905972e-06,-7.79299796305503e-06,7.45249182545736e-06,-1.22786368442388e-06,-2.22207480335032e-06,2.41344062767927e-06,-6.26192797707936e-07,-5.03785005411996e-06,3.17316576362112e-07,1.60741871554647e-06,-7.66653307899625e-06,7.98640564594098e-06,-2.63045174723081e-06,3.50978686778764e-08,-2.34312059686004e-06,-6.31602430045939e-06,7.47631076839041e-06,-6.59679142705995e-06,1.08595558063527e-05,-1.06107247498034e-05,2.62851689975204e-06,-7.08893127845708e-09,9.18886649604684e-06,-1.23785333544095e-05,-4.91451906403707e-06,1.65393162355e-05,-1.10549072646408e-05,-8.02689543626235e-07,2.74484418482316e-07,-3.23307330813422e-06,5.60630778856503e-06,-3.62203025762349e-06,-3.66692627743169e-06,2.05715320803863e-06,1.04090726228376e-05,-1.34746688452223e-05,1.32900614513809e-06
3.41925382093266e-06,-2.14210757519353e-06,3.20290039377631e-07,4.23397469241807e-06,-5.56515217829149e-06,1.27174459363413e-06,3.38247632620298e-06,-4.08993891675379e-06,-1.90627215424387e-06,3.2705371838352e-06,-1.04465901466414e-06,9.14841611521244e-07,-2.74195232765259e-06,-2.28981958962669e-06,1.31561918666206e-06,5.99203881030905e-06,-7.06578529825291e-06,3.52064943129842e-06,-8.12539816827488e-06,1.02150928088587e-05,-7.87637518633354e-06,6.28692842603936e-06,4.69658285685727e-06,-8.67046510346289e-06,3.16052207840769e-06,8.17925976712173e-06,-6.90600697322414e-06,-7.8336659972797e-06,9.52565269922235e-06,-1.37740101274771e-05,5.31644146489244e-06,-2.86748380514826e-06,5.08011748821289e-07,-2.68344922305876e-06,3.92645703004869e-06,8.3456922389304e-07,2.26548424998356e-06,-3.68527586861786e-06,-1.69718150657526e-06,-3.31991356384684e-06,7.82107235239784e-06,-1.00806703108483e-05,5.0058045322109e-06,5.18636693536632e-06,-4.34363579607072e-06,-1.20822617636671e-05,1.24859318736209e-05,-6.2862042091202e-06,2.01851749398263e-06,-5.15853068507674e-06,2.52566920797822e-06,6.06095556306083e-06,-8.64327671527005e-06,2.69324520197298e-06,-2.36544025790338e-06,3.91407718672534e-06,-8.947812150344e-06,2.69668338105286e-06,8.581806569131e-07,1.09912480190074e-06,-8.91623591468105e-07,-2.92755436227621e-09,1.76541350960819e-06,-2.32614376175875e-06
3.31792103488821e-06,-5.76750260055875e-06,5.95356088883713e-06,-9.04229622630285e-06,5.48091579729833e-06,-2.23042367023013e-06,1.34015358323909e-06,-7.28314988366272e-08,9.10168990638246e-07,9.94037210046778e-07,-4.57923393896594e-06,4.81265715306356e-06,-6.44136888829154e-06,6.90143390409444e-06,-6.25457823880602e-06,2.88436911134713e-06,-2.04468270830053e-06,4.05918953895617e-07,-6.72069730195183e-07,-4.44706735018777e-06,7.0158889265606e-06,-7.89399910214725e-06,-4.03475100229471e-06,6.47833774556403e-06,2.40700758445161e-06,1.02048795431207e-05,-3.09090946411449e-05,1.86388357812391e-05,-1.17443327185302e-05,8.02115359133122e-06,-4.50550236708209e-06,2.28902379997164e-06,-2.99496840754399e-06,8.1417677634309e-06,-9.9745569168254e-06,2.5253669589388e-06,-4.79034570053225e-06,3.55288800100187e-06,-1.16870081810051e-06,2.17711197801209e-06,-8.00740718468331e-06,1.38196955055038e-05,-1.30615271871745e-05,-5.11119307216265e-06,9.01270066746902e-06,-2.45766224060751e-06,2.09831057031627e-06,-4.34179150264541e-06,1.73612638383942e-06,-7.86099463412974e-07,-3.93787575763604e-06,1.74525939926427e-06,3.90536830834565e-08,-3.95398033254554e-06,8.22936793279376e-06,-9.70956577459834e-06,1.20962217392939e-05,-1.01532552908924e-05,-1.50953108101122e-06,3.47276453271622e-06,-4.68124307395442e-06,-3.05225494823604e-06,2.93080023716933e-06,-2.19592497935645e-06
-1.0658116188869e-05,7.1143393040923e-06,-1.87852997786827e-06,2.45760893632184e-06,-2.932091807355e-06,3.494394289412e-07,-7.03214052652732e-06,9.077753381821e-07,-1.07949422813702e-07,-1.16643064139722e-06,-1.91636806904224e-06,-3.68551824264222e-06,3.0540361276202e-06,-7.35458098993936e-07,5.53699299848653e-06,-9.53731057384378e-06,5.66079859707508e-06,-3.28445009179962e-06,8.08164735817047e-06,-8.60198068594586e-06,-1.78705753839363e-06,1.10126146355106e-05,-2.26252176347258e-06,-4.5380927823449e-06,-4.04412848885134e-06,3.1434064914553e-05,-2.59005539019057e-05,-1.98006532454975e-06,2.37753845401106e-06,2.95579087793158e-06,3.33889829515433e-06,-7.35086809321218e-06,-8.94538615482465e-07,-3.02112628532306e-06,5.30636383612469e-06,-2.86431125030224e-06,-2.93328581349442e-06,3.37423000779507e-06,-4.73399572158993e-06,6.91287822537301e-06,-1.97640414804259e-06,-9.32745589568734e-06,1.09814101564203e-05,-3.03166641929598e-07,-8.12428563293019e-06,4.39006584653857e-06,-8.02264121955553e-06,7.3869482535945e-06,-4.13855046194129e-06,3.86193943669677e-07,4.52587837339576e-06,-9.80034035715603e-06,2.16802174421171e-06,5.18856524910597e-06,-1.14731943490067e-05,1.0969631645039e-05,-1.30818411153502e-05,8.23529797894369e-06,2.21681405401705e-06,-5.52061824804076e-06,3.34661893020782e-06,1.91070449358018e-06,-1.35644427641586e-06,2.52618539037799e-06
7.23582260088122e-06,-3.73382266866862e-06,-7.39893785707266e-06,6.63263654662708e-07,2.00700830463676e-06,-2.83802184946674e-06,1.32157590311051e-06,2.98847656011462e-06,-3.27169441617504e-06,1.67237903392452e-06,2.75518709277727e-06,-5.99608495256005e-08,9.40367839452595e-07,-8.53683043847642e-06,3.97121539143198e-06,2.79174843194989e-06,-6.31464877115708e-06,6.12411081830503e-06,-9.63268761956639e-06,4.1487824700275e-06,2.31531016361724e-06,-1.23715232855066e-05,9.20914351292627e-06,-2.73160142446846e-06,2.62200796112041e-06,9.26777619700941e-06,-2.77509434134656e-05,1.28641998837168e-05,-3.62720601018112e-06,-2.81339600836771e-06,-6.46070862448208e-06,8.84321143479795e-06,-3.38504579702718e-06,1.49749573871332e-06,-1.92277435705859e-06,-2.28669254715616e-06,7.95726689553831e-06,-9.77242879230909e-06,3.95774343979741e-06,-8.59234167959381e-06,1.89932450997071e-06,-1.11029578547076e-06,1.94490832893779e-06,-3.63732689969412e-06,3.83380791378313e-06,2.16280803577743e-06,-3.49223475097324e-06,2.16395416149699e-06,-6.13631102426529e-06,-4.71337363143389e-06,3.35543163788885e-06,9.55430025862354e-06,-9.37543896984438e-06,3.09494030221769e-06,1.2725787150559e-06,-1.12430869256433e-05,8.72569417884199e-06,-1.28008218660247e-06,-3.80918911990626e-06,-2.30010448666669e-07,2.33453547922457e-06,-8.59929042677656e-06,6.61410458234535e-06,-4.66395821729742e-06
-1.43986991011907e-06,1.93771052982228e-06,2.88790106437821e-06,2.0195551193801e-06,-9.0718098580151e-06,4.78820698161328e-06,4.32599404356456e-06,-9.45401130379173e-06,2.28860199002188e-06,-2.75012323752505e-06,2.93864897330892e-06,-5.18376973051498e-06,4.93245050362447e-06,-1.64945805823107e-06,-4.45148545554288e-06,4.2312491911369e-06,1.44265664030422e-06,-5.94269445445431e-06,1.58554513014147e-06,3.87791915154655e-06,-4.42428821014186e-06,4.60630217591037e-06,-5.65786337532548e-06,4.65309687552547e-06,-7.81427158106944e-06,2.70470183649202e-05,-2.51768329519728e-05,-6.65079455545141e-06,4.13869681095474e-06,6.12660371003553e-06,-3.44045268790832e-06,-8.35683897273119e-06,9.86383407678304e-06,-1.02976967654258e-05,-2.29326105024286e-06,4.64740366345377e-06,-8.2971881330261e-06,1.11704513683681e-05,-4.94104665541324e-06,-1.83523233349363e-06,1.75870820265453e-06,3.30633402308263e-06,-6.84454384107577e-06,-8.18740721368907e-08,-1.6771556136743e-06,-3.27260659066979e-06,6.32683182021427e-06,-8.6988138300999e-06,5.98286206365516e-06,2.58197048254661e-06,-6.10211727252006e-06,-3.8236214966508e-06,5.6368002564039e-06,-5.82271605842583e-06,4.54032511681909e-07,6.50260156546341e-06,-4.11730680430267e-06,-7.14755542216515e-06,1.10024011180254e-05,-2.72702478319222e-06,-7.9879773334552e-06,8.80336313864024e-06,-5.22368769741963e-06,-1.92843240879233e-06
3.11016796986298e-06,-9.40253534959024e-06,3.68477674400308e-06,-1.74769604627088e-06,9.47056371426955e-06,-1.54564172084499e-05,5.83718516188381e-06,3.33395756298828e-06,2.09411832010629e-06,-1.80779871159267e-06,-4.33316223061306e-06,5.22322325218107e-06,-4.03980349855044e-06,2.90578887692592e-06,1.05282049562123e-06,-1.16891403178817e-05,5.9399670556617e-06,2.67543191267915e-06,-6.61617391008541e-06,1.71465054101203e-06,6.40448094392736e-07,3.70230687377385e-06,-1.47679833051366e-06,1.37271723756531e-06,-2.87699690089015e-06,2.52008335010379e-05,-3.3151388666217e-05,7.29480089704845e-06,2.36270868548426e-06,-1.16852990204769e-05,1.28499033115547e-05,-4.86644755023413e-06,-2.06328805314655e-06,5.20498622421009e-06,-1.00007515915787e-06,-2.23030290360041e-06,-2.374702942334e-06,-2.17545588444539e-06,4.59475032753085e-06,-1.17001294612751e-06,1.97731879342974e-06,-1.16841599661955e-05,1.0624618223495e-05,-3.79526369337539e-06,1.07805189998954e-07,1.45213941152405e-06,-4.55962301693712e-06,-1.15477089283368e-06,-1.61244891098528e-06,6.60235381384992e-07,1.11838880792166e-06,-3.55087507116469e-06,-2.4485242489655e-07,3.34999081152101e-06,-4.44714161534756e-06,1.83859980047808e-06,-4.75306708179714e-06,5.84284941416747e-06,-1.13907947364538e-05,2.68765577078303e-06,4.28063436906813e-06,-7.82031580747097e-06,-1.0572718664369e-07,1.5421769557666e-06
2.62873765262799e-07,-6.9117415714084e-06,6.89085903366572e-06,-9.75067588161127e-06,1.25758997905289e-06,7.98637930629815e-06,-9.66516697799014e-06,-1.84708815125302e-06,4.93198663540283e-06,-3.35129807821115e-06,-5.4769334334419e-06,6.09968042163156e-06,-1.06388800457509e-05,1.02061450875613e-05,-7.72801769948215e-06,1.28177280575815e-05,-7.03649872662406e-06,-3.96334817870819e-06,1.0990084692888e-05,-9.03881670263486e-06,5.68668740209908e-06,-7.147467862117e-06,2.68721446515121e-06,-6.18797638093135e-06,-1.11019733110855e-06,3.27588253572485e-05,-3.37785005371786e-05,3.47174822003959e-06,-2.00394445678235e-06,5.23485160938707e-06,-1.56706683712652e-05,1.45564602210521e-05,-9.44094201998044e-06,7.95492842713723e-07,-3.19674284357554e-06,4.22087281147874e-06,-3.31100155020365e-07,-7.35693186194833e-06,1.47696970969767e-06,4.32069753803111e-06,-9.45544104736581e-06,8.08002861343229e-06,-5.52547328982839e-06,8.59956704570599e-07,-1.40135074038719e-06,-1.4426756963671e-06,4.50786086133926e-06,-2.66348717214481e-06,2.17062191574214e-06,-6.38384844850849e-06,5.19071954946347e-06,-7.45004092743701e-06,5.50362157189884e-06,-6.36395636734307e-06,1.20603386476106e-06,-2.08688270287272e-06,-3.35207160160336e-07,-1.33574026271498e-06,6.49795178994935e-06,-6.75949798765393e-06,-4.65550041125566e-06,8.94212137874021e-06,-5.4026434535038e-06,2.45759592115152e-06
-1.40476826183433e-05,1.82342970196002e-05,-1.08636129575889e-05,1.06409873059624e-05,-1.26598422427854e-05,5.39006595909513e-06,1.34190053867223e-06,3.2115912978889e-06,-9.05594807225169e-06,-6.96464648898802e-07,1.12175908383376e-05,-9.15715957660842e-06,6.1756608749482e-06,-1.06235485500486e-05,7.42180335909331e-06,-1.03540640735911e-05,2.70678423080888e-06,9.53374782256138e-07,-4.14584043451874e-07,2.57591387026777e-06,-1.19501035629079e-05,1.16991171586502e-05,-6.67684009490589e-06,9.64818792265722e-06,-7.34285341936829e-06,3.36073932682779e-05,-4.87200800332112e-05,1.4358052669035e-05,-4.01637731655263e-06,3.0150751691357e-06,2.22419953076971e-06,-4.7447864291784e-06,-5.96990856899838e-06,1.00071577947933e-05,-2.97785786866544e-06,-4.6338157599815e-06,9.27791625724602e-08,5.66372473124319e-06,-6.24190478013149e-06,-2.92545802452602e-06,5.03189587223767e-06,-4.23035933293191e-06,-3.21444633257111e-06,2.81305518766716e-06,1.60942381442895e-06,-6.8883951516463e-06,7.62772631996355e-07,-7.80330532194973e-07,-1.70806910837407e-06,4.15548803668498e-06,-7.15418108201278e-06,6.40055051810114e-06,-3.22968936211473e-06,7.22518153461173e-07,-1.84064609117461e-08,-6.38668624362441e-06,4.53109822909317e-06,4.69619638969883e-06,-9.29280699366142e-06,4.62331610269133e-06,-2.79152434918653e-06,1.09445975638629e-06,-3.44130036865559e-06,2.42580796360631e-06
1.01585887036376e-05,-1.28461713598496e-05,-7.19267960573413e-07,9.66771598166655e-07,-1.1972557605301e-06,1.52716183163278e-06,-6.40402553872623e-06,-2.57407909579165e-06,2.53575355264211e-06,5.51357930111546e-06,-1.04987305649181e-05,2.44867341633117e-06,2.81686858120986e-06,-3.3583770954891e-06,-9.93533928748817e-07,1.00409967330852e-05,-1.04137804988487e-05,4.28079909681039e-06,-3.05050527254436e-06,2.07504841364091e-06,6.02877119391242e-06,-1.29082119220735e-05,9.00569594208079e-06,-4.31300079491021e-06,-1.12293461727268e-05,4.16160548053022e-05,-3.44275987843182e-05,-1.00512649730354e-06,5.4380350511859e-06,-5.98726128986007e-06,6.17929834521381e-06,-1.00247235916422e-05,6.86756220253424e-06,-8.78754052367366e-06,5.53220797298342e-06,-7.740795528204e-06,2.95079778912191e-06,-9.55107433170846e-06,4.93470486038649e-06,-5.21182551677131e-06,-2.41316298430522e-06,6.03338589402896e-06,-3.28050827736853e-08,-3.00717339234143e-06,-5.73680175230758e-06,7.81228500684064e-06,-2.96450493402733e-06,-4.32382146902488e-06,8.36524393232412e-07,1.26217047361286e-06,-4.03540493700627e-06,4.66644126260667e-06,-9.08249880576923e-06,-1.61071881583476e-06,2.24644685302333e-06,5.04163930763089e-06,-4.67129379892423e-06,-1.25003160477874e-05,1.29574650760303e-05,-8.36578400379437e-06,6.94817149939087e-06,-1.31160995462787e-05,1.42762869888078e-05,-9.92024344415149e-06
-5.28182256722618e-07,5.13040345854976e-06,-2.92837605143504e-06,3.75765758578848e-08,-2.12368007574776e-06,-4.40592505015969e-06,3.56053704892964e-06,3.20286868631344e-06,1.42474361648955e-06,-4.09262024823314e-06,-8.38741530056086e-06,6.3826972860237e-06,-7.3642226033612e-07,-5.21480896875717e-06,7.74795665419295e-06,-1.56639511310885e-05,1.46921758994269e-05,-4.03575319432255e-06,-8.38024713755884e-06,9.0576425819246e-07,5.16676428259784e-06,-9.18800212520955e-07,2.35998178281748e-06,-7.23740376218454e-06,5.35900321446028e-06,4.46194395972073e-05,-6.01669628725798e-05,3.24689352101938e-06,6.95915073145587e-06,7.55748919714693e-07,-7.96584221484981e-06,3.82206842576081e-06,3.30291143045548e-06,-7.36486816161931e-06,1.15634397542333e-06,2.21627182049734e-07,-1.17868021765061e-06,1.07629770186861e-05,-1.17197775708682e-05,3.68342076246507e-06,-1.5265825383015e-06,-3.58892824429117e-06,-3.95060570011082e-06,1.63163731807073e-06,5.67863101353239e-07,-2.78610577354134e-06,-5.13885620380216e-06,3.71521699934531e-06,2.04703899803603e-06,-9.16144706079451e-06,7.49073154487107e-06,-4.25057941149569e-06,3.71993905618574e-06,-4.13029071042187e-06,3.62774747057308e-06,-6.01221291693677e-06,1.17699465852439e-06,8.95122185194572e-06,-1.35021298687874e-05,5.18677743477236e-06,-2.089891077347e-08,4.00218032732884e-06,-1.3236799003077e-05,5.22115934193647e-06
-9.96530464561447e-07,-3.78359188409364e-06,7.34601491446385e-06,-6.03709090723982e-06,-8.25436088470286e-07,6.13843744090711e-06,-5.13531135911822e-06,-4.33417657847569e-06,-5.43922957187165e-06,3.54931183000521e-06,7.03207560543526e-06,1.72712657567005e-06,-1.8859210301982e-05,2.05173550966844e-05,-1.60865936290657e-05,1.27487721391189e-05,-8.71895673579894e-06,-5.35428395656941e-06,1.27364570221875e-05,-6.82926065736046e-06,5.32466589480634e-07,-5.46367017826107e-06,4.81076310581887e-06,-1.6422121379121e-06,-7.71447688728763e-06,4.13518894116543e-05,-5.1463577412817e-05,2.27220410561047e-05,-1.9662444007558e-05,2.93896650016653e-06,7.17423080593076e-06,-1.15899764569011e-05,1.31549590871522e-06,2.33737612532514e-06,-4.50345816173487e-06,1.27171542499763e-06,-1.59161359086251e-06,-1.10181706623915e-05,1.4638961299762e-05,-1.0457675977e-05,2.92362173809711e-06,-3.01653533447919e-06,2.05353627463363e-06,-1.95562205450238e-06,-3.98996530414452e-06,1.06948974470928e-06,3.34723217450445e-06,-3.16776763221914e-06,-4.896658458596e-06,4.19865936605122e-06,-2.26161318454147e-06,-3.89008983327484e-06,1.14567052078227e-06,1.57313590677346e-06,-7.11885580669275e-06,1.68951379106419e-06,1.94687022981588e-06,-4.62165679130215e-06,-2.39960801544672e-06,3.44355017776633e-06,-8.850308865127e-06,-3.32226994676911e-06,1.34754704813145e-05,-1.09614222311565e-05
-4.21844575930166e-06,-4.54053328937364e-07,-2.65857097163437e-06,3.37662547894696e-07,3.39867095142434e-06,-1.00948174741779e-05,7.90166602360008e-06,-3.16929567160575e-06,5.2393737340004e-06,-6.40775421547763e-06,2.01055548005941e-06,-6.9825887782735e-06,1.52258765849169e-05,-1.86263437086895e-05,4.75528632915702e-06,-3.81946941577475e-07,-1.42901609034555e-06,5.3621024454565e-06,-1.14831799345103e-05,8.8131961696844e-06,-1.14791465713209e-05,1.56851570725099e-05,-1.44704241636067e-05,5.79734467857142e-06,-1.21211291900739e-05,7.04818830913505e-05,-6.88024968151344e-05,2.25912127710445e-06,7.93560255120444e-06,7.59585997481995e-07,-1.2422939072595e-05,1.73074903126604e-05,-1.28355963514304e-05,1.54136211640345e-06,-9.23559344627808e-07,-5.07804632797287e-06,3.97412970153287e-06,-7.73995786446195e-07,-6.4998887800421e-06,4.85069018204811e-06,3.80888510208396e-07,-1.17650869211402e-05,6.19948992109833e-06,-2.82762717149642e-06,6.95660804011073e-06,-1.44700346267402e-05,5.08932556677679e-06,1.44341222301967e-07,-4.11547781384307e-06,3.14565105798789e-06,-5.71383114310778e-06,4.98209068679799e-06,-1.13439294406205e-05,7.13420811496911e-06,5.55541839713374e-07,-3.84510517231517e-07,-1.02170983276879e-05,4.41613857305862e-06,3.03713891066369e-06,-4.32017950147412e-07,-5.602784654366e-06,8.34244706325629e-06,-1.23657323054781e-05,9.71742966044385e-06
-9.77899277587306e-07,6.9496425146586e-06,-1.1067556091481e-05,4.96045404019257e-06,-9.81369860950317e-06,1.03634138324739e-05,-1.03973606455416e-05,6.04370656966992e-06,-2.77538896805407e-06,-2.10700400884176e-06,-8.72064485146696e-06,7.17369698706553e-06,-6.5105912255094e-06,7.62470265681403e-06,-5.79708840944375e-07,-5.18778884595013e-06,2.14723527307089e-06,7.11238073365408e-07,2.96865908570983e-07,-5.26510005531022e-06,8.71081759282798e-06,-8.51888640993937e-06,6.27536347860982e-06,5.05684710029445e-06,-1.4652457582707e-05,5.73541297176968e-05,-6.52604004026578e-05,1.09983111710453e-05,4.04922588955631e-06,-1.02949887568035e-05,1.04633969403526e-05,-1.56581557955027e-05,1.06881545317137e-05,-4.38792722844665e-06,-6.36696630863561e-06,6.88386378686689e-06,-7.40993054356618e-06,2.63838060209711e-06,-6.08188180583807e-06,5.1117436264108e-06,-1.09349685749265e-05,1.55879102908312e-05,-9.17916425417267e-06,3.46601006042484e-06,-1.20612554576034e-05,1.88182992780951e-05,-1.75487820622919e-05,4.3288650129186e-06,8.47702554370005e-06,-1.71006270713108e-05,1.34916055305844e-05,-4.41160262508586e-06,2.13381142867141e-06,-1.03454797395205e-05,3.46092089736263e-06,-3.03120864303305e-06,4.87835417002914e-06,-3.14704256107157e-06,-6.95343486410705e-06,-1.30785207425764e-06,6.52000581611037e-06,-8.6144376803895e-06,6.25002296174038e-06,-7.44435713854007e-06
-1.57926774556451e-06,-9.30034404903934e-06,1.12127060184831e-05,-9.4197019608888e-06,1.18924856480912e-05,-1.4056981478868e-05,5.64789194520538e-06,-3.60736832189341e-06,3.89350907642432e-07,-2.56561583090902e-06,9.25973740137545e-06,-9.10865702906815e-06,-1.56786851602498e-06,1.1284055989428e-06,5.31050303875624e-06,-6.90950415961412e-06,2.77777760649066e-06,-6.67986084050786e-06,6.96933066302166e-06,-3.03465422479986e-06,-2.36818284575166e-06,2.13854633571703e-06,-3.56470274997658e-06,-6.68077136826185e-06,-4.55923105297442e-06,7.62492949812237e-05,-8.02408999655296e-05,8.30998279218113e-06,1.78226182214459e-06,5.24172785911368e-06,-1.23307433971981e-05,5.38656494392002e-06,-6.94228729777438e-06,3.12367703305853e-06,4.99555227257164e-07,-8.44020154225658e-06,7.49924962426178e-07,-1.44001327104767e-06,5.21435345686226e-06,-1.23388603536822e-05,1.01775863078039e-05,-9.7537553233113e-06,-2.60939577481029e-06,-1.6232645551512e-06,5.8678035956606e-06,-1.18007415524526e-05,1.03399867555526e-05,-8.85963231994167e-06,-8.27456700480075e-06,1.97981586221645e-05,-2.10855714113714e-05,-1.3579926351398e-07,3.27616862796097e-06,1.29352125571211e-06,-6.83308314576859e-06,2.7217527105256e-06,-3.64693848558959e-06,1.18678290119134e-08,3.97647274351704e-06,8.47224844354532e-07,-1.03971080910548e-05,9.69066816216956e-06,-9.41381990052568e-06,7.36989471978498e-06
4.10941656459494e-06,-4.19403376581455e-06,-3.88635471145428e-06,3.02017632413686e-06,-3.23728696894628e-06,4.17718080679202e-06,-3.74709010562406e-06,-2.00206515862003e-06,-5.16585335820179e-06,1.01307922544465e-05,-8.84866666921202e-06,1.96498144412139e-06,2.6328149663673e-06,4.7387693756192e-07,-1.35583514164891e-05,1.30437218736631e-05,-6.43770681179296e-06,2.88386599179591e-07,-2.2304269371255e-07,-2.78874765574823e-06,4.26988547183498e-06,4.97168135103192e-06,-6.0568845552719e-06,1.25619745081987e-06,-1.15279531810045e-05,8.41700155287905e-05,-8.56841080311276e-05,9.83389204307359e-06,-1.98487921268217e-06,-1.9339778523875e-06,2.60742043083413e-06,-5.36427925657338e-06,1.46052059757153e-06,-5.25390379240154e-06,1.41147945441639e-06,3.74691477073185e-06,2.98617556369603e-06,-8.00088187070675e-06,-5.19025655221174e-06,7.84119588086811e-06,-2.76073591299228e-06,-6.39804588546684e-06,3.82813137025118e-06,-6.93064642859538e-06,3.57183420564357e-06,-1.91199682642016e-06,-7.19774196065684e-06,5.63418054591545e-06,-2.52418230124566e-06,-1.27814780102773e-05,6.96497225280789e-06,5.22431049883399e-07,3.23395404231411e-06,-2.12849620969563e-06,-2.03916458741569e-06,-6.63630823406508e-06,9.02792166204529e-06,-1.29836174077139e-06,-1.07181639215708e-05,1.99660785661756e-06,9.73442575596482e-07,-8.20279820179192e-06,6.37998178168051e-06,-8.18040986015163e-06
-7.52670360434007e-06,2.07622804031496e-06,3.47687863917124e-07,-7.95366485413236e-06,1.07200058993976e-07,-1.81059728877916e-07,1.08568730545542e-06,-1.12652401661883e-06,-6.08440237702036e-07,-1.24079235084429e-06,-4.71770153445564e-06,5.87428360343288e-06,-7.77852138732915e-06,-6.05763951774089e-06,1.07010129827746e-05,-8.96534132791478e-06,1.90157547304966e-06,1.78348008326473e-06,2.3668480286424e-07,-6.22601624163394e-07,-1.56884239264927e-06,-1.09648431741234e-05,1.50171295368632e-05,-1.99282477061157e-06,-1.77772116094546e-05,9.46208510242349e-05,-0.000104348615532582,1.63701413826304e-05,-1.59958715545423e-07,-4.22439707961374e-06,1.87950294958208e-06,3.26357965608187e-06,-7.93483993259699e-06,-6.84147516415261e-07,-2.37569047343613e-06,-3.77613111888747e-06,-9.44123987976396e-06,7.34443441475855e-06,-4.56757754019617e-07,-5.73142740671128e-06,-6.29082655549969e-06,7.71953320670314e-07,2.85426226909975e-06,3.41836632932379e-08,-1.20086637446661e-05,5.23608066831067e-06,7.7683991990982e-06,-1.20645485716685e-05,7.1686085333895e-06,-3.32158639316245e-06,1.74758870310108e-06,-8.68217299597058e-07,-1.55174605375785e-05,4.92889645439785e-06,-7.38517188146387e-07,6.12192924538955e-06,-1.69040688960262e-05,2.11534890061719e-06,7.07993010413459e-06,-8.71228830246626e-06,5.02719089851737e-07,9.1197270624635e-06,-1.3541862394385e-05,1.26113398898931e-05
8.51018730641761e-06,-9.42392970874612e-07,-2.35624333630263e-06,2.38431047303734e-08,1.17876834485739e-06,9.86733128683943e-07,-9.8627604748345e-06,4.63628088609497e-06,-4.31664502570125e-06,6.34639012270703e-07,1.44341298135476e-06,-8.58929007742128e-06,1.17736522633016e-05,-2.93134514798316e-06,-1.13717109614477e-06,2.14637345199495e-06,-7.51629817636957e-06,4.05969649687508e-06,-6.82217757204497e-06,1.3849615043486e-05,-1.27373589242094e-05,1.05195298345454e-05,-9.58800243233633e-06,3.08277349366376e-06,-1.4904495632256e-05,0.000111547952521914,-0.000117875593714654,1.5932020342939e-05,3.85765841485172e-06,-9.56738534300573e-07,-3.38244446808358e-06,-6.9322951405699e-06,1.61684309601772e-06,-3.52756880119508e-06,3.06538250067842e-06,-4.86717778355169e-06,-9.4796641262539e-07,-5.53065611593537e-06,2.45798210536445e-06,-4.93960045763902e-06,-1.22884651129827e-06,1.26759817459933e-05,-2.27971538724196e-05,1.11917058512554e-05,2.22820683637675e-07,-5.98572434505101e-06,-8.09772291006086e-06,1.15640680478081e-05,-1.65363917657301e-05,7.51059490533301e-06,-3.76026704343484e-06,-5.43091397138977e-06,1.57185470975913e-05,-1.16447641450804e-05,3.55954741877686e-06,-6.24920652051547e-06,4.58091160562693e-06,-5.27640653067169e-06,1.07187520716204e-06,3.34324924433371e-06,-1.52153138418954e-06,-6.84716496073114e-06,1.68368571194306e-06,-1.51944560157297e-05
-3.74018455022541e-06,-5.91335224153589e-06,2.95537208853922e-06,3.69714859955363e-06,-9.95134652553916e-06,2.40793794070015e-06,4.62848760527368e-06,-1.05837259408294e-05,9.66812870849293e-06,-5.69741144090712e-06,2.0618443983381e-06,-3.25659649391837e-07,-9.77679090341268e-06,4.2318858652843e-06,-5.84302663093541e-06,3.00886682826649e-07,3.55277487219234e-06,-6.0241722914446e-06,6.59637159790561e-06,-1.12091649332937e-05,9.31017948543098e-06,-7.52072418291566e-06,7.84407351447319e-06,-6.8287699250576e-06,-1.52932239298396e-05,0.000110399267944814,-0.000103853328843664,3.90648884616901e-06,-4.31538322352875e-07,1.26452324221406e-07,-5.68767663273905e-06,2.40022528799509e-06,-5.66300566456885e-06,8.61231338254273e-06,-1.45135905150899e-05,3.22445032036785e-06,-2.21845190765623e-07,3.93397100184382e-06,-9.55430312724912e-06,1.1062012654771e-06,1.94786294864403e-06,-1.13301397424329e-05,1.41000618461953e-05,-1.22358442209894e-05,1.88103370523163e-06,-2.11496272588952e-06,2.42989585784266e-06,-6.65642920571137e-06,1.73163825398087e-06,-3.48968491734143e-06,-2.91954382677805e-06,5.37369689131476e-06,-1.35116299487558e-05,7.17138087286434e-06,-9.25727323319497e-06,7.03478724307712e-06,-5.0545784143628e-06,-2.52782675920711e-07,-5.42093095867499e-06,1.79850445823741e-06,-2.51299023924693e-06,-1.41790377466354e-06,9.58348882369515e-07,3.23353691021382e-06
-9.07105007172196e-06,1.23500997000023e-05,-7.30617264064075e-06,-3.53664608083467e-06,2.31698987389927e-06,-3.62029788864202e-06,-3.48770386661513e-06,4.34297613998831e-06,-3.79415719071838e-06,-6.59910468785665e-06,3.61835798969016e-06,-2.54207588095315e-07,2.45555904679221e-06,-5.21296476335293e-06,2.94413253230268e-06,1.90194916660698e-06,-3.77497653681557e-06,-2.269475360576e-08,-1.38604209115431e-06,3.24587434984121e-06,-4.13524313296578e-06,3.45413592024938e-06,-5.04288667602174e-06,5.11974836677586e-06,-2.63936278547581e-05,0.000143371978329939,-0.000157466486143219,3.81684446433735e-05,-6.74149610660269e-06,-2.65912364008339e-06,5.06645962342651e-06,-9.12064074801705e-06,5.39347718787257e-06,-1.52558642040919e-05,1.27065358313918e-05,-1.36164569378488e-05,5.18446491934442e-06,-1.27108075495995e-05,7.61960485166192e-06,-6.1275480525855e-06,7.82637680125491e-07,-8.47245537305789e-06,3.19559458981111e-06,-5.93900283805534e-06,-9.50219341339708e-07,-4.28203059703526e-08,-3.31522338099904e-06,-4.18703285216758e-06,8.11261021939639e-06,-4.75490140158547e-06,-2.82100040793458e-06,-9.09621084762679e-06,8.43576004020244e-06,-5.18874107881781e-06,1.42352591235743e-06,-6.41716540335369e-06,2.72913566300546e-06,-2.15917801725508e-06,2.39319618856158e-06,-9.98553679074535e-06,2.05904126485173e-06,1.517416717365e-06,-3.87582910594348e-06,1.18282995171322e-06
8.42259265157727e-06,-1.95824732091135e-05,8.78868132772854e-06,-2.21909357308517e-06,-1.09023118376872e-06,-1.13211699437768e-06,-3.80698362390765e-06,4.35733707222192e-06,-5.81396844068174e-06,1.0502218714457e-05,-1.5591562865005e-05,-1.00987831720486e-07,-2.23295581262269e-06,1.0319337396922e-05,-7.54749493241928e-06,-6.94505746762189e-06,5.70392317765354e-06,2.79235243279335e-06,-9.40969897969286e-06,4.518489511785e-06,-3.45946528480489e-07,3.31113034413547e-07,4.87756684407014e-06,-3.88369544402106e-06,-2.22042856500078e-05,0.000134766043345821,-0.000129742689800452,9.71314621272077e-06,1.55387236384953e-06,-9.10809698261982e-07,-2.8939594693834e-06,-1.44199745566021e-06,-4.33686904408079e-06,-2.72052118543869e-07,-7.49353227992193e-06,8.5085866866876e-06,-1.04186681850953e-05,5.76409682564554e-06,-2.46841723110069e-06,6.07663478652582e-07,-1.36622240277055e-05,1.11796695929366e-05,-9.22711441806388e-06,1.34826765118735e-05,-1.45049847925605e-05,4.44280404237917e-06,-5.28530004038508e-06,2.61071626423167e-06,-6.38641621463663e-06,-1.03604396924289e-06,-2.22572125591414e-06,3.15535919155278e-06,-7.08054396439784e-06,1.82003642111095e-06,-2.81851453581082e-06,-7.04301306617759e-07,-2.99954081872043e-06,3.11451463466937e-06,-8.67207873863672e-06,1.12412945067783e-05,-5.3581735494395e-06,-9.03522319656597e-06,8.94333422719739e-06,-6.55169488503833e-06
-4.29786795584557e-06,1.09555880946524e-05,-7.02353438890133e-06,-2.3918878170839e-06,3.93601116251548e-06,-4.93320901761988e-06,9.21619166585132e-06,-1.1161327606323e-05,2.96638126178742e-06,1.96857891525708e-07,4.30723396454442e-06,-1.17592508982608e-06,2.53815074690437e-06,-1.30812608684309e-05,5.11856845632436e-06,3.77709877909539e-06,-9.80927946914667e-06,5.94066365768714e-06,-2.36835293761552e-06,4.90734075034691e-06,-2.45202069831772e-06,-3.73794490651598e-06,5.46961306890546e-06,-3.92909852502007e-06,-7.87152166083823e-06,4.63440633292466e-05,-4.51847342327121e-05,5.20042453196281e-06,1.57338736402746e-06,-3.95772868446812e-06,-5.79299864294573e-07,-2.87391639801981e-06,2.30587168805796e-06,1.57658843460138e-06,-6.43753494689215e-06,2.29177829197932e-06,1.81066436074927e-06,-3.07281505060976e-06,-6.74110330431085e-06,-4.38653312900306e-06,1.70984670875019e-05,-1.43823385430445e-05,7.51302279586906e-06,-1.65045604968157e-05,1.73853004731067e-05,-1.16104009858375e-05,8.35982132419016e-06,-3.46067573997567e-06,-4.33217811249604e-06,2.03294199968268e-06,9.15801682513089e-08,4.03142157940045e-06,-4.29208682030471e-06,-4.36478594679969e-06,4.90581464540356e-06,-2.48345953765773e-06,1.8355789797218e-06,-7.01387772342973e-06,4.16644237632426e-06,-4.92202149159592e-06,-3.15988571618258e-06,6.34842492211924e-06,-5.32517176211585e-06,-1.01057316125429e-06
-5.03785932513431e-07,5.19027001843784e-06,4.22390789607172e-06,5.03058159369635e-06,-3.87024837002727e-06,1.16759366213114e-05,-9.78998295928613e-06,1.63468292135302e-05,6.18323055621072e-07,-6.71699334270369e-06,6.70647898230105e-06,3.74274428571012e-06,-5.62344389590637e-06,1.32868803039821e-05,1.82813134803868e-06,-6.88662506520495e-06,1.35624200113955e-05,-1.3261342563274e-05,1.08972600259319e-05,-8.67169732212272e-06,-1.18502185526992e-06,-3.60508588547101e-06,-5.65715595394835e-06,3.44359042668385e-06,0.00012819103271584,-0.000761466259142991,0.00074546181787509,-9.65457001161106e-05,-5.15487739694826e-06,1.08090647840124e-05,1.52125212638378e-05,4.59689441360505e-06,7.53438598518901e-06,9.80618398858412e-06,1.66544275725163e-05,7.15841733582194e-07,5.23985459369006e-06,1.23408742932707e-05,7.00895736495822e-06,2.06249585793713e-05,-1.92902693440073e-05,2.60031381705391e-05,2.44586767547981e-07,1.02656769038667e-05,-1.60795107623782e-06,1.1793621355782e-05,1.11919958384011e-06,3.01258369203574e-06,1.55803656358246e-05,-1.83611062336285e-06,1.33415925057491e-05,-3.47951065303549e-06,1.20440399624374e-05,2.88880899958262e-06,7.94521999333237e-06,1.26085964524356e-06,4.0419839045377e-06,9.62798801159388e-06,4.60408619059547e-06,6.23415808640666e-07,6.7641858960469e-06,9.9899798691516e-06,-2.02041331357373e-07,8.7266532302486e-06
-0.000169458388519323,-0.000189889368935264,-0.000161843882912484,-0.000174530195842655,-0.000150616604058424,-0.00016418307481324,-0.000139227080679066,-0.000148619773658569,-0.000131792050789409,-0.000120246153091107,-0.000111386844400112,-0.000107092013208002,-8.24699051495879e-05,-8.88655151792658e-05,-6.83000256483208e-05,-3.40920453890492e-05,-3.49133664487735e-05,1.34426572283889e-05,1.39297000260821e-05,7.01970515944348e-05,0.000103925802097354,0.000157257302123199,0.000158293946607478,-0.00010132515845785,-0.00559040321408279,0.0343727588980912,-0.0337388523065385,0.00443937870000771,8.4292027969467e-05,-0.000361148951026631,-0.000443795478666369,-0.000430914922771037,-0.000430413444896766,-0.000405347844467879,-0.000399787722031372,-0.000372622650593483,-0.000354944586738185,-0.000351089570158534,-0.000339460414163922,-0.000332937477396201,-0.000296841979159148,-0.000318198728418685,-0.000305129074146282,-0.000284460899097388,-0.0002889158961067,-0.000278211929265374,-0.000271553663001372,-0.000256629108848301,-0.000273876749355456,-0.00024330282748227,-0.000263937513344374,-0.000234722608171889,-0.000243254024944688,-0.000232108398699101,-0.000240168965918252,-0.000212128083411658,-0.000232182199803362,-0.000210442390677435,-0.000223036756449073,-0.000202159510995219,-0.000199113909404876,-0.000208549506634784,-0.000191303840422889,-0.000194327896588365
0.000329683137055251,0.000345099510989915,0.000305945667107305,0.000315860010968349,0.000291735085989584,0.00029067631933818,0.000268796892200301,0.000260960108139176,0.00023149363983425,0.000230068264009148,0.000198716026327529,0.000178912834121071,0.0001586404966293,0.000130436187576763,0.000110238017609802,5.63358226447276e-05,2.51260551505773e-05,-3.67099154343207e-05,-6.69308046160764e-05,-0.000160229721359863,-0.00024150807097086,-0.000325450142783824,-0.000348814316290878,0.000222187233138212,0.0115413505676893,-0.0700122921779866,0.0680299185257757,-0.00886837128730401,-0.000155554235705038,0.000722012780020712,0.000861039669195469,0.000869907577314804,0.000831540472969954,0.000803713148405707,0.00077022914912772,0.000727988470682007,0.000708903003541293,0.000667355199792738,0.000664223253733276,0.000626485725031954,0.000611047842858356,0.000595495577168634,0.000584486840194711,0.000561145239256691,0.000547270564656546,0.000540091066588767,0.000518838158661367,0.000510252447042879,0.000506116440382646,0.000472265475014681,0.000493790215623537,0.000462508793191674,0.000457531279892211,0.000451008264671745,0.000443063949726985,0.000412923837833656,0.000440832170034508,0.000395385395106522,0.000410680809567729,0.000391458615776128,0.00038241348864104,0.000372284100862494,0.000368631444842317,0.000359730202246709
-0.000114986975405615,-0.000115685780612598,-9.59242593118559e-05,-0.000108152453444488,-9.73183670258247e-05,-9.57299363903277e-05,-8.5892963307758e-05,-9.50447988448573e-05,-6.44639410648437e-05,-9.01287930200841e-05,-5.3606013603439e-05,-5.89222688405221e-05,-5.23056980498552e-05,-3.58029784838716e-05,-2.93363667589161e-05,-1.77826115769241e-05,3.92218988075441e-07,3.1534351434904e-05,2.25555536643604e-05,5.82147408987333e-05,0.000105977688802703,0.00012163136720392,0.000131915112471461,-8.84892054605498e-05,-0.00440496514865058,0.025746124285413,-0.024457465272332,0.00309146809500531,5.00029933042536e-05,-0.000259213989223971,-0.000303492017946783,-0.00031171140977385,-0.00028938608469294,-0.000281604579821862,-0.000271747349822631,-0.000250943289308532,-0.00025116230682357,-0.000228343817590623,-0.00023216969565616,-0.000216559249489379,-0.000224477696141676,-0.000200555172553744,-0.00020213025104361,-0.000202662176180153,-0.000181443784855025,-0.000192319629701904,-0.000176348548985535,-0.000180285967747538,-0.000172851069978669,-0.000153684563340824,-0.000178059762966832,-0.000159940924403666,-0.000156266260400392,-0.000156348600744586,-0.000154049378044953,-0.000133483831568241,-0.000157006318549605,-0.00013115825902054,-0.000137556321008525,-0.000136693057490251,-0.000123154661215008,-0.000134139605530095,-0.00011727931015332,-0.000126312401004726
8.91814559390911e-06,-8.18091980691714e-06,-7.96834636281654e-06,6.22768236772069e-06,-1.15120259202717e-05,5.96482248827835e-06,-1.27919675179837e-05,1.00813125518565e-05,-1.31602823300934e-05,1.48951969941704e-05,-1.9494524534267e-05,7.99968806671612e-06,-4.76064511341275e-06,3.02318536201847e-07,-6.50054281901464e-06,2.56975014487517e-06,5.00707508031314e-06,-1.84815506911602e-05,1.80450754307046e-05,5.87513943546396e-06,-6.37247955514763e-06,-5.18563802967535e-07,6.22545736681257e-06,5.18185480003165e-06,-3.75413264801951e-05,0.00054263569031989,-0.000704684052232535,0.000128435751116467,5.49713723572975e-06,-1.09257894992431e-05,-5.62414425483194e-06,-9.25314471302528e-06,-6.11071880479159e-06,-1.25738926920562e-05,-6.6438954367149e-06,-8.12282192854458e-06,-8.10442281894932e-06,-7.41940588928444e-06,-1.09499501075411e-05,-2.07039697085719e-06,-8.95369798167349e-07,-5.67894204727604e-06,-7.66958404136351e-06,3.76905733469551e-06,-2.03853302692361e-05,6.23839009748228e-06,-1.35526287585096e-05,-1.07478493930127e-06,-1.05965812298188e-06,-1.22284193868433e-05,-4.17670377502521e-06,1.59167241160141e-06,-1.0351352896338e-05,-7.01077419254543e-06,7.88949598883017e-06,-1.61985110793438e-05,2.73824752142806e-06,-1.13542273902117e-05,8.09976117901648e-07,-4.92663432061003e-06,-1.15817333127527e-05,1.14370058628714e-05,-1.78670644071144e-05,-2.00576815775426e-06
-1.29041126225921e-05,7.11663616020416e-06,-1.75381985409289e-06,-2.72801125615888e-06,6.89420882026403e-06,-1.23110459810922e-05,7.77462598173767e-06,-6.26829907483976e-06,4.29352377012406e-06,-9.01758959231884e-06,1.40815725798657e-05,-1.54796079148765e-05,1.34444006982013e-05,-4.75752887330027e-06,-3.57960022614916e-06,4.92801445113249e-06,-7.93008666614162e-06,1.03828910936338e-05,-1.2260307838199e-05,6.98473917694783e-07,5.0584154499396e-06,-5.83487557381798e-06,1.20715946220915e-06,-1.14061552415504e-05,3.75107541070617e-05,-0.000163008932399479,0.000149369719153527,-1.82253392889422e-05,-1.89034579461166e-06,2.51417455688826e-06,-2.02378254276003e-06,5.69888872804959e-06,-2.49796930454964e-06,2.48356361748059e-07,2.63951474713838e-06,1.29737164903689e-06,8.80930624324765e-07,-1.11827859561321e-06,7.07144494551334e-06,-3.71791682824972e-06,-9.91975691025655e-07,-1.27882044667493e-06,4.13458393337856e-06,-1.31495310200989e-05,2.48303556287962e-05,-2.06624712813304e-05,1.47330964864461e-05,-3.14040266610659e-06,-3.04094855651834e-06,1.50973131562293e-07,9.5403258710058e-06,-8.80923143991444e-06,8.74070871472448e-06,3.45172009864567e-07,-1.05459217796273e-05,1.11498610355234e-05,-1.0794477747147e-05,1.28503323469287e-05,-1.15523750129989e-05,6.29957548973987e-06,1.99163698620872e-06,-1.33171982124786e-05,1.50339301464433e-05,2.09344435920344e-06
1.16192329297205e-05,-5.94550667975638e-06,2.04687099489779e-06,-4.33589154548292e-06,6.29238555657271e-06,5.03848089754841e-06,-4.05282686773168e-06,2.44627797145125e-06,2.44784841346909e-06,1.80733578900954e-06,-7.25498141718861e-06,1.39629246587457e-05,-2.04841203753974e-05,1.26184704744298e-05,-1.61765841862809e-06,-1.4777440063333e-06,-3.3864084360848e-06,1.0487125267441e-06,4.96629121292539e-06,-4.92108757324371e-06,-4.34884421954209e-06,6.89398275758863e-06,-4.54683784708027e-06,5.23275714231246e-06,2.86614529364318e-05,-0.000201565752359561,0.000194930103464388,-2.46599306984241e-05,-4.41300045863416e-06,5.67421386383398e-06,-3.81951791462925e-06,4.21050296341288e-06,7.98707887776744e-07,4.07091883651411e-06,-4.36599999554922e-06,1.17245699151106e-05,-4.67555713295657e-06,6.55497789880557e-06,-4.54254810783042e-06,2.91853495175542e-06,-3.81255880615445e-06,4.90450561595248e-06,1.64841788735796e-06,9.08680737428318e-06,-2.18511314049063e-05,2.06033782435642e-05,-4.76846195811471e-06,-1.84940721875984e-06,1.54493309311134e-06,-1.74624094594908e-08,1.97242005449998e-06,2.42527817687717e-06,-4.42430878475557e-06,4.39933426011111e-07,1.17783818288727e-05,-6.42540338457849e-06,9.8077487697595e-06,-1.35115956981931e-05,1.88623632789173e-05,-1.1243690802286e-05,2.01496752168194e-06,1.14863759556333e-05,-1.00420632088347e-05,-4.90584794468436e-06
-9.88832307097516e-06,5.50040500014823e-06,-3.29781043745902e-06,6.34209983045024e-06,-8.61300267232805e-06,5.55193881587369e-06,-3.61244350734916e-07,-1.68326179200352e-06,-8.44138461357485e-06,5.99947485103847e-06,1.07696016493065e-06,-9.52086449175167e-06,1.40891950391407e-05,-1.32113185413397e-05,8.65551810463168e-06,-2.7799737372134e-06,2.40991920034236e-06,-6.28693638962826e-06,-3.3678165138098e-06,2.05248909037346e-06,2.35561096553455e-07,-9.72485113044872e-06,-7.07734491765201e-07,4.11496183746755e-06,3.0082281632747e-05,-0.000189037216575208,0.000179758118391945,-2.933389205569e-05,6.48945993689295e-06,-4.77238849628178e-07,4.15307545702891e-06,-3.04382751719161e-08,1.79535010408289e-06,2.20058092875774e-06,1.30392096114145e-05,-1.98666850450338e-05,1.09559933082717e-05,-7.00311467314747e-07,2.39687969129024e-06,1.51540933425695e-06,3.44311326181608e-06,-2.04621771826419e-06,1.1510542975672e-06,1.04228606417855e-06,7.04937644849175e-06,-7.85629479332044e-06,-2.51854325382522e-06,2.8250949269335e-06,4.15422450196111e-06,5.55787690459581e-07,-5.81472152383134e-06,5.21731637553144e-06,-1.36035115726391e-07,9.49327318147921e-06,-1.41270282852367e-05,6.12653091162635e-06,-8.54576757931631e-06,1.43558751998403e-05,-1.4055272443251e-05,7.02024746066909e-06,-8.71695929068061e-07,-4.41889999232974e-06,1.71340185769265e-06,8.06902620619148e-06
6.65312271173534e-06,-5.51014554715337e-06,1.05056445745836e-05,-1.01604202961869e-05,5.98330668243744e-06,-6.2392058233034e-06,1.88127606989885e-06,-4.20342051072716e-06,8.99137418461863e-06,-5.86497045460237e-06,-5.67154157714077e-07,3.16445634544994e-07,1.35676938720566e-06,-4.80944936295877e-07,-4.80655997606512e-06,1.49514948507017e-06,-2.7114535773959e-06,6.35385836905532e-06,-5.57945592214535e-06,-1.15731253996107e-06,-5.95114260061137e-06,2.51845404812472e-06,4.71158390337446e-06,-9.99293126739849e-06,2.93417230840831e-05,-0.000175440317275864,0.000163210429274887,-1.32145823715795e-05,-1.18397727957705e-05,7.83275731986942e-06,1.91189673370882e-06,-2.53639686167148e-06,5.07582023791136e-06,-8.77363937938787e-07,-5.12150373061031e-06,1.2457120892336e-05,-5.52779603617136e-06,-2.18439220764135e-07,1.47838952564572e-06,4.94519196083284e-06,1.58190393457669e-06,7.549500980998e-07,-3.47411488511161e-07,-2.51349587818202e-06,9.9806288781209e-06,-3.43174612354068e-06,4.34870430778641e-06,5.18785075975586e-07,-2.51602480135564e-06,2.24254364243263e-07,6.68766552896796e-06,-3.33401642717045e-06,-4.32784067350991e-07,-4.66208726896415e-06,8.20174798197188e-06,-4.90066013268585e-06,6.23511814571579e-06,-1.06999596426313e-05,6.90686982610979e-06,1.75323324086967e-06,3.34288771338777e-07,-1.14177098860056e-06,-1.46953182631238e-06,-3.778056019868e-06
-3.15165142925422e-06,6.28649037458088e-06,-9.79964403371742e-06,8.09048675419784e-06,-3.07130407765264e-06,-4.77827417555844e-06,8.57356466598526e-06,-1.80694656741579e-06,-2.44928498929491e-06,-6.4535402319144e-07,2.41167045625833e-06,5.48022839968438e-06,-1.24015390738353e-05,9.19699425420889e-06,-3.72346002018939e-06,-6.44890494237796e-06,7.2321341749424e-06,-1.12426703502822e-05,6.89562477587098e-06,-5.10651831384252e-06,5.56322381202086e-06,-2.77825681974011e-06,-7.83616014285514e-06,1.12419632880451e-05,2.9209658473219e-05,-0.000173868206857281,0.000158365946837288,-2.1689288493428e-05,7.5485737394275e-06,-6.54367847126225e-06,-8.13952240807911e-07,9.36867941802974e-06,-8.49932549177963e-06,7.27430181591694e-06,3.03378695895095e-06,1.401946855772e-07,-2.3833152656262e-06,6.61592469091431e-06,-7.89954835246008e-07,-9.68399166517307e-06,8.95993268135392e-06,-4.33223691249552e-06,-2.99106085459752e-06,7.03223981749844e-06,-7.93499993454765e-06,7.2584012116163e-06,-2.03774797587748e-06,1.0384420127217e-06,5.06633591109585e-07,1.05965776154079e-06,4.2000969221538e-07,-8.63613410927379e-06,6.49782941580459e-06,-2.48393677518054e-06,-2.51409821177714e-06,3.4483566851112e-06,2.08143361215112e-06,8.19443217940539e-07,-3.8052890231207e-06,-2.69971490859606e-06,5.7229959395554e-06,-3.35463701044079e-06,6.14634958790649e-06,-3.05727268929596e-06
-9.02477827564485e-06,1.01640823518609e-06,5.61585913927509e-07,-2.01133282379145e-07,-4.18743794239895e-07,9.34586631757548e-06,-1.69825255247839e-05,6.24097231977211e-06,4.37959778477751e-06,-6.81804346821577e-06,3.47033204740153e-06,-9.99364176171686e-06,1.35797510614485e-05,-1.53265970336087e-05,9.76398422803445e-06,-2.60038325247711e-06,-3.52066400806881e-06,6.45947389558108e-06,-6.64024632140709e-06,3.96434469057827e-06,-1.06576985215646e-05,1.02551901552985e-06,3.40840529550355e-06,-7.98788427742463e-06,2.7233202017351e-05,-0.000141813169614098,0.000137943678072999,-2.15013588786904e-05,-6.85419020744874e-06,1.06921813437592e-05,-6.84012028230455e-06,-5.23400964760958e-06,1.30163081071056e-05,-2.85936619304626e-06,-4.1168454630533e-06,4.44901964855251e-06,4.43635115779539e-06,-7.8685749165174e-06,6.64798842502624e-06,4.01073315019931e-06,-3.27177738558712e-06,2.88257563178602e-06,-2.58679113617862e-06,3.4558381912719e-06,-1.19174299471194e-06,1.989944892056e-07,-2.36564821005923e-06,4.96571071135696e-07,-4.9508661693024e-06,7.63554093124093e-06,-1.24807266572433e-05,2.10977304790963e-05,-9.07770757756834e-06,2.57043254013882e-07,4.91845325127152e-06,-3.51222968624163e-06,-1.27202542000819e-06,1.28837293010813e-06,4.62838312621853e-06,-1.91444242072518e-07,-1.33177770634437e-05,1.0213993131817e-05,-6.14254709626275e-06,1.03030596509585e-05
1.19377812753028e-05,-7.98390857466601e-06,3.41296464398368e-07,3.24187087137341e-06,-2.93711890220484e-06,-4.41325295540281e-06,7.77510396534421e-06,-7.96415369977234e-07,-5.68925908437925e-06,-6.82285112868928e-07,2.13569638556051e-06,-3.49329837758002e-06,1.46338254109429e-06,5.30356723330685e-06,-1.0253060733323e-05,9.66851800610448e-06,-7.49444489711771e-06,-2.62431616761103e-06,-9.88093099946588e-07,-5.13620882873561e-06,9.30493076063026e-06,-1.58126935048943e-06,-5.713764924654e-06,9.75692983992576e-07,1.63774966519029e-05,-0.000131291193831792,0.000119309443632505,-1.1867678452734e-05,-1.24207751464345e-06,-4.35184829646999e-06,7.74131001173888e-06,1.7099239266267e-06,2.42144921812188e-06,-5.27463064549858e-06,5.9178923475952e-06,-1.13902017891335e-05,2.53478867941116e-06,1.24098902205179e-05,-9.95507631777498e-06,4.13787827833235e-06,-4.92308545373284e-06,2.30396541339243e-06,7.16971236144868e-06,-3.63016364990838e-06,4.82090446626439e-06,-9.28667662296031e-06,3.52819523077763e-06,4.27695707245696e-06,4.33212202898101e-06,-1.16677810616159e-05,1.50126891159808e-05,-1.90907704556868e-05,5.59715826746527e-06,3.02832278006813e-06,2.42567177283696e-07,-3.05072402177913e-06,2.10075310787091e-06,-6.03948263670353e-07,-5.47181234015523e-06,4.70947810979704e-06,1.10278598495938e-05,-1.21710451652784e-05,2.26504306147278e-07,-5.28676331183051e-06
-6.37338235201934e-06,6.47525142121673e-06,-9.45764940693864e-07,-9.27355521796391e-06,8.48413808053574e-06,-1.09426710081347e-06,-6.85636482241906e-06,1.5176142994744e-06,1.19976535044913e-06,6.36376403330597e-06,-9.6031550585187e-06,9.68334932106771e-06,-7.24304119010407e-06,-3.77329119472171e-06,6.04627119302266e-06,-9.55208946617806e-06,1.07654001949868e-05,-6.17854830008054e-06,4.45069950998991e-06,-2.09576151095158e-06,-3.89075798187233e-06,-3.58377680597732e-06,-4.15308719878858e-06,8.87604822291587e-06,2.39403474715274e-05,-0.000135238370217826,0.000123786827784412,-2.09903801395486e-05,5.49973018356074e-06,-1.42940584791953e-06,2.52242253441632e-06,2.05086141091861e-06,-9.48616777143342e-06,4.28222407714674e-06,2.55150114852217e-06,9.9415812667346e-06,-2.63672669919319e-06,-8.82978749537526e-06,7.64326482706411e-06,3.57078934406683e-07,-4.92417314585755e-07,-2.35130718008119e-07,-2.68683948809701e-06,1.9843228328502e-06,-5.62009509673293e-06,1.19200377383644e-05,-1.43915678851435e-06,-6.09424804510899e-06,-1.38279761240213e-06,8.34309652003357e-06,-4.55193714940239e-06,6.38405650711828e-06,1.23997527683125e-06,-8.77632345282053e-06,-2.80802350972335e-07,6.11924602980022e-06,-3.45549656474171e-06,3.17434998614171e-06,-1.09398191383283e-06,-2.87152146250036e-06,-3.40218894798238e-06,5.14984463839983e-06,2.36707164482281e-06,-1.61024630271533e-06
1.73115258424514e-06,-1.92177564060993e-06,4.19768565967983e-06,1.25075078965876e-07,-1.15859418409322e-05,2.9383146358154e-06,9.25364330174866e-06,-7.25337740115919e-06,1.49098588936391e-06,-4.87256057421559e-06,2.95711710040352e-06,-8.5883764978923e-06,6.9500446508274e-06,9.72478262811957e-07,-1.22018804214098e-05,1.45197868739264e-05,-1.11994515940325e-05,1.04876334525031e-06,-4.53140689747322e-06,1.3167254305388e-06,-2.93794974099574e-06,-6.16896568208228e-07,5.94470530980878e-06,-1.37752528681653e-05,2.05214843208566e-05,-0.000101717647015147,9.82719343962389e-05,-1.46269261562246e-05,2.15752482644162e-07,-3.01528027003712e-06,8.47273784143624e-07,2.44553807410197e-06,4.53580866505971e-06,1.46112541441036e-06,-5.79764535337493e-06,-1.16511264299927e-06,5.91102762332329e-07,8.62590185038498e-06,-7.96573538924918e-06,5.25533477096836e-06,-9.86794181179577e-07,-9.8387171530814e-07,3.30343207264501e-06,-5.81684782756678e-06,4.4876331250697e-06,-8.51274581647181e-06,7.39958578211934e-06,3.89158942370614e-06,-2.36176398502552e-06,-2.3702034678121e-06,-6.01592023211675e-06,4.65964051801982e-06,-6.83853060191499e-06,7.09462579107865e-06,-1.87990311951838e-06,2.5012589601822e-06,-4.19967112983338e-06,-3.99177832315351e-06,1.05981123815978e-05,-6.66580418670632e-06,1.4990230731517e-06,-3.61150647685342e-06,5.22832236951755e-06,-4.69414280271501e-06
5.19608161866633e-06,-3.9452913455342e-06,-1.44330921683925e-06,-3.69140548760144e-06,1.78082875106506e-05,-1.26822699138498e-05,3.8011359876808e-06,-3.86091719920274e-06,1.39599396767198e-06,-1.26285726198597e-07,-3.72066632812735e-06,7.12006758159868e-06,-5.34833029538205e-06,-1.43338854845409e-06,1.21732164858909e-05,-1.81935032801228e-05,3.9460797329886e-06,1.87913671702547e-06,-2.82819242286594e-06,-1.89167918447582e-06,3.95372874110893e-06,-6.82676823947033e-06,2.95178953279267e-06,4.64603058528868e-06,1.40465086299712e-05,-0.000110391207884209,0.000100121944857745,-1.41709454043064e-05,-4.99995791040502e-07,2.25509871437859e-06,-4.50271748502291e-06,4.56545835470512e-06,-4.57501760230284e-06,1.77921147496061e-06,6.84480533576702e-06,-3.29111391067359e-06,3.53970385265721e-06,-1.33596730243233e-05,1.27789589910864e-05,-1.45592870546912e-05,1.18173983434206e-05,-1.46815119633132e-06,-2.24829754875072e-06,1.94158549703593e-07,1.24293442522956e-06,1.62873519959477e-06,-9.01001948518395e-06,1.98886482367096e-06,4.33530917448609e-06,8.44240704689024e-07,2.78840881292384e-06,-4.82695939783074e-06,4.6285397314702e-06,2.62218338994958e-06,-7.42672709687385e-06,-1.06873341558597e-06,6.03615481224227e-06,-2.85947769795596e-07,-1.18263068965993e-05,8.47342380505056e-06,-1.13893172122045e-06,9.93980016171021e-07,-3.4524770393439e-06,-2.46500500006909e-06
-5.01731862678918e-06,-3.33154877118602e-06,6.84907107944722e-06,-2.69569126170832e-06,-9.41301819663133e-06,8.89073847526551e-06,-1.24193968749209e-05,8.13334129471031e-06,-4.82315153587807e-06,-1.74585940432336e-06,1.59749612438132e-06,-4.09331435255213e-06,-3.02902513507134e-06,4.73859188835332e-06,-9.85023233284562e-06,6.72854730912535e-06,1.21848146113322e-07,-3.83864371170741e-06,1.58603361513734e-06,-4.59071373182512e-06,-4.12573953395625e-07,-9.34935065130242e-07,-6.21633009952234e-06,-1.41347990544886e-06,2.20308391197921e-05,-9.84561451820945e-05,8.46991376356866e-05,-9.699936127855e-06,3.18001963060875e-06,3.20495529102905e-06,9.19757830346378e-07,-8.16981549411169e-06,1.25014409487213e-05,-6.05616476058859e-06,-6.49963938182849e-06,6.05787096767424e-06,-4.11621528056502e-06,1.37035034695096e-05,-1.52105644314607e-05,1.40075831539851e-05,-6.13851165827469e-06,-7.94739780771033e-06,6.36873199991206e-06,2.01101268122397e-06,-2.78647355925635e-06,-2.57503298169988e-06,7.54203096777421e-06,-4.28653549743915e-06,8.61492260943235e-07,-9.59754598545116e-06,4.92574559061574e-06,-7.38147036694807e-07,5.09720143961526e-09,-5.30364209209354e-06,7.98064079581373e-06,-5.53756572614671e-06,-2.68047979664467e-06,5.10255702818173e-06,-1.6177504303958e-06,-1.00052338258465e-07,-5.20066762752403e-06,7.6092511580177e-06,-1.21161189728737e-05,1.17944167273252e-05
5.03568635641724e-07,5.27337153150922e-06,-1.68697338525416e-05,1.4034497805036e-05,-6.70667257621734e-06,1.79456380924952e-06,1.33981087897914e-06,4.58003219315498e-07,-2.95550319515206e-06,4.72472476078315e-06,-6.08039643145864e-06,7.12604998893989e-06,-6.21994940640324e-06,-6.82460942081053e-07,1.59543668912648e-06,-1.20235533205612e-06,1.32708943595834e-06,-1.21988878059826e-05,9.85304859844884e-06,-4.06532480791665e-06,1.98184300329907e-06,-5.31267783192792e-06,2.07977714874222e-06,7.814614091836e-07,1.74487017121344e-05,-9.86110377334723e-05,9.06841174141219e-05,-7.37871599784464e-06,-1.26816853632563e-05,-5.82297789873649e-06,1.1427862461701e-05,3.54160233224642e-06,-1.02010459393874e-05,5.07804956067026e-06,8.21007266222707e-06,-7.92094687654855e-06,5.43136019739188e-06,-1.16040055834786e-05,1.44432564874314e-05,-8.71518392200347e-06,-4.05899073743821e-06,1.39872878521157e-05,-1.03943905468973e-05,8.57987629701273e-07,4.58633028501688e-06,1.61101228191386e-06,-6.60858424566918e-06,4.68044880718941e-07,-4.65151678407235e-06,1.18258764704429e-05,-5.09116931906972e-06,1.31254645975e-07,-4.29830099290942e-07,5.16501013797478e-08,-3.65858858540115e-06,8.86344545115623e-08,3.97643344795024e-06,-1.51497998702539e-05,1.83859996720225e-05,-1.62117807485021e-05,9.05427562634083e-06,-1.1296946861394e-05,1.54019547131398e-05,-1.05631457727435e-05
-5.73087737893245e-06,2.25131420574342e-06,9.45740117274248e-06,-1.30179641751899e-05,5.52900449907022e-06,-5.89442154095292e-07,-3.30216843443031e-07,-5.29462734316364e-06,1.19203930240583e-06,-1.01978070446936e-06,4.87724282870856e-06,-7.62142633360975e-06,3.3570953494018e-06,-6.50960738716529e-06,6.61180382099403e-06,-7.10084395229512e-06,-5.83945835929227e-06,1.78608100538122e-05,-1.56121404326477e-05,1.05461844615594e-05,-1.41607397337252e-05,5.69114274560337e-06,-2.26421315977974e-07,-1.5497272334992e-06,9.79271840607315e-06,-8.57768214254427e-05,7.91347363335474e-05,-2.05774149325579e-05,9.63622407660143e-06,4.33720170783728e-06,-6.43933578981438e-06,-5.63930103535891e-06,5.73523923770331e-06,3.5441434103405e-06,-1.34568150944142e-05,8.82727954007131e-06,-4.3246472794705e-06,5.38367663294809e-06,-2.17615162080958e-06,9.83210787724e-08,1.94127427653438e-06,-5.00977769544077e-07,2.89200831956556e-06,-3.58850118135492e-06,-2.26942107611446e-06,2.2077051590374e-06,-4.85780306492922e-06,7.64023333352059e-06,-2.20767359759737e-06,-6.43077659449441e-06,-1.17066957387106e-08,2.56269727056554e-06,-2.12285181326971e-06,6.69908618485982e-06,-4.70915003281232e-06,6.62651922233316e-06,-7.04890531887562e-06,1.21954013799737e-05,-1.83277784969521e-05,1.52453656988073e-05,-8.95572876085974e-06,6.38784142126059e-06,-9.37387199750994e-06,6.07272152873083e-06
4.68646463622548e-06,-1.36758000550395e-06,-5.15763491751249e-06,5.66986882032489e-06,-2.83659001740343e-06,-4.74366272376033e-06,8.1970021025055e-07,3.12503121663526e-06,-1.80380121627905e-06,-4.01511461448362e-06,-5.39444359622402e-06,7.89969013924101e-06,-6.08608129693523e-06,2.1821074092241e-06,-7.60525262952142e-06,7.50490176753144e-06,2.63693754585425e-07,-1.54714307902992e-05,7.66139549139096e-06,-5.69765514216638e-06,1.85905845848224e-06,1.33416903320842e-06,-5.4456977916885e-06,2.7936196016643e-07,1.89706730000672e-05,-8.122878704088e-05,6.26376302804501e-05,2.22679368662449e-06,-3.50056008477064e-06,-7.08791349287078e-06,4.21718573032231e-06,8.96999225539465e-06,3.08813067603597e-06,-1.87912538913474e-05,1.58060350422173e-05,-3.590820779388e-06,9.73395048562702e-07,-6.99787319946715e-06,1.03792241917958e-07,5.47034556351269e-06,2.05566595667853e-06,-1.06111498111329e-05,1.10864786356926e-06,-8.3127240342905e-07,-2.25874384800951e-06,2.43144176897505e-06,3.63977085544029e-06,-4.37518054240352e-06,3.16177954962293e-06,-1.04652267283881e-06,-1.84496923728774e-06,-2.0459143049198e-07,1.15336264837093e-06,-6.44858817585287e-06,1.48871746023212e-06,-3.12959072976594e-06,-1.46001386978564e-06,1.0615388222282e-07,4.45626136555374e-06,-1.56755667971772e-06,1.53081049112638e-06,-2.94994771282596e-06,2.8527080647037e-06,-4.82281727099471e-06
-5.61741431694493e-06,2.84921669298005e-06,-3.88805586033245e-06,-1.25332201933103e-06,2.22695969077906e-06,-1.76489197024064e-06,3.27450570260324e-06,-5.7140596650635e-06,-2.89728376753513e-06,5.61615201168217e-06,1.00682500007131e-07,-8.12921510149044e-06,8.66159093046098e-06,-5.51022684965493e-06,6.38294170966601e-06,-4.80890671383699e-06,-5.90910873375891e-06,1.36040273795041e-05,-8.59914219522097e-06,-3.03146652172966e-06,6.88635141071289e-06,-9.47067041042518e-06,4.43950074217456e-06,1.62173514958664e-07,8.55792899352537e-06,-7.55080341154015e-05,7.47026773909564e-05,-1.48271326878599e-05,-7.22904441335634e-06,1.17972596531319e-05,-4.12553659096951e-06,-2.77040533369096e-06,-1.16896192528429e-05,2.29714073498556e-05,-7.86730713820131e-06,-4.03304514624113e-06,2.08605322328013e-06,4.99033983381822e-06,-5.23917952751367e-06,9.6891281758295e-07,-6.85062901982491e-06,1.18698838530289e-05,-6.20261886868159e-06,2.77438027430099e-06,-3.62500369166362e-06,-4.45783957441787e-06,8.11273432541012e-06,-4.31933433748684e-06,-7.576181301783e-07,2.22319883783516e-06,3.69103813527672e-06,-1.12103378377791e-05,3.81675895335935e-07,6.94399530180831e-06,-2.67912412406818e-06,-3.70771545980004e-07,-2.20556780613754e-06,7.06741920055006e-06,-9.29282777347058e-06,-3.46355904413908e-06,5.07418410020425e-06,-4.03528746552635e-06,-3.26262483677871e-06,4.72518125305156e-06
3.24168628860052e-08,-9.54508294752114e-06,1.06387807362448e-05,-3.39620098772084e-06,-1.24355667191176e-06,4.86210786722257e-07,-1.39120531289087e-06,-4.23799107963993e-06,6.89544587722691e-06,-8.94070008347142e-06,3.30759897481125e-06,-1.35867264444915e-06,-2.13641349276474e-06,2.24114367435196e-06,-7.25679563575182e-06,-6.07191395068789e-07,4.5646138437719e-06,-6.38564776160308e-06,2.35977794921084e-06,-1.61860203284075e-06,-1.03091176633437e-06,3.58182320052928e-06,-1.28975901317948e-05,7.54803833873241e-06,1.38080542276523e-05,-7.35238932117831e-05,5.86800529013149e-05,-5.46666877175141e-06,5.79409432480235e-06,-4.41742740810207e-06,-4.07291352586824e-06,2.69803273497128e-06,7.66906105330146e-06,-9.58680270785566e-06,3.5970242850067e-07,4.94042767610888e-06,-1.96164754268273e-06,-8.62494357927029e-07,-1.82406794730164e-07,-6.23885757440129e-06,6.63006938934336e-06,-7.04770166528756e-06,4.95897063966154e-06,-5.90471483918351e-07,4.23178074319086e-06,9.40416461624103e-07,-1.17016348294409e-05,3.26824188450435e-06,-1.0230259031258e-06,-2.83054055553648e-06,1.77606728498308e-06,6.5354519664963e-06,1.59592500776266e-06,-9.64111093292703e-06,8.43438812064939e-07,2.14516566536603e-07,7.95563720449078e-06,-1.9016049037217e-05,1.02210473058674e-05,2.17500041941565e-06,-6.66264415484699e-06,-4.63667929014837e-07,-5.55166710614393e-08,1.38864097827433e-07
3.91356927377197e-07,7.17287309922092e-06,-6.8923433148162e-06,1.06143146750231e-06,-3.8278857812556e-06,2.84709495938924e-06,-7.22403132235558e-06,5.2229176810554e-06,-6.00495106108061e-07,2.23812475420714e-06,-9.43355906150821e-06,3.36523302645229e-06,-1.36102037377419e-06,-5.95098626140621e-06,7.10886867436908e-06,-3.7924211356974e-06,-4.35613372151678e-07,-9.79203252524427e-06,8.07253572071772e-06,-1.90795964805858e-06,-7.29544326577669e-06,-1.85407214412584e-06,8.14784537430341e-06,7.14598736296323e-07,3.08244306942816e-06,-6.75021233887538e-05,6.25957423102097e-05,-8.02565487265358e-06,-2.40943317062987e-06,-4.12915238351425e-07,3.12033468141793e-06,-1.37163391188673e-07,-3.58185881193911e-06,1.42149421886956e-06,-2.53485937295056e-06,-1.02319334571429e-06,-7.15356961546616e-07,3.32485330192369e-06,-5.54460196483693e-06,8.63043297214702e-06,-2.44594992233456e-06,-5.99279104672346e-06,8.21405573799703e-06,-1.00794485753573e-05,3.02632241431653e-06,-4.89071473567872e-06,1.14431852283081e-05,-6.69642851777751e-06,3.74850321088269e-06,-4.72819479780887e-06,2.47913412622622e-07,-2.21605646133595e-06,-2.24171306352659e-07,-4.28222182915281e-06,1.28479594689373e-05,-5.55892772999366e-06,-1.22066439934381e-05,1.31219321810514e-05,-4.73939852715307e-06,-5.92303451752192e-06,4.38093148111212e-06,6.13083425984779e-06,-5.02031329423619e-06,-2.48607220451725e-06
-5.54019796002425e-07,-6.92895027744307e-06,-2.19803707234799e-06,4.77381174302838e-06,1.05010454074812e-06,-9.64909485927009e-06,5.96468156779217e-06,-1.61981610460156e-07,-5.98866025650021e-07,-7.60355479884356e-06,1.67851681953297e-05,-1.30833209306792e-05,1.59369727548354e-06,2.30722573136269e-06,-6.99101784791133e-06,7.00066017696587e-06,-7.7062234084699e-06,9.12145803848811e-06,-1.16401945924836e-05,-1.14190081074967e-06,5.31098534368167e-06,-8.36714824852256e-08,-1.50056907419337e-06,-1.46864359700286e-05,2.72826000030225e-05,-6.53460483394261e-05,5.53307607814099e-05,-1.028455411544e-05,-4.66739535887519e-06,3.28564427830807e-06,4.02037087380109e-08,-5.81134832147376e-06,6.86335909088187e-06,-5.5803544870654e-06,3.87270897536401e-06,-6.62727799116093e-07,5.33715978095874e-06,-1.1496742206557e-05,1.05381266739932e-05,-1.09456617429846e-05,6.4864384303629e-06,3.5229147111987e-06,-1.56958288802662e-05,1.21717153495477e-05,-5.24735434598787e-06,6.05380960443826e-06,-1.07408651167068e-05,2.43385099195121e-06,-1.79000719092398e-06,2.09257237308669e-06,-2.38589890412126e-06,5.99094529354536e-07,-3.81914619630597e-06,9.47525369094246e-06,-1.18079876572363e-05,2.02587298023454e-06,4.94181816069492e-06,-1.58706776583527e-06,-2.40632541936633e-06,6.85364390007184e-06,-7.87316478439114e-06,-2.09217009685874e-06,1.37987802888091e-06,2.64627830295684e-06
1.01429330821948e-06,5.13852286610015e-06,-2.47862570974493e-06,-2.15610937229791e-06,-2.99059053860669e-06,2.26061877812157e-06,2.10381147067966e-06,-3.61641916696816e-06,-9.87704370580523e-06,9.03131311371209e-06,-1.37868630776157e-05,1.44746263135191e-05,-9.04586085604657e-06,7.82607710999387e-06,-6.8751191661043e-06,-5.42772971352483e-06,8.70380974430646e-06,-1.03296857014163e-05,4.06531408059332e-06,4.07711098785891e-06,-1.06994147776004e-05,4.54592512986603e-07,-4.61480773488569e-06,7.28817202544703e-06,3.90214097437821e-06,-5.56562700626755e-05,4.09724345756596e-05,4.43936338883009e-06,1.686210576271e-06,-4.95573159700862e-06,-9.93825354986561e-07,7.10517337992295e-06,-6.55734118281932e-06,4.84762514851531e-06,2.18582094455211e-07,-3.83745606695922e-06,-8.18354625897637e-06,1.54717439890624e-05,-5.5137035615435e-06,1.10273357886466e-06,-6.80412474847055e-06,-5.26837866674937e-06,1.4900971839787e-05,-6.5491862491142e-06,1.94418535156607e-06,-3.85497769330977e-06,6.94560163394143e-06,-3.04126269749905e-06,-2.86394977695702e-06,4.71545101250816e-06,-3.08954187943115e-06,3.96538168513028e-06,-4.56510102042526e-06,-1.80469714756383e-06,-1.20968369059189e-06,-2.39508184253127e-06,4.04029260652252e-06,-6.69271154962263e-06,8.88563160909157e-07,1.88232648869623e-06,6.93882240943709e-08,-4.13737438873355e-06,1.8670574304218e-06,-5.70612491145457e-06
5.2658583615438e-07,-5.10040379090067e-06,2.01467729243211e-06,-1.40061967398535e-06,-1.12370773809977e-06,5.89265634484142e-06,-6.65247770279339e-06,-3.92631403288296e-06,1.15727497255283e-05,-1.41775282725809e-05,1.04480654163007e-05,-8.22850342562447e-06,3.31199406614844e-06,-1.21026339811935e-05,1.44967791247407e-05,-5.05545749712621e-06,-6.36228852167405e-06,5.6837611024964e-06,-1.51965754174565e-06,-8.11372760403021e-06,8.56219635356786e-06,3.5803137521318e-06,-6.19998949258009e-06,1.39465429875542e-06,4.98325977779207e-06,-5.89461564588157e-05,5.97226660271928e-05,-1.96576051348663e-05,3.93517381265953e-06,-4.57057610973989e-06,8.73163346381817e-06,-5.86854164459117e-06,2.66638167761814e-06,-3.04807783989303e-06,-5.10767150477814e-06,1.04443703785179e-06,6.7479441753511e-06,-1.42571834533296e-05,3.99767524753446e-06,2.25180939007286e-06,1.44974764472923e-06,2.88253227952732e-06,-6.84640441598345e-06,-7.80856770226832e-07,-4.32709134319648e-06,7.13049882018819e-06,-1.30036439943733e-05,7.76112376821282e-06,3.32900661755594e-06,-1.09982767370989e-05,4.47366909129108e-06,-7.5958477568351e-06,4.48481175299855e-06,-1.2508626171864e-06,5.21424260070619e-06,-7.41053889475157e-06,2.79169090731054e-06,1.33115913219771e-07,-6.04283675149483e-06,-1.81809845879046e-06,-2.94055753140289e-08,4.06356206652434e-06,-7.10045685608978e-06,4.08425674472209e-06
-2.12676421480457e-06,2.06870132219343e-06,-3.56475952415839e-07,-3.36432140603055e-06,2.0472191119319e-06,-3.28000549328216e-06,-8.25061545590793e-06,1.3744256087679e-05,-1.24872125038594e-05,1.4353352602623e-05,-1.27899417823844e-05,3.84519980149428e-06,-1.43539757178099e-06,5.7271869706911e-06,-1.43168595764927e-05,2.38807901956765e-06,-1.39334055326912e-06,-7.63063761402921e-07,-3.51195153714567e-06,5.9957162344989e-06,-1.09551253581673e-05,-4.23184952410644e-06,7.58313399212282e-06,-5.94148302940293e-06,1.5544653202589e-05,-5.01163141708007e-05,3.23392495137913e-05,7.37925383467076e-06,-3.58608003366025e-06,5.03248618618671e-06,-1.05743783590972e-05,1.68885945579064e-06,-4.22842041362148e-07,4.57949190032619e-06,-3.77619348570462e-06,3.70240967928798e-06,-4.29588234855209e-06,1.08829473635005e-05,-6.645882106649e-06,-3.82926142320623e-06,-2.00772091831309e-06,-5.17062031234742e-07,4.42638903920377e-06,-7.19317753237568e-06,6.14325988821531e-06,-7.94384877038105e-06,1.08040603303885e-05,-7.38558633409874e-06,-2.94243331967706e-06,5.21905948669002e-06,-4.23767794191332e-06,1.6211167576714e-06,3.86184390502915e-06,-5.26873874466721e-06,-1.76561629998181e-08,8.26180387426248e-07,-4.66776312206719e-06,3.33946484180209e-06,7.58913327342976e-06,-9.51440138581521e-06,3.24170942920957e-06,-7.41580050725116e-06,1.46880849458315e-05,-1.15394318366545e-05
-4.47572724697933e-06,-1.93680898225982e-06,-2.60091143764769e-06,2.91949387107877e-06,1.1542590008108e-06,-9.42849385364623e-06,1.17158629456923e-05,-1.03395615148525e-05,-7.32550049310716e-07,-4.22853335861346e-06,9.68781862032207e-06,-7.45894276834932e-06,-4.99354431853987e-06,-3.87100922926769e-08,5.80785142225089e-06,-2.88463093408606e-06,3.66801071147404e-06,-5.50789612402911e-06,-1.17826303453615e-06,-1.5748459788709e-06,5.75177018004884e-06,-6.76632089690435e-06,-2.48813846293312e-07,-2.64306335488908e-07,8.08761953310286e-06,-4.7154524530311e-05,4.10903681577149e-05,-1.40265129458331e-05,7.14166537932248e-06,-1.02476067096914e-05,9.17923978676109e-06,-2.74695143569649e-06,2.91595367040665e-06,-9.15683263050235e-06,1.07819378172869e-05,-3.10493310242102e-06,-8.96302626387863e-06,8.81953983325338e-07,-8.38024872856454e-07,-5.38110683204407e-07,6.44856880653386e-06,-4.07859410505632e-06,-9.32931726029719e-06,6.63833593451627e-06,2.07080482432836e-06,-2.1451291564149e-06,-6.62558255445618e-06,6.8988856514377e-06,-5.84783321847676e-06,2.109042293367e-06,-6.6846340810791e-06,1.17262712967954e-05,-1.21120092874466e-05,1.03958764401534e-06,1.18008395963653e-06,-2.9650065678884e-06,6.19565851645564e-06,-4.84143465070743e-06,-3.74287534954812e-06,1.67614670391212e-06,7.17074606865623e-07,1.49480100131471e-06,-1.16340270038015e-05,9.83677854082566e-06
-3.66939006072602e-06,5.8713515600893e-06,-3.02892385354922e-06,1.19319851384071e-06,-1.2213366494872e-06,-5.96385140511817e-06,6.38146471476786e-07,-1.29401463160281e-06,6.31027571106261e-06,-6.70057792636027e-06,-5.95338743083754e-06,4.87415756674576e-06,6.33649132532762e-06,-1.32192055809458e-05,1.13298569139784e-05,-5.94160764630019e-06,1.69351315715257e-06,-5.48578795394055e-07,-4.63585915406308e-07,4.66624768367815e-07,-4.97305502223681e-06,2.49323013517089e-06,-9.47128130833197e-06,1.07822260002133e-05,2.28901994147999e-06,-4.55868264488605e-05,3.46731428309272e-05,1.0881758029826e-07,-6.39619618942153e-06,7.34419237019344e-06,-5.97343374786586e-06,4.31972465648839e-06,-6.77315624335942e-06,7.0113388821664e-06,-5.56965680758215e-06,3.36712965834083e-07,8.0745939241784e-06,-1.01628015133123e-05,7.10797858723026e-06,-1.60417087066094e-06,-2.65787477800013e-06,1.05905235600556e-06,3.54972821538465e-06,-1.60561043413897e-06,-6.93293464885022e-06,6.20777127818579e-06,-7.41618889492531e-07,-5.0294779664859e-06,4.1857681513204e-06,-4.53928087734145e-06,3.7797658504633e-06,-1.10698565712327e-05,6.49217163761009e-06,1.18763587585608e-06,-7.17940571424673e-06,8.63283879692712e-06,-1.41307633482622e-05,7.22837762315358e-06,-6.97672489380921e-06,7.47616612377506e-06,-5.64852191800111e-07,-2.85693108894506e-06,-8.8989721313603e-07,-2.85807313058748e-06
4.50928150060687e-06,-5.13251606858132e-06,-3.91298676215338e-07,-2.15123210176177e-06,-1.65228731448609e-06,1.16045976593627e-05,-6.9474677612927e-06,-2.37190118401397e-06,-1.23350206021214e-06,-1.32410740229108e-06,4.03395575932994e-06,-1.16202194338257e-05,4.51228819297776e-06,3.51386473488489e-06,-9.18898419321121e-06,1.28645294366752e-06,-2.89717243865084e-06,2.11980747141246e-06,-3.6207565421437e-06,-4.41960536004203e-06,1.23635432297659e-06,-5.75572000132093e-06,1.54944743451852e-05,-1.33556917222895e-05,8.85641898000203e-06,-3.70343226272593e-05,2.63668240597262e-05,-6.48324670993453e-07,2.41243873597454e-06,-6.01295066249161e-06,5.57780769214382e-06,-7.26168998712185e-06,3.07145756944414e-07,1.60612891191519e-06,1.93260110787701e-06,-1.37298336815032e-06,-7.52051006303607e-06,8.4430156654281e-06,-6.77531365695461e-06,4.96634270804343e-06,-7.80223349061145e-06,-6.45430766355768e-07,2.05471129262416e-06,-5.90512609169772e-07,-5.73755581796613e-07,-4.49064049900141e-06,4.86451349383491e-06,-4.5317059189442e-06,4.6115887501261e-06,-7.67335186222561e-06,4.09107268956278e-06,-1.92467978282382e-07,-2.37560971025311e-06,-1.1559767782693e-07,3.69040319633902e-06,-1.38461779596361e-05,1.16365882595375e-05,-5.08440554743005e-06,4.1653077224194e-06,-8.57302787961067e-06,-6.06129832432793e-06,1.05158878266347e-05,-5.88489358248067e-06,1.02383290968518e-06
2.94468201216223e-06,-5.2746117996737e-06,4.58940664292171e-06,-7.50152213286017e-06,6.49684060175406e-06,-6.28110504923953e-06,-4.15142049599646e-06,5.18339813911986e-06,-8.39173236642063e-06,1.02751722324169e-05,-6.72324103092478e-06,8.55986886449838e-06,-1.38836085843207e-05,7.52249607939379e-06,-7.21599329172586e-06,1.73448398610606e-06,-2.80087003048779e-06,2.55269668948136e-06,3.23020611679335e-07,7.2523464823902e-07,4.58755515378103e-07,1.00112088341277e-06,-9.42212593252606e-06,6.7196636178627e-06,9.50339407598231e-06,-3.57543070983542e-05,3.08290841401772e-05,-1.61014141360414e-05,2.79355346133535e-06,1.84318634597772e-06,-2.89556634936109e-06,-9.52480573586613e-07,8.98370885581246e-06,-1.38719624717386e-05,3.85501113883963e-06,-4.68468602942745e-06,5.14195867875283e-06,-1.09733052470086e-06,-3.07882773853999e-06,-5.2015113950709e-06,7.35545681132917e-06,-7.6600880519082e-07,-3.39446596811953e-06,3.38155633016927e-07,3.04383347986768e-06,-5.97133606205123e-06,-3.02410527173488e-06,1.1442326802199e-06,-3.67384081940432e-06,9.31932173462107e-06,-1.05806629888859e-05,7.0964939871747e-06,-3.70500141588876e-06,-1.6745238368964e-06,-3.05633588424779e-06,9.27759692592426e-06,-6.82124109518825e-06,5.02898791768946e-07,-1.17089456742872e-06,-1.21432733951063e-06,7.22045729709548e-06,-1.69141911560618e-05,1.55580556709969e-05,-1.02883999402334e-05
-7.93182857719497e-06,4.26037091124372e-06,-4.84202925015937e-06,7.33943742608766e-07,-3.61567723308808e-09,-5.3155036797064e-06,1.03041155417204e-05,-5.64406630147611e-06,3.04244913109691e-07,-5.75986281047178e-06,3.83202186065164e-06,-5.43358041666088e-06,1.03857436068877e-05,-9.61591808537236e-06,2.64078925978609e-06,8.30270894131204e-07,-2.37508955467864e-06,-6.13976440637602e-06,-2.32458856077913e-07,1.22708326098013e-06,-4.4782060154814e-06,-2.88817627025513e-06,1.12014178968323e-06,-1.67923833770319e-06,7.32641053911565e-07,-1.62059866489199e-05,5.83121716485927e-06,1.11524749215585e-05,-3.50961488367599e-06,-1.68355151930549e-06,-5.43270742679292e-06,9.99258427925641e-06,-1.41185170453053e-05,1.22814594855204e-05,-7.27611392146236e-06,4.16815090023029e-06,2.43135135550207e-06,-2.59967740227246e-06,-5.2220674681897e-06,6.0339054731493e-06,-5.51998714674001e-06,6.76431042360324e-07,-1.20097748711811e-06,-2.30190468395994e-06,-1.7207468379199e-06,4.2655689761431e-06,-2.01771275632278e-06,3.93246333994173e-06,-7.83950610114946e-06,-1.18817148434136e-06,9.21063952694837e-06,-1.39046502952237e-05,6.2995909290147e-06,-5.55333473444341e-06,2.45013062831813e-06,-2.01106926130675e-06,-5.94651662958666e-07,-4.56882917177483e-06,2.39377594503331e-06,-4.60656209547255e-07,-7.00824578609781e-06,1.51212305601126e-05,-1.77917390602873e-05,8.53157742762064e-06
1.17264418558535e-05,-1.01861419009621e-05,3.47285576112058e-06,4.3334447128624e-06,-1.03726650207468e-05,9.38648101696024e-06,-5.78373346675782e-06,-8.44065776681016e-06,7.6534041313556e-06,-2.62406326835745e-06,-2.07598166998574e-06,2.53125504214551e-06,-1.17885693816411e-05,1.15323450872424e-05,-6.77780961750793e-06,-3.07791468666846e-06,8.37780148087911e-06,-9.45661686372515e-06,3.4439284788459e-06,1.70393694420462e-07,-5.60139537221025e-06,1.08285287257055e-05,-7.52480356642786e-06,-1.82019155091789e-06,7.48041160252251e-06,-2.40088277414377e-05,2.00325737500445e-05,-1.03063066004404e-05,2.88639819829086e-06,-3.45437120063242e-06,1.10346222479335e-05,-1.30066913798656e-05,6.95662564824339e-06,-5.20708857813336e-06,5.14335752658301e-06,-9.61534177492902e-06,-3.30710585330955e-06,1.33344804776443e-06,3.1068892743443e-06,-2.22225430712968e-06,-5.26328190366705e-07,-3.26586097733506e-06,4.95669173933909e-06,-2.83769483114684e-06,-5.04145395646127e-06,-1.26050053089034e-06,4.71789302057678e-06,-8.73826936394247e-06,5.49870280963561e-06,-4.67001690768296e-06,-3.87730975675727e-08,-2.30857909035661e-07,-3.69107424818555e-06,4.00664697213968e-06,-1.50710178867785e-06,-5.9150355548962e-06,6.54380999648567e-06,7.6557459779711e-08,-4.93132425815274e-06,6.92314183180544e-07,1.80646395392653e-07,-7.76064192029799e-06,6.09271745870203e-06,-8.58165390686515e-06
-8.00503530337694e-06,2.69794676948972e-06,1.28907835294812e-07,-4.20588097219828e-06,1.93429501660364e-06,-7.88795764157021e-06,-2.00914284469163e-06,7.60130201685107e-06,2.3605875371499e-06,-8.72516075910052e-06,-1.04719064078496e-07,-6.50373279233156e-07,1.90721400647827e-06,-7.36220320126664e-06,6.88008193018013e-06,-6.47474624168105e-06,-3.01032887675362e-06,7.47437190499477e-06,-4.79974630274176e-06,-4.05421622755463e-06,6.45034017489894e-06,-7.43095522369721e-06,5.0484368108089e-07,2.08055037461276e-06,7.63464950237095e-07,-1.60799628312856e-05,8.2171455529126e-06,-2.21575630425839e-07,5.31297943542849e-07,1.93062184572596e-06,-1.15760270927965e-05,7.85782625371155e-06,-3.05699056870631e-06,3.50130478714474e-07,-4.3735780484134e-06,9.35689201901803e-06,-3.76909291327158e-06,-6.20159842774997e-06,6.09556080946302e-06,-7.69521065966077e-06,4.24075208260359e-06,-1.90528819133002e-06,-2.91805578368663e-07,1.22865654328769e-06,-5.22976633365886e-07,3.74431305188085e-06,-9.89542483487658e-06,4.87021022362105e-06,7.54100841170078e-08,1.49584978470699e-06,-1.01825442738971e-05,7.75185980028515e-06,1.0561870870707e-06,-6.11772299045981e-06,-1.17788858765127e-06,8.34627191824945e-06,-1.45360504968348e-05,4.3113845694997e-06,8.48762478816365e-08,-5.91375807983881e-07,2.69825033590455e-06,-2.85828038413828e-06,-2.84084860518488e-06,4.3855108563761e-06
-8.6462185300578e-06,4.2856195955454e-06,-5.38983377615877e-06,-4.24987064816588e-07,5.20690683840602e-07,2.45176138031413e-06,-1.96169607452322e-06,-1.01852429515879e-06,-7.703418369833e-06,4.59691950511292e-06,-4.99974978698757e-07,-5.60473185816234e-07,3.78023012336028e-06,-3.21395567126048e-06,-5.54171717233695e-06,5.40963284274707e-06,-2.40941150964976e-06,-1.44382345855885e-06,-1.84223959564681e-06,1.30647846065698e-06,-4.85259792888269e-06,-3.4880025216407e-06,4.77193658110663e-06,-4.37649146438239e-07,4.64904750697437e-06,-7.24959949652648e-06,-3.4249285651189e-06,2.03091300679347e-06,-5.82341960187524e-06,-6.40359215395542e-07,1.08849008257652e-05,-9.30700352750839e-06,1.96743400489063e-06,-2.14748034174354e-06,4.00125391372684e-06,-1.19461370183542e-05,8.47829155771363e-06,-2.04993210712168e-06,-7.3115785529145e-06,5.90739578097116e-06,-2.09756605283988e-06,3.02487880015357e-06,-7.57711743484275e-06,-2.67277654386303e-06,1.13578550904174e-06,-2.00817473296539e-06,2.31401483242658e-06,-3.74827916649534e-06,1.06167590710072e-06,-1.56535673278406e-06,1.53741162031691e-06,-6.52448014386996e-06,-1.27704188628326e-06,5.07793373399768e-06,-8.41280137604808e-07,-1.0262069203212e-05,1.0755524590371e-05,-8.81741396810048e-06,-5.2014990910745e-07,-7.27147415655139e-07,-4.79153360227977e-06,2.40492655510722e-06,-4.88463068696196e-06,9.56374297405984e-06
7.01187124407756e-06,-1.57331866130186e-06,1.52165266783841e-06,-1.33941118403761e-06,-1.85032467878196e-06,-1.91646503749428e-06,-1.9875550519881e-06,2.17888903971869e-06,-1.7165043842839e-06,3.50411098749171e-06,-6.30235654666e-06,-1.11320111822005e-07,-5.61329994331002e-06,1.09714532804748e-06,4.75678932945842e-06,-2.82953442468087e-06,-4.68370991099992e-06,4.0337854995979e-06,-5.08122747563036e-07,-4.112247064462e-06,-9.91726693695004e-08,7.01704571622926e-06,-4.76312160446103e-06,-8.1959597557267e-07,-3.32131073753449e-06,-4.7641189590126e-06,-1.9519336215491e-06,1.95565211220762e-06,5.7839605030272e-07,4.90948940926516e-06,-1.22213588904449e-05,7.91880849054534e-06,-5.07755492660788e-07,-6.48457755753508e-06,-1.65561559499811e-06,7.78991126305852e-06,-1.01089892389625e-05,6.97602789732245e-06,-1.53899745315358e-07,1.50615398850903e-06,-9.98101082614573e-06,5.73237152965404e-06,-4.32482403828844e-06,1.62862745945413e-06,4.30521570374244e-06,-9.75184032517631e-06,5.26598411109095e-06,4.81360480532084e-06,-1.31109410392865e-05,8.70273190567392e-06,-3.33633150874484e-06,6.0064168339073e-07,5.39897048298527e-07,-6.52285294779882e-06,-1.06098556106305e-06,3.53590939399812e-06,-2.18640137050052e-06,1.04038880725508e-06,4.34483822613257e-06,-5.28989492504785e-06,1.08200356173194e-06,-9.4772674634924e-07,5.39934374420826e-06,-1.47083345377744e-05
-4.26483481430202e-06,-1.65642598712688e-06,-9.91283339150602e-07,-3.44664666346088e-06,6.01860325971272e-06,-6.4384272890199e-06,3.9719011628093e-06,-5.43244505906806e-06,1.20627471040889e-06,-3.62073490694775e-06,3.50627296929832e-06,-3.14983450019134e-06,2.82682370634859e-06,1.33323244010112e-07,-9.64568631476458e-06,5.39815248595916e-06,2.6845990339089e-06,-1.02282278392715e-05,8.66581137848544e-06,-4.73026757444198e-06,4.25624478748004e-06,-1.06135734588014e-05,4.59763166060773e-06,-3.59171922905935e-06,5.07859636816881e-06,-8.13859058594818e-07,-4.34718908142053e-06,-1.39198906058362e-06,7.01739822300458e-06,-1.0213933647719e-05,4.14842400632184e-06,-4.08902659046267e-06,-1.15109013162684e-06,3.70610727165788e-06,-2.55546047486969e-06,-3.52594375353765e-06,5.51863176895345e-06,-1.06538360834021e-05,1.39720748299273e-06,-3.04533985616398e-06,6.7600052270181e-06,-5.88969933760712e-06,6.91074808994236e-06,-5.51759091909052e-06,-7.87315232823014e-06,1.45329566005346e-05,-1.25171632584685e-05,-1.43185788699082e-06,3.15588335158547e-06,-4.99292121113974e-06,1.13718793548211e-06,5.04265238722282e-07,-2.76527043907967e-06,4.04912797934722e-06,-6.87438969329559e-07,1.00856845932079e-06,-6.725471069017e-06,5.04422932452503e-06,-7.6604899844333e-06,3.28968558736973e-06,1.3860210979731e-06,-6.63187599388325e-06,5.22304124065755e-07,3.29528411148552e-06
5.09550589861026e-06,-1.2092070907005e-06,-1.43375297303714e-06,4.44699779979465e-06,-8.32749054284137e-06,4.79375144423109e-06,-3.97062821861947e-06,3.30453476161785e-06,-5.68897086543775e-07,-7.93006778970002e-06,5.81785352661777e-06,-3.74948784656097e-06,-6.87124532408275e-07,-3.72098681600161e-06,7.8068274847639e-06,-5.67373229580716e-06,-3.21467709442921e-06,6.97498445985965e-06,-1.08313945927567e-05,5.51778417513584e-06,-6.47989661912678e-06,4.92252146489196e-06,-3.9378398228285e-06,4.68500647827357e-06,6.21996823650604e-07,-3.0613903345527e-06,-1.0133638454756e-05,1.00123107193262e-05,-1.128896216571e-05,5.6249519333667e-06,5.52640716007569e-07,-6.71308702375122e-07,-1.11164977706414e-06,-3.24333569999331e-06,3.94834359825807e-06,-2.84511888299752e-06,-1.45140420179924e-07,-1.44991096499009e-06,6.52775996611959e-06,-3.4176935550897e-06,-3.82281457011498e-06,9.93271423193753e-07,-4.67777551743085e-06,5.05288889381278e-06,-1.3891135246935e-06,-8.87022204180399e-06,7.20235064317331e-06,-3.63787384563458e-06,2.92634971361454e-06,-3.25399126419116e-06,4.50452582006098e-06,-5.12587039669639e-06,-2.22426579848662e-06,3.45426656942436e-06,-3.13810570734908e-06,8.6827373382616e-07,-2.94728928315221e-06,-2.1188117050232e-06,7.3606649269148e-07,-1.07490552626067e-06,-2.161174282382e-06,5.6408941895148e-06,-5.13973987523592e-06,-2.03368289828036e-06
-1.08660620269168e-06,-1.77618456391806e-06,-5.9701159448976e-07,-3.34104091430893e-06,2.74496395822046e-06,-2.57890148378896e-06,5.50046153286895e-07,-3.6092815165427e-06,-1.97549879844928e-06,8.36113102056076e-06,-1.1275838846941e-05,9.49931274675026e-06,-6.9653227688157e-06,4.82960678327141e-06,-4.69783926177203e-06,-6.74537978551827e-06,8.7283397760913e-06,-7.63263880709196e-06,5.09633305460754e-06,1.99107181945818e-06,-5.85554485735556e-06,1.80736795493676e-06,1.00583551219104e-06,-4.19263798300373e-06,5.61474136436063e-06,-4.97969499516811e-06,1.60905145400007e-07,-1.06273443215761e-05,7.77647972400818e-06,-8.68487529208464e-07,-9.96290437272788e-07,-2.46643513482216e-06,1.52913003175704e-06,6.143541462296e-07,-6.24828240044926e-06,4.92654434621824e-06,-6.64713246694733e-06,5.49721795295029e-06,-1.02304907164535e-05,4.2122428959533e-06,-1.35300768339892e-06,3.77752832246455e-08,-9.32278763786653e-07,-2.02288502218173e-06,4.5388642948495e-06,-5.10706092347861e-06,-2.17251304855638e-06,3.48761766626005e-06,-3.09949659320466e-06,-1.71529831753301e-06,-2.61135185170536e-06,-3.86682869171781e-07,5.45569272048758e-06,-7.22379131623401e-06,-6.83578385683395e-07,-1.95613715554433e-07,8.94711413026497e-07,-4.98409684167083e-06,1.76679233141802e-06,3.4079484206606e-06,-7.81473954903576e-06,4.77889889280376e-06,-2.75531044049554e-06,-1.41679731442018e-06
2.2573614145377e-06,-4.05998243592697e-06,-1.65041326143639e-07,1.25101913199834e-06,4.26902604235298e-07,-1.46325037427098e-06,-2.70703419033581e-06,5.90308596782166e-06,-4.94593592391991e-06,-2.62980114469306e-06,5.91499980863425e-06,-9.8950056377801e-06,8.55165047826525e-06,-1.05144017536449e-05,6.01642723354657e-06,8.38242802914956e-06,-1.42818857706308e-05,6.8052846112461e-06,-2.76735530663571e-06,-8.86678954431905e-06,8.34185914972465e-06,3.37721546415098e-06,-5.39572774594919e-06,2.16340543259423e-06,-4.61487250377247e-06,6.62287852418798e-06,-1.59568200979283e-05,1.31033273856758e-05,-6.43677798116277e-06,-2.66866661135488e-06,1.16751726476445e-07,3.47113234792658e-06,-5.57230137071718e-06,7.47022189074182e-08,1.82153838530624e-06,-5.94760510082622e-06,3.00248793139986e-06,-1.2419590523901e-06,3.99166244161874e-06,-6.85630922387149e-06,-8.97406129655173e-08,4.6782091986601e-06,-2.24200428305181e-06,-2.73954090681823e-07,-4.8919862485066e-06,2.73244253666329e-06,2.11974039969331e-06,-5.29070907009055e-06,2.21506927934085e-06,2.75091204051791e-06,-6.17382420661379e-06,6.45261028386339e-06,-8.99139799777328e-06,2.08503150170076e-06,4.13585211504763e-06,-5.10722085569703e-06,1.01899271325848e-06,2.78618012742097e-06,-6.40590341954736e-07,-9.04046623574627e-06,1.09946252790588e-05,-1.18230821401709e-05,3.46525135663217e-06,1.89656637244606e-07
-1.06092903675588e-05,9.06824853598104e-06,-2.73631364622354e-06,-5.99523596341594e-06,2.64183492424685e-06,9.27146127296663e-07,-2.69697455761887e-06,-3.4449945356933e-06,1.25381759189816e-06,-3.51244601574915e-08,-2.09922968799702e-06,2.18947183091665e-06,-7.26414148415815e-06,8.76697025749653e-06,-8.87337950169174e-06,-1.84897676959839e-07,5.22341947140643e-06,-6.44863114582127e-06,1.04611627737746e-06,6.07013252777986e-06,-1.11476012299373e-06,-8.73538274484142e-06,1.22097861167769e-06,3.45306687379056e-06,-1.43614601099345e-06,2.02903210783186e-06,-1.69905724491882e-06,-7.18405884172664e-06,2.40665707549984e-06,4.29412570226809e-06,-2.51470618836835e-06,-5.55896191682623e-06,1.95996560007859e-06,-9.44453040950174e-07,2.58590744344727e-06,2.26883659621295e-06,-4.36623047359777e-06,9.6991538184071e-07,-1.52083326309112e-06,-1.32870303278107e-06,7.00461533612861e-06,-1.2430051180612e-05,7.01797851904947e-06,-5.81492087541073e-06,3.65499251774026e-06,2.01603409233692e-06,-6.53908590551894e-06,3.75785875083984e-06,-1.67045726712938e-06,-5.29380390824403e-06,2.46034682266869e-06,-3.37219316451148e-06,5.51537799661834e-06,-5.42678450421051e-07,-5.12206479666807e-06,7.58797085566269e-08,9.50208732189132e-07,-4.18383070947175e-06,-4.10860852971668e-06,8.21659706637282e-06,-7.56301705332689e-06,6.98151737279596e-06,-4.04108342017867e-06,3.21460703792715e-06
1.78854619037559e-06,1.08215182851518e-07,-6.29558621837302e-06,1.01160418936258e-05,-6.83981142921705e-06,-5.51666726575544e-07,4.57051747361293e-06,-6.28475035842878e-06,5.15064087018598e-06,-2.482392389387e-06,-2.5937162935019e-06,4.19566279665735e-06,-4.1585483559539e-06,-3.29223474149395e-06,7.21940571942169e-06,-9.15576001433665e-06,2.02924835486753e-06,7.65670268841041e-06,-1.02281177454363e-05,2.69102490581845e-06,-4.96003558873474e-06,6.22324712131967e-06,-2.54035054449045e-06,-5.00627758914415e-07,6.79698989643808e-06,-6.09384044989847e-06,-6.858620134964e-06,-8.87319076405216e-08,2.55641981790574e-06,-3.84726152582967e-06,-4.21488564627225e-07,5.73715480792049e-06,-1.10710551190256e-06,-1.84507788398525e-06,-2.98282465548522e-06,-2.86414387656819e-06,2.15916561006342e-06,-3.00754860000817e-06,-3.53488818706656e-06,8.10020050381339e-06,-1.26158996852366e-05,9.22403701361354e-06,-8.80711315313257e-06,5.2033214862428e-06,-2.8566314967548e-06,-2.91366006215647e-06,4.89503477040602e-06,-3.04480595335773e-06,4.43616152209145e-07,3.44796164273687e-06,-2.43508999383382e-06,-3.41888050936525e-06,-2.85980324476361e-06,2.59903345715926e-06,4.23159311058199e-06,-5.63397460669593e-06,-3.85313493172902e-06,9.65261553865331e-06,-1.98536814637925e-06,-3.43002484516763e-06,-8.53082372157206e-07,1.84558850630354e-06,-3.71030265049416e-06,-1.75514284832925e-06
2.55131092896724e-06,-6.58546268107993e-06,8.99247587834312e-06,-8.94827946456668e-06,3.33067236801468e-06,-5.19745933353012e-06,5.62355792326794e-07,4.69868520640064e-06,-1.00197965903622e-05,8.88229543006457e-06,-2.3836159140692e-07,-6.26734565710205e-06,3.0241744553404e-06,2.65577563617286e-06,-1.20261022198209e-05,1.36913429257163e-05,-6.81248400262397e-06,-1.01495600420443e-05,1.33889757614129e-05,-2.60851615486608e-06,-3.49958832411554e-06,-4.00008438230261e-06,6.43069951410515e-06,-2.76613334883264e-06,-3.88421860820013e-07,5.17952287091831e-07,-6.87733386554869e-06,4.77042663767287e-06,-4.3497409745476e-06,8.358097671337e-06,-8.31329170047999e-06,-2.05966031537571e-06,-3.38119028857173e-07,4.28293835280823e-06,-1.20245989302965e-06,-2.46409002122404e-06,-1.87648566467201e-06,4.40120736106468e-06,4.73529914284435e-06,-1.16040747136738e-05,7.29354743092478e-06,-2.68531514892494e-07,-1.43776240019597e-06,-1.93322343785369e-06,5.35681841930026e-07,-4.89266075272752e-06,-1.30855788431629e-06,4.70797264215235e-06,-6.13747931534173e-06,-2.81926543787381e-06,6.83547194118428e-06,-3.48278904271894e-06,-2.79999340187115e-06,-1.09001503495689e-06,-3.05791026309315e-06,7.45374132246943e-06,-6.37349633188072e-07,-1.03689945564506e-05,8.93785389559908e-06,-4.62555227479027e-06,-9.84191946209526e-07,-1.64931951963251e-06,3.26014450517188e-07,-1.7287899628383e-06
-2.70236371264962e-06,-2.36843143358569e-07,2.36363275460427e-06,-2.18027707762964e-06,-4.16527175363684e-07,-1.57294752535316e-06,4.07130736438866e-06,-1.72166664350242e-06,7.69700779720581e-07,-1.07502885309758e-05,5.29898910708135e-06,-4.45639778428796e-06,8.53779146391294e-06,-9.20618920351358e-06,1.10887146520945e-05,-2.27623841628213e-05,1.52871385657237e-05,7.78693060347808e-06,-1.74927638730711e-05,3.08163293925778e-06,3.96307140556786e-06,1.37022405732456e-07,-1.28331533612149e-07,-6.99099987408747e-06,8.00238123339575e-06,-1.54984703890956e-05,5.54949004003398e-06,2.23840477142034e-06,8.4554456254108e-07,-1.03728342888749e-05,1.30911893609311e-05,-6.06189553965209e-06,3.83425379533929e-06,-7.07456213711377e-06,2.52745342981622e-07,7.98750480899144e-06,-3.89438981252967e-06,-3.55315962876984e-06,-3.40322186595861e-06,3.54913516919086e-06,-2.68638221381295e-06,-4.80551910700048e-06,5.69059148966347e-06,-3.25822532713459e-06,5.93788215284329e-08,6.45308388860344e-06,-3.38869199197719e-06,-1.35116397296934e-06,4.65640935222884e-06,-9.43432467173793e-07,-8.06330594800171e-06,8.6891341141455e-06,-1.52644298245906e-06,-4.14734061568984e-06,1.68070864822985e-06,-2.34486207964899e-06,-3.24022184116823e-06,9.00456411539515e-06,-1.2886583382322e-05,9.23236797271791e-06,-5.97209019911207e-06,3.52505187092608e-06,-3.41518189180284e-07,-1.38625521113116e-06
-5.01805250227307e-06,1.03349602263689e-05,-1.0757430398311e-05,1.94086541454226e-06,4.48165319588539e-07,5.87103950844992e-06,-6.31358628522035e-06,-5.82074368516858e-06,3.36849529408102e-06,1.0166844963403e-05,-1.00396541112293e-05,1.23396417346446e-05,-1.82122246731267e-05,1.1001683420635e-05,-7.42676046789418e-06,1.50730144534759e-05,-7.49024100942622e-06,-1.29248081764006e-05,1.99785652503165e-05,-1.01990376806323e-05,2.98008072204791e-06,-2.29295422138303e-06,-1.47212759095143e-06,8.5350832769993e-08,3.81226482431528e-06,-1.92641805386725e-06,-6.63952216429628e-06,7.66859329098399e-06,-8.41103504605567e-07,-1.6418503040531e-06,-3.04836241914111e-06,2.63866674225939e-06,-1.13049228561524e-06,8.61144836639156e-07,-7.34494337601532e-06,2.20114926934755e-06,3.86328130077115e-06,-2.73522983245849e-06,3.05541534082701e-06,-1.13879981124859e-06,-1.04522089828193e-06,-1.00644835701292e-06,-3.31489745048964e-07,-3.50974200108048e-06,5.30159294016637e-06,-8.89017529710852e-06,6.97804478122137e-06,-8.15915807635091e-06,5.63075112080991e-06,-2.06405180335398e-06,5.62090215006305e-07,-7.11509233068673e-06,1.54772219319372e-06,5.09683206869796e-06,-1.24858849029228e-06,-3.82326625172082e-06,1.68362625457887e-06,-5.13563005113228e-06,9.44713936611791e-06,-6.03818665890458e-06,4.13715986621292e-06,-9.30440182187599e-06,4.55575224577789e-06,4.19681862926107e-06
9.09580737171146e-06,-1.17938641066681e-05,3.75705475926937e-06,2.02780599184669e-06,-3.65369267968409e-06,4.49621395849362e-07,1.15324992709671e-06,8.19147845469351e-06,-7.98710834641602e-06,-6.23031446881059e-06,7.40309932958729e-06,-1.25822449211709e-05,9.90642726792455e-06,-3.48693210748625e-06,-2.68219375980167e-06,4.22571829079592e-06,-6.39045537366657e-06,1.32308556124266e-05,-1.43974954070843e-05,5.12542361491286e-06,-4.68480698286385e-06,4.61021338813895e-07,3.81929847352777e-07,8.82025605789619e-06,-4.16042026150889e-06,-1.5437613393557e-05,9.14497360079623e-06,-7.45646070792991e-06,-3.28351977827556e-06,1.08910137243291e-05,-6.54873737198604e-06,-2.75897979136656e-06,2.80985419054295e-06,-8.75190480214083e-07,9.68388567801557e-06,-1.32090483521818e-05,7.24092968291157e-06,-5.51855379884443e-06,1.27114667197647e-06,1.20763045930576e-07,-6.59940170343428e-06,1.28635356353679e-05,-1.70386134437096e-06,1.57455735808376e-06,-1.19021171852634e-06,2.33630934527369e-06,-7.89872047523089e-06,7.42354038705343e-06,-1.261502931439e-05,6.94587208672458e-06,-1.18470423126847e-06,1.4714378109937e-06,4.75269390828355e-06,-8.64337170953738e-06,1.75248205952117e-06,-1.3465472955291e-06,3.063046860961e-06,-1.14248599117613e-06,-8.07768367086377e-07,-8.13288301344346e-06,7.56986560262978e-06,2.0591745651541e-06,-4.86584020794825e-06,-5.53674085568782e-06
-5.1286889176227e-06,-6.21855918767106e-08,-2.47413551683479e-08,-4.49968864041925e-07,5.23780168940169e-06,-8.53891287535902e-06,1.42499343013187e-06,-4.57664655112327e-06,7.66812664504622e-06,-7.39485111210998e-06,1.24718801168033e-06,3.68377042113159e-06,3.76907025459605e-06,-1.12305638115641e-05,5.79677163657913e-06,-8.58378383260734e-06,6.2130106336421e-06,-9.66520236726538e-06,3.81875158831639e-06,9.81715871731335e-07,2.02561084607162e-06,-2.10883763784477e-06,6.27390309828257e-07,2.51649545800106e-06,-1.22627476784665e-06,-3.40984871658226e-06,-3.04495062580113e-06,2.25970074266978e-06,6.94917303984597e-06,-1.17703363098867e-05,9.8010591945454e-06,3.77252108352909e-07,-4.76673864104415e-06,-4.96866558479505e-07,-3.11672493974806e-06,-2.64495076552715e-07,3.98137489639152e-06,9.95140922167567e-07,-5.32127062570094e-06,3.11585253230473e-07,1.35560460237896e-05,-2.10832075153465e-05,4.39297273607896e-06,-1.72248422041796e-06,-1.7460102762344e-06,-1.0969119984959e-07,6.68070157710535e-06,-1.66012235808402e-06,5.08816533526879e-06,-6.17516059596854e-06,4.88021798671163e-06,-1.35762559240275e-06,-4.46721815500239e-06,2.38641397861713e-06,2.76490625802429e-06,-9.57437238603847e-06,1.01279418115098e-05,-8.35246237046899e-06,4.39732676195663e-07,6.8122289382895e-06,-3.6071810346498e-06,-6.52236804857177e-06,4.66612334344053e-06,1.34991441197601e-06
1.07683471026385e-06,2.39975953507001e-07,-1.09709007327523e-06,1.08028103908568e-06,-4.70899720444878e-06,2.96497617461783e-06,3.62328578508618e-06,-5.46586073838302e-06,-5.28328655360989e-07,8.63475965431544e-06,-2.68787930585731e-07,-7.35040490251428e-06,3.4073896387887e-06,6.56589650224601e-08,-3.06978064254973e-06,5.89029913810459e-06,-1.64549305070117e-06,-2.9467389886576e-06,2.72165911452966e-06,-5.8091280032267e-06,5.85025766074374e-06,-4.8900169678384e-06,-7.15365471176637e-07,-6.00907721818645e-06,1.36986051610916e-05,-2.87170007021667e-05,1.88551075169056e-05,-1.0600256927025e-07,-5.91073264215784e-06,9.84487954086431e-06,-6.74376354455948e-06,1.48342248590149e-06,-2.5823015215806e-06,5.48590603176188e-06,-1.01080006160466e-05,1.56101522972383e-05,-1.38403209454669e-05,8.46130413390178e-06,-6.49105048388398e-07,-5.4423811602317e-06,-6.08942187946581e-06,1.36924451063284e-05,-1.24095368188189e-05,1.08866288944096e-05,-6.28619187239638e-06,-7.14612285984138e-07,-6.21043260258277e-06,2.98248368646989e-06,-5.19970501789846e-06,-1.12533600055837e-06,5.14514475386813e-06,-9.68313026921543e-06,4.18156653769299e-06,3.11448202985034e-06,-5.12512227205063e-06,8.84775731422684e-06,-1.07009940735914e-05,6.90807776286861e-06,-5.58356629253023e-06,3.31739521220241e-06,-8.92415760270587e-06,3.04352808985006e-06,9.28470248056463e-07,1.87643089291052e-06
3.33634685412111e-06,1.43171384804837e-06,7.79548775981525e-07,-9.02322112605475e-07,-3.50311889888001e-06,7.87032421839187e-06,-1.5204551258352e-05,9.1888652218976e-06,-4.78724631569241e-06,-5.02182019113853e-06,1.37616302884266e-06,3.24214339142504e-06,-9.43135627072169e-06,1.22218539360351e-05,-8.42383544076321e-06,1.12812040319398e-06,-5.75415327730618e-06,1.1226217628205e-05,-6.4318444150156e-06,3.67278694891181e-06,-9.0794923121584e-06,7.80096981035268e-06,1.60101548828371e-06,-3.28669063097087e-06,3.11047464656644e-06,-8.72633010618893e-06,8.32871456731113e-06,-7.85278167177507e-06,4.23865666992676e-06,-2.61544810282643e-06,2.92384035611803e-07,-1.76318492806428e-06,5.43625994817392e-06,-1.04858825049817e-05,1.57626511337893e-05,-1.59567272483682e-05,-2.04890390545158e-06,1.43923125573216e-06,-1.07966158462161e-06,5.07279975682431e-06,-3.27384159256984e-06,1.81467990891146e-06,4.48133056322379e-06,-6.4475436726027e-06,-4.81761608058785e-06,7.35260857685618e-06,5.39248190969483e-06,-1.01524879343919e-05,1.02665109306373e-05,1.44153275940124e-06,-1.72429147557487e-05,1.84025106352147e-05,-8.08331844507663e-06,-9.80609148575284e-07,-2.94967783519515e-06,5.73666600074928e-06,-4.49484024744522e-06,1.47062176140854e-06,5.06491465599409e-06,-1.51737494722759e-05,1.66312333796713e-05,-1.77700320459579e-06,-2.16420007516794e-06,-7.7420421257898e-06
-3.56963958877855e-06,-7.48580676006757e-06,3.97579167973079e-06,-5.27572081702138e-06,4.57493828265202e-06,-6.07494403836071e-06,1.45926808368772e-05,-1.15033662076849e-05,3.23960642532486e-06,4.91645044144861e-06,-7.97556830515145e-06,2.82248213457443e-06,2.15418371689944e-06,-7.39504617722782e-06,9.59108252158164e-06,-4.15891458981336e-06,9.67859666145295e-07,-7.66892472692031e-06,4.45549010471011e-06,-5.09112243884294e-06,1.12122755671047e-05,-1.27222821159364e-05,-7.3938952135136e-07,9.49766383810226e-06,-2.77703159005787e-06,-1.62848575101615e-05,6.93268508700729e-06,6.55853722225679e-06,1.72804385333052e-06,-8.00934980994285e-06,1.11831973523016e-06,1.01248927558065e-05,-1.60303093598985e-05,8.30131137766505e-06,-2.97421263035585e-06,4.35526652058818e-06,-2.33047283075349e-07,-5.36492080064045e-06,5.66181805213296e-06,-9.43480177224577e-07,-4.86184482704772e-07,-8.63083242688797e-06,7.41718013332064e-06,-5.19491014646539e-06,9.50526260836652e-06,-9.70766333903979e-06,-3.87766445194764e-06,4.05569671343686e-06,-3.83087190342295e-06,-2.76514864387718e-06,1.16093642770409e-05,-1.2060557170599e-05,-6.77801762780949e-07,7.08520437491402e-06,-4.5656634624339e-06,3.9359269025701e-06,-3.49961811422467e-06,-2.28651894925758e-06,-7.80215717706861e-07,1.23283558333721e-05,-9.44051957924542e-06,-2.32339103348323e-06,-1.07130616021993e-06,7.29585094046241e-06
1.78286651766398e-06,6.56714765833258e-06,-7.82872263835662e-06,4.13829129027482e-06,-1.01976940960499e-06,2.49529218412057e-06,-9.13203326636076e-06,6.00547947714425e-06,-2.77134938035838e-07,-3.65317268305351e-06,4.29362282510023e-06,-1.83678605256802e-06,-2.2765130682877e-06,7.37398888890086e-07,-4.77695746719802e-06,3.31274159175175e-07,8.72823429737432e-06,-9.25557964490001e-06,3.51759267026068e-06,4.22158821405833e-06,-1.30670569533893e-05,1.34677259758245e-05,1.46174660895191e-07,-5.83258162584841e-06,5.94499461495821e-06,-1.98710746100277e-05,1.10225055545633e-05,-1.54541322515732e-06,-2.74427494028792e-06,7.22346131670223e-06,-6.04470181097801e-06,-1.95928783243897e-06,1.2588019121301e-05,-3.02978674461815e-06,-5.84523743173686e-06,-8.20729200381436e-08,1.12631711703999e-05,-9.76629731622022e-06,5.29609965019157e-06,-5.12718308176588e-06,2.42526519276308e-06,4.55381099616149e-06,-6.54325446378336e-06,2.69189538889261e-06,-4.73034532724235e-07,1.93799650110733e-06,1.09885599866251e-06,-2.34286541761864e-06,-2.23578426569302e-06,3.5393273111564e-06,-2.71316085871599e-06,1.02690823405952e-07,4.71197853335938e-06,-3.97159115561799e-06,3.10288546978647e-06,-1.01523393601788e-05,6.93901727998787e-06,3.6167163297269e-06,-2.19292703254355e-06,-1.89869680902193e-06,-7.8412018167403e-06,1.21283312997663e-05,-3.26484278541442e-06,-3.36153648541665e-06
-8.62722781960928e-07,8.10499518414525e-07,-2.32418013601416e-06,5.93683388723457e-06,9.46771010071704e-07,-8.92843402781908e-06,7.66370692687273e-06,-3.84447077248963e-06,-5.15013211629871e-06,6.06100585133012e-06,-1.03023695538119e-06,1.1042498833935e-06,8.00498468994507e-07,-6.02123935165323e-06,1.06975987811739e-05,-7.74198528348459e-06,-9.32423479477318e-06,1.20770077812811e-05,-3.82250877639935e-07,-8.89149066866376e-06,1.48331134337263e-05,-1.24236426693573e-05,-2.72188917367221e-06,1.34315849880497e-06,9.83591163142128e-06,-2.46018501742436e-05,1.62306104502507e-05,-2.57314826782341e-06,4.43183106372444e-06,-4.14493562570426e-06,3.35094444788806e-06,-1.55330584568809e-06,-2.52570164235262e-06,-1.49500151165495e-06,8.00748420661555e-06,-4.80457102856715e-06,-6.4917987605975e-06,1.07725190651085e-05,-1.29431252262514e-05,8.13541109192248e-06,7.46209761118917e-07,-3.39616598602615e-06,9.64235818869417e-07,1.62370949315807e-06,-6.05563007468499e-06,5.39014553115493e-06,-3.77795385675276e-06,2.17895364939515e-06,-1.60887967278144e-07,-1.37829683343175e-06,1.50697446506807e-06,-3.10882438218858e-06,-1.36537969875564e-06,-5.60785833252751e-06,7.44883420486682e-06,-1.08225385063639e-06,2.00064760730498e-06,-9.38878079031696e-06,5.64992418306198e-06,-4.68537613370604e-06,9.20903002741249e-06,-7.68538955174373e-06,1.1268241605872e-06,-4.7479509509479e-06
-1.54491938682487e-06,-4.43942407995158e-06,3.8783455502792e-06,7.9046648071973e-07,-1.10760098519903e-05,1.09181403642439e-05,-8.04320801932259e-06,4.41229189360111e-06,5.29006670319073e-06,-6.59930803006009e-06,-4.32888918655979e-06,2.62721869051964e-06,6.39647713448304e-06,1.18917984691494e-06,-9.88176261105133e-06,4.99532435333631e-06,1.25570366328304e-06,-1.82852174601541e-06,-4.34097376557303e-06,7.65617817432175e-06,-1.65014550678148e-05,1.4006958548565e-05,1.14174088157389e-06,-2.33793946550114e-06,5.1780659365624e-06,-2.60051685665044e-05,2.31752559992886e-05,-2.01883845148183e-06,-8.18187279569739e-06,2.36198030205145e-06,5.31263734617744e-06,-4.27949583172416e-06,-4.23478951716403e-07,1.84596257547914e-06,-5.23289878106103e-06,-8.16936997308763e-07,1.25622500518412e-06,-1.76267500510446e-07,5.14032689022042e-06,-7.49716539213842e-06,-1.74342644278583e-06,6.30939041808771e-06,-2.67110077826147e-06,-2.66246576013148e-06,3.75713601072066e-06,-2.44159339375719e-06,-7.72735254232878e-07,4.62355861188673e-07,1.72596688991778e-06,-3.69716251244616e-06,-1.08536356341121e-06,9.82499624902748e-06,-2.48712269753534e-06,5.31469208141385e-06,-1.03947948089893e-05,-1.15301347592507e-06,1.48958750189733e-06,1.04802994204228e-05,-1.31242993801123e-05,3.40988602820777e-06,-7.57173112652303e-08,-4.54316578165409e-06,-7.55436887379135e-07,7.70677637954942e-06
-1.3682307896512e-06,4.48964271391578e-06,-1.1819505630845e-06,-8.79031770338743e-06,1.8526587149407e-05,-1.90051477101319e-05,1.76771223915371e-05,-1.13612394328079e-05,-7.26418170574919e-08,1.69975145627886e-06,-6.30071406825104e-06,4.7827692677954e-06,-1.16695723896692e-05,3.76102579406007e-06,5.71757589300566e-06,-2.7724727491501e-06,2.0298942715586e-06,-3.70559759333026e-06,5.4906182715453e-06,-6.3726032517188e-06,7.56921059505653e-06,-1.00821948078208e-05,1.95933030281903e-06,1.63849120321952e-06,-2.54110781863479e-06,-1.22475633130401e-05,7.47847845269229e-06,-2.61344386060593e-06,4.68150810341901e-06,2.57018727195959e-06,-1.33387845974747e-05,1.30616848784159e-05,-3.79490244171409e-06,-2.14930799256911e-06,1.30630495201101e-06,1.33669501706032e-05,-9.76165619722036e-06,2.68927037933568e-06,-7.37378800195006e-06,1.07860964365379e-05,-9.64628573496686e-06,1.98591300068222e-06,-1.28612014957209e-06,-2.11607609439715e-06,3.54126722884718e-06,-1.44052506400526e-06,2.92813434470135e-06,-2.39175464269672e-06,7.68139416628373e-07,1.24234707844419e-06,-5.65414587096893e-06,-4.39946362360726e-06,4.21924988545762e-06,-4.92501152397835e-06,8.87317943816834e-06,4.28577948549667e-06,-9.18324680392417e-06,-3.44288905675815e-06,6.84041132092361e-06,-4.03402561608487e-06,2.43773996821124e-06,-4.61783639377189e-09,1.42613907267669e-06,-1.86630816122402e-06
9.37087737941795e-06,-6.03923791875744e-06,-2.61873879306683e-06,8.21807070541581e-06,-1.19002769781778e-05,1.14447541771406e-05,-1.68388678073677e-05,1.3353978912736e-05,-2.50537783208233e-06,-2.9350628581073e-07,7.53856652002325e-06,-7.38163880826332e-06,8.10822336550067e-06,-2.74340288957535e-07,-1.23690780684707e-05,1.00998898641516e-05,-6.76455890415951e-06,7.40940280451301e-07,-4.89127971986553e-06,7.72479352734291e-06,-1.20526876805303e-06,1.24734224553625e-06,-1.99051651034187e-06,1.94201037419465e-06,1.06398369416845e-05,-2.37477895740983e-05,1.00459157826797e-05,7.76939613460091e-06,-7.63811568602305e-06,1.2263633460295e-06,1.04307881822209e-05,-1.2856730367485e-05,1.27144983238688e-06,4.57980832355608e-06,4.73554493676567e-06,-1.4807478962071e-05,7.67599762240993e-06,-5.70489193555324e-06,1.13949634832576e-05,-1.73675737708169e-05,1.49302611869215e-05,-5.7631966189227e-06,-1.04221667802506e-06,4.16036379178751e-06,-4.26514822805621e-06,4.12877831207372e-06,-6.39724686104963e-06,-6.97627278726231e-07,-7.35400097048987e-06,1.41206494530239e-05,-9.98724739537228e-07,-4.76937142449917e-06,2.17000247728697e-07,4.36623394745195e-06,-7.0911970064481e-06,-3.27730905011593e-06,5.78955561324001e-06,5.67565175234182e-06,-3.13441660955275e-06,1.29898942258923e-06,-7.1299164636084e-06,9.66797472074533e-06,-8.1820009885259e-06,-4.4285698044451e-06
-1.11112311983914e-05,1.008392558509e-05,-6.77801584892025e-06,9.30630401267017e-07,-1.54309130250141e-06,6.13344325143223e-06,2.49092601900591e-06,-9.34501829093398e-06,-4.04359668937607e-08,-2.9367728746814e-06,1.46355677587336e-06,1.32856281737175e-06,-2.89466219420811e-06,-1.26828282243634e-06,9.51974633681085e-06,-1.53037191652464e-05,1.01293792270132e-05,1.38312333005318e-06,-4.31761086656716e-06,-4.22824132848155e-06,4.67394477970373e-06,-3.48796423474097e-06,1.04262028240087e-06,3.76793081503307e-06,-7.11319335478327e-08,-2.10368488095024e-05,1.55120318777246e-05,-7.02835840532089e-06,1.26977641765455e-05,-5.58807753230651e-06,-3.99215748765422e-06,2.51128771936178e-06,4.46432852194535e-06,2.0339315338374e-06,-1.70947037639744e-05,1.32442488362973e-05,-2.83901594570642e-07,-5.92872542096532e-07,-8.46341200506417e-06,1.18167118850779e-05,-8.35625572678251e-06,4.07506673820105e-06,4.48447023322278e-06,5.34266929579662e-07,-5.68940148071746e-06,-1.33462826207909e-07,-4.41306133871856e-06,1.21026038542897e-05,5.94193788838807e-07,-1.14804802014404e-05,4.78345664865147e-06,-8.20720719621633e-07,4.26926381128139e-06,-8.3252813487901e-06,2.19248131617167e-06,7.75192385876664e-06,-4.94793418956311e-06,-1.20081354473464e-05,8.11073076434198e-06,-2.41238291943945e-06,5.51933058462494e-06,-1.33317109456192e-05,1.12815686399327e-05,5.85285841347971e-06
1.39433296329498e-06,-4.72804857253849e-06,8.14146931630327e-06,-9.52534865731984e-06,9.45013140642077e-06,-1.09479368049643e-05,5.91026219480662e-06,-3.85044427428331e-06,1.15497895649145e-05,-5.97571403984529e-06,-2.79257172897652e-06,8.4569722377052e-07,-1.8969307867292e-06,2.52801305506619e-06,-6.83407282138429e-06,1.15122004001998e-05,-8.67689287971947e-06,-1.29325529920969e-06,8.43413644715738e-06,-9.68847268431793e-07,-1.15258384594153e-05,9.99783793919421e-06,-1.92310172425035e-06,-6.96639842925888e-06,1.04512739194234e-05,-2.01930621651953e-05,1.47558386803732e-05,4.12985143113684e-06,-1.53562969316165e-05,1.30222782481656e-05,-4.64076484329258e-06,5.87079340412542e-06,-8.96462813862655e-06,-1.06717154768438e-06,1.43909691104673e-05,-8.9307355467772e-06,-2.72990345666292e-06,6.35514333524049e-06,-1.19716575571868e-06,3.58973404208904e-06,-1.29061175991759e-06,-5.20458375660899e-06,-6.90349743790893e-06,4.0529367327462e-06,4.83052030268648e-06,-6.38573416003982e-06,1.4457135990148e-05,-1.58820128356066e-05,5.70190319697142e-06,1.44702184631139e-06,-3.54592429668962e-06,2.41672331193563e-06,-7.03562172961394e-06,8.90211795334381e-06,-2.41926258014903e-06,-1.50669469371094e-06,-4.07496110306989e-06,1.1166702788027e-05,-8.8293189835988e-06,6.33176028155584e-06,-8.95848916845037e-06,1.1172074443195e-05,-7.75282399139461e-06,-1.36130794242088e-06
7.73743333605083e-06,-3.69205626582826e-06,-4.39931758517248e-06,6.83384260335777e-06,-4.71063209504882e-06,5.9317214177161e-06,-6.07173910571822e-06,2.41739612514877e-06,-2.55109895880824e-06,-2.27774908267886e-06,5.68510909608124e-06,-2.80235450418726e-06,1.69361150818727e-06,-8.47872944968957e-06,1.17148849406588e-05,-9.43690194828124e-06,5.38419967147383e-06,3.43807954450232e-07,-3.46741179157382e-06,-1.30551657293337e-06,5.65487240017788e-06,-6.14998946219199e-06,2.21088567976101e-06,2.15439450852678e-06,6.84252348669098e-06,-3.01478743859364e-05,2.12743304026468e-05,-9.36504858110319e-06,7.57803530780658e-06,-5.3421920994603e-06,3.31788562597514e-06,-7.27027508992126e-06,1.16056116726245e-05,-2.88325058530224e-06,-1.04146001768429e-05,4.26795431044479e-06,4.3240322428392e-06,-6.19402422722824e-06,3.97452237589892e-06,-8.20137552162078e-06,6.62835315298821e-06,1.31269514296464e-06,7.29678971290149e-06,-1.03757218919019e-05,4.47655900091961e-06,-7.78409579422232e-07,-5.83705349809566e-06,4.14270487961749e-06,-5.32542087949292e-07,3.56458065669395e-06,-4.96139271175487e-06,2.1939343323657e-06,4.41882469427624e-07,-1.91298893354515e-07,4.36110706477095e-06,-1.33314127053006e-05,1.3722423023011e-05,-1.04131309674229e-05,3.77270304170088e-06,-8.74610518254311e-06,1.14663713060574e-05,-7.0128251925278e-06,2.15570129646176e-06,-5.19422618294792e-06
-1.15602053045049e-05,8.27989669285693e-06,2.36026541482964e-06,-9.52069457148319e-06,-1.4620720613109e-06,2.744278020788e-06,1.12843930189165e-06,3.55260037313682e-06,-5.94252871644202e-06,2.56665750117779e-06,-3.0651646657238e-06,1.9706929550605e-07,2.55340653100189e-06,8.55418827195595e-07,-5.71776066300159e-06,8.10033452007714e-07,-9.81220815792316e-07,2.72942744814805e-06,-5.06494918967334e-06,8.1161846907381e-07,3.26741399962136e-06,-7.2196778149734e-06,1.04074079829783e-05,-9.87513948262976e-06,6.46492542475925e-06,-1.68082480504141e-05,7.95620749135378e-06,6.1381271722306e-06,1.12016545034683e-06,-2.13232946628506e-06,-1.43155674494042e-06,1.56889477729525e-06,1.96927921662069e-06,-3.45234347724444e-06,5.04281888087582e-06,1.92810877480757e-06,-4.94763187653412e-06,8.55314940221093e-06,-8.85163291413775e-06,5.69823943269804e-06,-2.8589091889697e-06,5.51989289796716e-07,-9.47679011781795e-06,1.07132194356934e-05,-6.5365305299066e-06,7.3488890961039e-06,-4.27456611465436e-06,2.26076389317622e-06,-1.80262653672879e-06,-1.13834846695604e-05,1.25070945385536e-05,-1.41622900803876e-06,-2.06757837277828e-08,-3.13978829944007e-06,-4.39206522823579e-06,1.49831440266005e-05,-1.34903423319417e-05,8.44962246835043e-06,-1.55889764776239e-06,1.53525161882714e-07,1.24972245827216e-06,-6.01867715554539e-06,1.05150965621726e-06,9.49916102622489e-06
2.82007410623494e-06,-8.27629559287934e-06,-9.36264222942449e-07,7.58862950529108e-06,3.89392207048879e-07,-3.49110518940518e-06,-1.4368249231806e-06,-3.61784208745506e-06,5.74105858712887e-06,3.24987513448525e-07,-4.67098590044879e-06,9.34013551770245e-06,-7.80107830404601e-06,5.70835671990286e-07,4.70122255342431e-06,2.28967837500952e-06,-3.40447520179806e-06,-8.04276364439884e-07,-5.42194221562999e-07,5.43667732701893e-06,-1.4224927453965e-05,1.50436994064865e-05,-1.32685072442914e-05,1.10797821016849e-05,-7.45236492196606e-07,-1.87017211470953e-05,1.49106188041356e-05,-4.28418219421107e-06,-5.06435945710289e-08,-1.93646971522457e-06,4.39288081770337e-06,1.25907678390693e-06,-4.72735086496928e-06,5.31993980518854e-06,-2.75047356100769e-06,-8.29309990214504e-07,-1.72873000506215e-07,-5.31649487313092e-06,8.515592487089e-06,-1.44674777802092e-06,-3.76657660212174e-06,6.92847629574599e-07,5.87019802526292e-06,-1.12294770945135e-05,1.29581397034196e-05,-9.33230828887164e-06,2.14893812818852e-06,-2.09908169323021e-06,3.38969646967632e-06,3.94199034866534e-06,-3.35074381458067e-06,-3.58743773715283e-06,6.11714256257655e-06,-6.91993811905717e-06,6.7215882913156e-06,-9.37982111071353e-06,1.21648738471892e-05,-1.47820124698306e-05,7.6629950723376e-06,2.68559277480228e-06,-1.0354855812692e-05,8.9808863635139e-06,2.17338517417137e-06,-4.28289820264648e-06
8.11436934842283e-07,7.00456197067818e-06,-2.48416960612203e-07,-4.71515732266224e-06,4.78050156938086e-06,-6.86516974344583e-07,-1.3410303862263e-06,3.27959661609536e-06,-2.686683156832e-06,3.29744888955369e-06,-2.36613456315086e-06,-6.73064888462859e-06,6.13408681739145e-06,-4.7985327361866e-07,-4.53501203237686e-06,2.26218788335066e-07,-7.32579557945801e-07,2.00906888992721e-06,-2.75139209223531e-06,-2.00870330177999e-06,1.17908134474363e-05,-8.20175599665385e-06,-2.28060094667512e-06,3.9388990385526e-06,3.60387814728244e-06,-2.57825469050186e-05,2.18564169439511e-05,-1.63356690901406e-06,2.58883348989902e-07,-4.50592326895747e-08,-1.55195851166653e-06,3.06955167811106e-06,1.22129993569249e-07,-3.19295465276083e-06,2.29322749405622e-06,-6.20266476418359e-06,8.76852677046426e-06,-5.33287524481758e-06,-2.42209127977292e-06,5.82031998320965e-06,-6.5276790303704e-06,5.39410808065584e-06,-1.54446051105105e-06,5.53408021254142e-06,-1.3091153152338e-05,1.11045216658575e-05,-1.17067167196173e-06,2.6134171213464e-06,-8.25813038230686e-06,1.19296112528305e-05,-1.2416308682449e-05,7.23472246319124e-06,-8.85644752127682e-06,6.29279269315089e-06,-1.31855861544356e-06,2.82326175707882e-06,-9.40161611502032e-06,1.13196801117647e-05,-2.58831547958221e-06,-1.18232724972379e-06,3.26657642344274e-06,4.10167516551231e-07,-5.22967864250604e-06,-2.07509033943913e-06
-5.38315607818648e-06,-6.82554193883432e-07,-5.73236333319013e-07,9.77170200431277e-07,-4.58490943489852e-08,-3.93463213885445e-06,5.13103306687664e-06,-1.44867092437902e-07,-5.06668531847459e-06,2.6178516388038e-06,3.00858159726481e-06,-4.0746821080445e-06,3.11426294713544e-06,2.20752855541543e-06,-2.401225916225e-06,-3.0768869588495e-06,7.62077987362347e-06,-6.18474317189398e-06,2.30743416870308e-06,-7.08981523603237e-08,-4.79523993137998e-07,-3.70488694237995e-06,6.622446626671e-06,-3.88630348607978e-06,4.59577721895219e-06,-1.9368915531821e-05,1.25062078302226e-05,1.05185979302482e-06,-3.63531772397348e-06,1.21291063071448e-06,3.91612155417243e-06,-3.23649536645896e-06,-1.50711382233678e-06,4.68824403883578e-06,-2.39596780577993e-06,5.73017204652249e-06,-6.32213920481795e-06,7.64760780930606e-06,-2.36692455074764e-06,-7.42194682871176e-06,9.72905509804675e-06,-7.71336269424542e-06,2.11604349089475e-06,2.48336612682963e-06,-2.45299094952527e-06,-4.92263734743183e-06,2.4943405323343e-06,4.10720915163899e-06,-3.74175883800679e-06,-8.02168496216927e-06,1.02946190464351e-05,-2.86276947963099e-06,2.07351189571619e-06,-1.54531700739824e-06,-1.49762094815165e-06,4.45824986611186e-06,-1.98023410704031e-06,7.52574770231881e-07,-1.0291156765711e-05,1.04406653060903e-05,-7.82374359579704e-06,3.15371102129836e-06,-3.10375420184239e-06,9.30177153394825e-06
9.44310502935139e-06,-5.03865977151203e-06,-4.11018543075928e-06,5.63999328552597e-06,-5.97213324976396e-06,1.88474575461805e-06,5.28324130724558e-06,-6.54353971282761e-06,-3.19174950550734e-06,2.17113487679411e-06,-3.00288499006084e-06,5.98589679204002e-06,-5.70893284102297e-06,-4.19547355156332e-06,7.24134970999953e-06,-4.03781680260738e-06,-9.62865317592942e-06,1.53632213361081e-05,-4.78891467692193e-06,1.55764052597497e-06,-9.01393704552098e-06,4.76289944019904e-06,-1.03747731069864e-06,-9.23968715137476e-07,1.18805093480914e-05,-3.16453502255054e-05,2.53530250087923e-05,-1.20854092466089e-05,1.11603564724352e-05,1.91966700710014e-08,-6.03270396823353e-06,-3.94624451629193e-06,5.78657026908876e-06,-9.91375376332809e-08,-8.94239479545976e-07,2.54373897256912e-06,-6.51034896188109e-06,-1.47931892659868e-06,4.85718894736912e-06,9.27373515258609e-07,-2.70748650930975e-06,7.22484083921721e-06,-7.19174014950484e-06,2.30370423412597e-06,2.34589032842897e-06,4.68159780765692e-06,-8.80478271340316e-06,2.46689898675691e-06,7.10779704515539e-06,-5.60008146921783e-06,8.17002771650567e-06,-1.00299000596463e-05,3.87299120172213e-06,3.23941074032287e-06,-2.85035996738818e-06,-6.79014954819056e-06,1.05487289358062e-05,-5.52006926753064e-06,7.27282728143283e-06,-1.02260692532882e-05,1.17119811982581e-05,-1.19097022968717e-05,1.11397009290824e-05,-1.38765033453505e-05
-3.10031363415516e-06,-3.44353917697209e-06,7.46491900465298e-06,-6.18279967013008e-06,5.9068450849577e-06,2.29681311318017e-06,-1.07640097618436e-05,5.62402053586016e-06,9.652612704438e-06,-7.13314712668524e-06,2.15262895877182e-06,-2.0411036167928e-06,1.8954314866235e-06,1.78509821197619e-06,-8.69226269912867e-06,7.38867092774781e-06,2.92406100274594e-06,-1.72557761691305e-05,1.849947049818e-05,-1.11518649828168e-05,1.48314091760947e-06,5.88814953588359e-06,-8.18738997405907e-06,4.88339434763737e-06,-4.81049425686175e-07,-1.92790076654697e-05,5.12603580723543e-06,2.0155001130771e-05,-1.4530560809135e-05,-2.58415895163544e-06,9.18538848536937e-06,8.398557493392e-06,-1.33528347541168e-05,-4.13268821920732e-07,6.16133925443546e-06,-8.23199592567062e-06,1.25657329107718e-05,-3.35339312134856e-07,-7.92063311589525e-06,3.66966625539117e-06,3.44398479455641e-07,-6.50975551258157e-06,8.71880341354493e-06,-9.84286080431936e-07,-7.22269585137272e-06,2.43170069070076e-06,2.89213687307232e-06,-8.11995891614528e-06,3.89200187608061e-06,-9.19778312534857e-07,-4.63539936543296e-06,5.96027028362321e-06,-2.06937436664171e-06,5.04143527886856e-06,-8.96078051030709e-06,9.90365613977705e-06,-9.87812642229354e-06,4.05909105297913e-06,-2.93171426096781e-07,6.85615665858314e-06,-7.86755246214841e-06,2.46606267983501e-06,-4.67385862354187e-06,7.91312779814937e-06
-6.6376510054225e-08,5.52640158746066e-06,-2.6592229850566e-06,8.46485771003847e-07,-7.16419788730491e-06,2.03567579733804e-07,4.14381143908528e-06,-5.48375811436759e-06,4.78369367553386e-08,-1.59467929014584e-06,-9.54830203211666e-07,7.95623859888883e-06,-9.39380420849884e-06,2.35592072013937e-06,5.98152519326583e-06,-2.63366019813645e-06,-1.27072969724668e-06,7.61262593494638e-06,-1.92108129027353e-05,1.31304941295308e-05,2.47981803655335e-06,-6.0281989749966e-06,4.95582247657835e-06,-2.09157740602736e-06,9.90719178917822e-06,-2.64448008130512e-05,2.73947452491178e-05,-1.85335542517572e-05,1.08778340110084e-05,3.85301808651135e-06,-9.84912925185873e-06,2.06171038437432e-08,9.57899571601031e-06,-3.21800937178963e-06,2.2188623567515e-07,-1.44622085842022e-06,-7.813531555575e-07,-4.6157755944096e-06,9.17096504042152e-06,-4.62743008458347e-06,-3.25554772328492e-06,5.44448806844174e-06,-2.65292169191882e-06,-4.22378595931567e-06,6.57709409177279e-06,-2.83760963949011e-06,-2.45711342649953e-06,1.47645671128474e-05,-1.23999424075295e-05,7.69837660935802e-06,-5.74869317860525e-06,-3.91132131726798e-06,9.37408851437961e-06,-1.35211294473755e-05,1.52396168141415e-05,-1.14371034608231e-05,6.44367490911986e-06,-1.32747546679247e-06,-8.97238542332432e-07,-6.79136635837139e-06,5.40831082211389e-06,4.03601771313627e-06,-3.01449863221982e-06,-8.13223165048931e-07
4.48747629958234e-06,-2.71193536355612e-06,-7.32631562583189e-06,2.45220829195745e-06,6.53822130434922e-06,-3.13637817280645e-06,-1.71530139074831e-06,2.15402142349738e-06,-1.14729792758744e-06,4.55412681908412e-06,2.80642640637236e-06,-1.41856013088837e-05,1.29646865995288e-05,-5.16601346834407e-06,5.10311819453061e-06,-1.12709796531753e-05,4.1705923887782e-06,-7.53300589972249e-08,4.76679099217896e-06,-1.51165334583186e-06,3.25030249011452e-07,-1.7292683142377e-06,1.3702450641125e-06,-4.48921209814019e-07,1.84415821904019e-06,-1.52264216811221e-05,2.86907395463805e-06,1.14606311166119e-05,-8.70588941968815e-06,3.559160499489e-06,2.07876487827489e-06,-3.92483387726904e-06,-1.99635082879222e-07,-1.03238072949498e-06,-2.04249628183536e-06,5.44726016796996e-06,-4.10220979735076e-06,-2.40307743696274e-06,-2.05600369229223e-07,-2.21324090878417e-06,1.32016654483969e-05,-1.26285296375118e-05,2.88995503010386e-06,-2.35599701004056e-06,3.71056351066967e-06,1.26014784904723e-06,2.81685583809102e-06,-1.60057606723624e-05,1.20312411107152e-05,-8.03089803633204e-06,8.62580171945101e-06,-1.37653310039964e-07,-6.02874117371442e-06,4.45807227926061e-06,-6.82532116548008e-06,1.042950657456e-05,4.33219529207108e-07,-4.305511226338e-06,-2.1160647292376e-06,3.55672511089721e-06,-4.60396588019726e-06,-2.33730613111151e-06,1.01313025418356e-05,-6.08564581310548e-06
-5.07504064738548e-06,2.61132567459695e-07,9.44967375387885e-06,-1.00317974256558e-06,-5.14849639489516e-06,-1.03135041665518e-06,2.22055325779009e-06,3.11162997537534e-06,-7.2498462974086e-06,3.83855216394655e-06,-4.91738417812202e-06,8.21010206215976e-06,-6.25819637662854e-06,-2.90340002223685e-06,-2.47746318590978e-06,1.14303413530772e-05,-4.29056712528654e-06,-2.78568703108025e-06,-8.47141900726716e-07,-2.07266931121808e-06,-4.37373645257641e-08,7.66332132308484e-07,-1.83081748109986e-06,2.0529510518843e-06,7.83252020168444e-06,-3.16047976455202e-05,2.71007284191862e-05,-1.32756622755228e-05,1.5287327495993e-05,-8.15219316732602e-06,-3.17411136507922e-06,8.41120878687008e-06,-5.52491695945635e-06,5.26048958538304e-06,6.48169545945121e-07,1.19574661707767e-06,-5.76971786330558e-06,9.14053214981043e-06,-5.32360807125467e-06,3.03509171752449e-06,-6.92893568966113e-06,5.92989798384785e-06,1.32613749681528e-06,1.18524000810758e-06,-1.77053108778864e-07,-5.20728798493151e-06,1.69560973150687e-06,1.12130791106938e-05,-1.13726310541246e-05,8.78823530425795e-06,-5.79331047238637e-06,2.02845574275669e-06,-4.38166183377927e-06,4.23535248837704e-06,-3.21745207659207e-06,-2.61173255794508e-06,-4.4104289412842e-06,5.82847023522708e-06,2.59009915912194e-06,-1.37687570205319e-06,-4.073136166154e-06,7.68883752085978e-06,-1.12588798901722e-05,5.80397696621586e-06
7.79687123125445e-06,-4.90410011811926e-06,4.62095931912442e-07,-5.15953137690074e-06,3.80326420538894e-06,-8.52955194875041e-08,-3.10534609784466e-06,3.27886091948978e-07,8.63854210444823e-06,-6.15079260872786e-06,-3.96543233256633e-06,3.99399257222994e-06,-4.39940018691851e-06,1.01990445046366e-05,-6.82774671517844e-06,-1.31603405254537e-06,2.56252037209304e-06,-9.28092264402386e-07,7.34918201666781e-06,-7.28945858037825e-06,-1.97014019192014e-06,3.70535981335009e-06,-4.17194229362055e-06,1.15697855021644e-06,5.33144990221105e-06,-1.5407836437384e-05,9.50352645716056e-06,2.2047181298545e-06,-1.1946514700674e-05,5.09763725039192e-06,7.66592004228716e-06,-9.76309256673546e-06,9.82661114312931e-06,-6.67313082764316e-06,2.84314034218044e-06,-3.87266796498026e-06,7.41316806621214e-06,-2.39428532744113e-06,-5.47554092580618e-06,3.79292889840762e-06,1.05882368186898e-06,3.74225341234269e-07,-6.14833119295865e-06,1.17084275913145e-05,-1.36657917717019e-05,6.98294545936088e-06,-1.42337698569977e-06,-4.89863800456851e-06,6.09416144166312e-06,-2.55955805452014e-06,-3.18046591927376e-07,6.17514996861017e-07,5.41361153080105e-07,-5.64903437289369e-07,7.39900606759172e-06,-1.00386712467458e-05,8.89856174614637e-06,-6.13778085487571e-06,3.74796622085234e-07,4.4610916447319e-06,-1.28041491695689e-06,-3.15246683019821e-06,7.19660948493248e-06,-6.96757072007201e-06
-1.05989217088582e-05,9.74239901268961e-06,-7.16385805053235e-06,6.13450916041238e-06,-5.71102091243925e-06,7.59374439936509e-06,4.82755429637019e-06,-4.7769198458812e-06,-7.91417772282157e-06,-3.87422878883825e-07,7.59428263148764e-06,-4.19755316235308e-06,9.97698952745231e-06,-8.76664546870596e-06,2.41581248127444e-06,1.05254114855019e-06,-4.91923869578328e-06,1.38563271275878e-06,-5.28496800418867e-06,4.99689322753485e-06,1.4876166259564e-06,-4.22809752793824e-06,9.37298143148252e-06,-5.53380802753204e-06,2.71955338405829e-06,-1.710784382156e-05,6.63676566256459e-06,8.39248025709392e-06,-1.85526842835049e-06,4.95334406847826e-06,-7.00434128947589e-06,5.93019278509697e-06,-4.94587940537767e-06,9.88685770964882e-06,-1.06332993863442e-05,4.20057862428014e-06,-2.51304714843921e-06,-7.08404193389118e-07,8.72387345524226e-06,-6.14343447319657e-06,-1.68571151994579e-06,4.1457608637371e-06,3.40470295321515e-06,-1.4357266564971e-05,1.66886430415644e-05,-3.28414262808033e-06,3.97498249318796e-06,-1.00681855221165e-05,8.08331950805623e-06,-7.9635522658059e-06,5.36746130418807e-06,1.76152727556073e-06,-4.46559895397619e-06,7.45648657930208e-06,-1.21366472359178e-05,1.63714347179837e-05,-1.29017474025417e-05,5.56313556610612e-06,1.5110457865872e-08,-5.8525299887061e-06,3.14633216452954e-06,3.25540693494267e-06,-8.44952834795466e-06,8.62557774637092e-06
2.85998987446532e-06,-7.96567220010142e-06,1.03353173494526e-05,-1.93684047434025e-06,1.39541874674484e-06,-4.70703720232454e-06,-3.45605854894886e-06,-1.78548781004662e-06,4.0832450301112e-06,5.20973281723319e-06,-1.24894864417201e-06,-3.28594953501714e-06,-2.03211830476067e-06,-1.74958659609599e-06,5.00857671458251e-07,1.49589082754081e-06,4.8690296143753e-06,-4.78457729491242e-07,3.76485532001943e-07,9.36159654996787e-07,4.50782077800854e-07,1.15298731018703e-06,-1.38612476209788e-05,1.3986910241372e-05,1.09332998422787e-05,-3.6357383567086e-05,2.18694115220462e-05,-8.12538366297147e-06,6.9874884044682e-06,1.70338361596748e-06,-4.45928123621344e-06,1.14677385192347e-06,1.44135640320844e-06,-1.43918557851128e-05,1.83004750404214e-05,-7.33097332444765e-06,-5.27169138347206e-07,2.15045504634358e-08,-3.63294655257961e-06,5.31587322023952e-06,2.86817011784607e-06,-1.06329373888594e-05,7.44121363718105e-06,2.77383665485077e-06,-6.93238728301168e-06,-1.33013170078187e-06,-3.07171790638809e-06,1.27256535023841e-05,-1.2698480697359e-05,6.71977784460048e-06,-1.22788165651469e-06,5.98371153903642e-07,-2.59578771718157e-06,-6.50143239378948e-06,1.05161486354693e-05,-1.41645899214174e-05,1.51733145823841e-05,-6.84886849305418e-06,-1.63472900391738e-06,1.28693783573102e-06,6.61532249362242e-06,-8.38786742833477e-06,7.62149843614831e-06,-3.98579068248237e-06
8.46547113041871e-06,-2.82583280790888e-06,-1.03871656265258e-05,8.71801818333983e-06,-6.39514706638531e-06,3.22131744205005e-06,-2.12333373307639e-06,5.51839272700482e-06,4.61858297747069e-06,-1.13593559793347e-05,-5.26893978358306e-06,1.04183673887629e-05,-9.95006688924126e-06,1.01726388190606e-05,-3.69743076673979e-06,-2.3969800613944e-06,-4.24780819824069e-06,5.68959790487068e-06,-5.00331115524598e-06,-1.05327594968149e-06,6.63769279128866e-08,-2.37337872016882e-06,8.98632502338794e-06,-3.17856006533556e-06,-1.42125855503875e-05,-5.71720901566946e-08,1.36371343457237e-05,-3.75511069337306e-06,3.26584640127334e-06,-8.72685605443758e-06,1.2520887696837e-05,-8.97677865991604e-06,-1.80641555806257e-06,1.69126385655743e-05,-1.48678584951969e-05,6.77154516741521e-06,3.9355156925159e-06,-6.95294181257007e-06,6.73972768276013e-06,-6.45299424536453e-06,-1.75508039986534e-06,8.66200611318124e-06,-1.04236433607166e-05,2.41068561343167e-06,1.01401509444906e-06,2.03997763937786e-06,3.075058469829e-06,-8.50207943161563e-06,6.39709250929543e-06,-1.26503461263175e-06,2.5424410731871e-06,-5.5394445277846e-06,1.26787770616765e-05,-6.61773677894975e-06,4.15863181972154e-06,7.09421776596618e-07,-1.39265247684625e-05,1.15992829881802e-05,8.06258580025212e-07,-5.72696059425318e-06,-4.51824120945453e-06,8.85361411707677e-06,-1.01598539150956e-05,1.92568024628294e-06
-7.97795644786489e-07,3.2506808193769e-06,3.49066737438234e-06,-6.99352820800087e-06,1.11176404551472e-05,-8.9501765712852e-06,1.85590256981532e-06,4.36403672885876e-06,-1.17491466496254e-05,8.97286954604734e-06,6.89405616440431e-06,-7.75718581546623e-06,8.83385184594801e-06,-8.60287047601002e-06,-2.10189303118819e-06,1.1045409315043e-05,-3.05723854883663e-06,-6.60082379731305e-06,5.54377718126852e-06,5.90269758195799e-06,-3.22288169116765e-06,2.8202773246786e-06,-3.64023131421056e-06,-5.70014706084894e-06,3.14296538189329e-05,-4.23495503467286e-05,1.78508043346043e-05,1.30001523882576e-06,-3.88612590933418e-06,4.94100685952134e-06,-4.18055400136384e-06,3.59785823446789e-06,7.62344005421221e-06,-1.15239034248348e-05,6.75850821659416e-06,-6.26858199880453e-07,-4.98282682590976e-06,8.65161690992062e-06,-6.28251611869568e-06,1.29611912698673e-05,-1.19776695555211e-05,5.48687127239225e-06,2.85994852109268e-06,-3.07799201873136e-06,6.29079790198884e-06,-1.39962991530979e-05,9.56844770874892e-06,-6.42145283031575e-07,6.91185705191648e-07,-4.0036804700668e-06,-1.06816393004572e-06,6.26886775726977e-06,-8.16639118724523e-06,7.92828814773405e-06,-1.11534254122507e-05,2.22470524048861e-06,1.53653863645403e-05,-1.41508788391541e-05,2.25451390259955e-06,6.18262889061281e-06,1.92197134175771e-06,-7.08468694686982e-06,9.50083406161574e-06,-7.91396293561033e-06
-6.14012173471136e-06,-6.66961900779768e-06,1.34970341022124e-05,-4.40524606998683e-06,-9.80928431237692e-06,8.46106352474392e-06,-4.15939194276808e-06,-2.13902401050229e-06,9.77797548976386e-06,-8.19536244873516e-06,2.63168377863827e-06,-9.83971738126523e-07,-5.1607168770079e-06,2.12847028557042e-06,1.08127349908769e-05,-2.06623441928423e-05,1.39599583379312e-05,-5.16974207817064e-06,4.00616043021097e-06,-1.23187119235361e-05,6.37295677426673e-06,-3.38742300325723e-06,4.66569450417521e-06,7.83100042761805e-07,-4.13206936992716e-06,-1.63865464508088e-05,2.0902058743014e-05,-7.00392642516587e-06,-9.43984422704528e-07,3.94380439250159e-06,-2.76742754083664e-06,2.2612166654748e-06,-4.38041819847227e-06,7.07479345145952e-06,-1.2966042549806e-05,7.78950353008219e-06,2.44617724838764e-06,-4.35939553101473e-06,3.91521947958911e-06,-1.52016011179669e-05,1.64279300796829e-05,-1.25363591023565e-05,3.88441123573124e-06,4.03934107097811e-06,-7.61071884301165e-06,1.68934329506649e-05,-1.7482722699607e-05,6.40975268561388e-06,2.897543423181e-06,-1.54213216326771e-06,-9.14603232310479e-07,-9.52067363288728e-06,9.94170496470774e-06,-4.304136529329e-06,7.92978293269416e-06,-1.05800624274042e-06,-9.16932880207523e-06,5.04993596096128e-06,-1.52956431948101e-06,-2.19593590684892e-06,5.14442821856188e-07,-2.6389948385333e-06,3.57220257570093e-07,7.97023518090648e-06
-2.40173371341227e-06,9.0489733391006e-06,-6.68678418761e-06,-2.86404084854584e-06,7.29444437524646e-06,-1.73656458402472e-07,8.9818267754009e-07,-1.26615592232311e-06,-2.37875230644733e-06,3.60724771430014e-06,-2.1982373280317e-06,-7.99457532279936e-07,2.7056056394969e-06,1.23817503325819e-06,-2.58058335538752e-06,1.35827593408509e-06,-2.16249862555347e-06,7.15012211371376e-06,-9.68561363419563e-06,1.60221471442792e-05,-1.3578357711902e-05,2.26502331357132e-06,-7.75021272303062e-07,4.28668333831295e-06,3.49305506072251e-06,-2.12308041425312e-05,8.10941536997981e-06,5.54557935831401e-06,1.91222347508858e-06,-7.4697775721541e-06,4.49065114857963e-06,-4.78692168321583e-06,7.98499761877713e-06,-1.16333932307773e-05,1.88917739465057e-05,-5.99757790736009e-06,-5.12039242737937e-06,2.74041978711578e-06,-3.43009968771002e-06,1.21471888376585e-05,-8.72816577954059e-06,3.84782085169125e-06,4.03011308187935e-06,-6.23966723950756e-06,-2.90288201602087e-06,-7.07991979156078e-07,6.61598668434274e-06,-6.37513306356705e-06,-1.29287696720467e-06,1.19018207372783e-05,-6.22228713196623e-06,6.16487622747318e-06,-9.11423896997682e-06,-1.54310430998582e-06,8.11160725297323e-06,-8.27489271525576e-06,5.1083555129614e-06,3.13417883276557e-06,1.81028475066391e-06,-1.86487132722567e-06,1.28844394973668e-06,-6.51062109935834e-07,-2.84119424850567e-07,-2.15096679217969e-06
9.26751686728784e-06,-8.70482936716985e-06,-1.1851956122038e-06,5.61083540228062e-06,-1.84336921222803e-06,-2.4160206449363e-06,3.07341887433893e-06,2.23335491154643e-06,-9.83327027115123e-06,7.63598207268747e-06,-2.05865486919521e-07,4.14786218314056e-06,-5.62126827057182e-06,-3.44948174909161e-08,-3.79280032945721e-06,1.55234453716994e-05,-1.34732504230661e-05,-1.68676865491764e-07,6.46229721724337e-06,-9.91472199743783e-06,8.7096656340798e-06,-2.83357145716102e-06,2.17179379085187e-06,-1.21802942355711e-07,4.10524788546388e-06,-1.94386285624795e-05,1.36452391484399e-05,-4.01556025549873e-06,5.60578381011502e-06,-3.89247354716836e-07,2.21696496614272e-06,7.56814024313531e-06,-1.41753465372261e-05,1.0084995084101e-05,-5.54601653827219e-06,-1.24870023832491e-06,2.11643896136676e-06,-1.50046849684813e-06,5.47627249977832e-06,-1.09629146494052e-05,4.83844577656992e-06,7.14334237836177e-06,-9.14395061289685e-06,2.76015590124587e-06,1.06146446921603e-05,-4.71601637314091e-06,-3.64852704983123e-06,7.36596352709435e-06,-8.29945943091418e-06,-1.60635854744632e-06,1.82475772611341e-06,3.44496555923478e-06,7.44053009636271e-06,-5.43782237458577e-06,-5.4352788533415e-06,8.02593585899868e-06,-6.21120108404772e-06,-3.78868078587127e-06,2.02133614523118e-06,3.89649040757509e-06,-9.85672321126201e-06,9.1141152090886e-06,2.27507289633145e-06,-6.55648941335654e-06
-4.64363818875115e-06,1.58969466813391e-06,4.86499993556679e-06,-6.37390636463334e-06,-1.83688862953129e-06,8.85312914652396e-06,-1.08006719171706e-05,3.38094679717455e-06,8.14075168297579e-06,-6.08617380399252e-06,-2.58374857963136e-06,-3.56569299287522e-06,3.5278972407078e-06,3.94657466684001e-06,-4.22116644408211e-06,-8.29752472726151e-06,1.10162007129422e-05,-1.03408594170307e-05,4.97677022192491e-06,-6.28971207413354e-07,2.08332203859093e-06,1.56741144320525e-06,-4.46326110663189e-06,-5.9490419102623e-06,1.44360463953975e-05,-2.17548805536485e-05,1.11515549887258e-05,2.41989929883223e-06,6.05438721840139e-07,-1.02213580085651e-06,-1.3179469532332e-06,2.84376254215461e-06,2.5201253129271e-06,1.07432244520777e-06,-7.63766987091037e-06,4.15815448595711e-06,2.35501579311108e-06,2.01530566946876e-06,-5.74787173433792e-06,9.27240666731512e-06,-2.71092817218822e-06,-6.96649192412811e-06,-1.03873647142324e-06,4.98777664412955e-06,-3.63855488976772e-06,8.33375301748238e-07,7.67454359724712e-06,-7.80379437311124e-06,5.5419388158572e-06,-4.80614634245258e-06,7.18545470414272e-06,-7.09180790255698e-06,-4.09344892667078e-06,4.49346057277849e-06,7.33441159651263e-07,-4.84856526100485e-07,3.69728765338618e-06,1.44490062638239e-06,-3.06024257923049e-07,-5.94629358847983e-06,4.8052526650496e-06,-1.40359793194933e-06,-5.36520129044054e-06,4.62177818025589e-06
6.7152484063103e-07,-2.40749126519639e-06,-1.30909095465965e-06,-4.38855255758291e-07,6.88386187786279e-06,-1.31505196572784e-05,1.51698299042379e-05,-2.12232296530333e-06,-4.88555745529361e-06,-4.87703030416021e-06,8.74910406264134e-06,-4.90522120461768e-09,-2.63979457538291e-06,-6.39794473217086e-06,6.74204246771314e-06,1.69367907995132e-06,-1.8840005702552e-06,9.70943043949067e-06,-9.66220651767334e-06,3.92252004868328e-06,-5.67129678780068e-06,6.75904748008126e-06,-6.37252098759974e-06,1.35035174123446e-05,-9.4044514923345e-06,-1.47736478015634e-05,1.33807593867633e-05,2.80724927037959e-06,-7.33977106093885e-06,5.93552045448563e-06,-3.3128114130627e-06,-3.36697118386178e-06,3.45639676456021e-06,-3.45291799426726e-06,3.66926170615497e-06,-5.66043524009456e-07,-2.52461002885524e-06,2.08334216776437e-06,9.32452068128254e-07,-7.31304780315745e-06,7.47154246551866e-06,-1.70564082009232e-06,9.63261525165896e-06,-3.7301485153468e-06,-8.37194436601264e-06,1.20530111615103e-05,-8.72526437522731e-06,5.86116738084341e-07,7.64610625777759e-06,-2.89187603462119e-06,-8.08031112732512e-06,8.68154164040009e-06,-6.0757379139504e-06,1.02315008429392e-05,-2.61524730565933e-06,-7.50687199617317e-06,6.04743941510945e-06,-6.37019773374406e-06,5.96876907343989e-07,4.99233682450793e-07,7.334813339571e-06,-3.52403098774883e-06,-2.66558931776457e-07,2.33424625843718e-06
-1.19971697814816e-07,5.5218110215911e-06,-1.76983546649726e-06,2.49211114481369e-06,-5.03511421090112e-06,5.00921196445761e-06,-8.74343702511596e-06,-1.50830965220867e-07,5.503291832421e-06,3.23208838374964e-06,-4.70379811736334e-06,-1.88188080976633e-06,1.29333336085168e-07,9.43495266854619e-06,-2.68610353646039e-06,-4.11838140394431e-06,2.39747042779823e-07,-3.55118493341739e-06,4.9801513491658e-06,-7.76384112718345e-06,6.57063188484704e-06,-8.42720241104391e-06,1.48788544274755e-05,-1.53109343419592e-05,1.56575786409589e-05,-2.42731020641583e-05,1.55869872247669e-05,-6.60080643588656e-06,8.13340526876879e-06,-4.55793432642997e-06,-9.67570011438642e-07,4.38589544636554e-06,-4.16995118572452e-06,1.58498364001173e-06,2.90274675151874e-06,-3.54828869931868e-06,9.96416365513229e-07,-2.31201069940502e-06,1.66801952982426e-06,6.21638960573886e-06,-4.01007677424526e-06,1.84454952522037e-06,-5.12843064978346e-06,-3.37451233538002e-08,1.63187232875041e-06,-1.07885483351728e-05,8.60206294379706e-06,1.52184306798341e-06,-5.82674705624075e-06,2.22023332155617e-06,4.41789843695599e-06,-2.95045463899844e-06,1.00452179782888e-06,-8.65233193899073e-06,2.11178217975789e-06,4.00759688562925e-06,-2.07982151605464e-06,1.04527733772871e-05,-1.14652111368917e-05,5.41382589234101e-06,1.22583371538746e-06,-9.02340433459481e-06,8.11319864343685e-06,-3.08257507266879e-06
-6.12494329118509e-06,-1.82686052681769e-06,3.53768343779224e-06,-2.17241735137355e-06,3.15603157725205e-06,2.4882161857072e-06,-4.36596617378426e-06,2.26928360605394e-06,7.94633954124356e-07,-1.88227076643718e-06,5.61392699581968e-07,3.63886402067923e-06,3.27206930146813e-06,-1.14197641082944e-05,5.28934481738632e-06,4.44031642771719e-06,-7.75062172789314e-06,5.59116681555701e-06,1.05271124879171e-06,1.03799184799493e-06,-1.25520840354072e-06,5.16248586787163e-06,-1.23542433694396e-05,1.41752311920641e-05,-2.65243514555808e-07,-1.38761825270341e-05,8.70979084117581e-06,5.41583623700515e-06,-9.22309276295346e-06,-1.57463420554417e-07,6.66726534691644e-06,-2.32337776981296e-06,2.50164000466624e-06,-1.60958556627545e-06,1.62657431888405e-06,-1.8072456577278e-07,5.76244643609691e-06,-1.94776633945962e-06,-6.77238906932252e-06,5.1217719568546e-06,-7.31287401189315e-06,5.04048222678285e-06,1.20966713051518e-06,2.92105991529573e-07,6.30645761719623e-06,1.19918803248062e-07,-9.79599123755558e-06,5.49415368609452e-06,-3.12324288120991e-06,4.00314343834164e-06,-2.91663133809527e-06,-1.39168095474154e-06,1.06754475053481e-05,-5.06945723838178e-06,-2.98646671248123e-06,6.66904726297721e-06,-6.85903073970619e-06,9.3485630085818e-07,1.08882257463473e-05,-9.8714399023868e-06,-2.64068041816495e-06,8.38267976471621e-06,-7.15697611111778e-06,5.83184551557371e-06
5.02804340385547e-06,-3.12948962875453e-06,6.69308220484379e-07,-2.80474179719659e-06,2.05712322799169e-07,-3.11422688688346e-06,1.042064349421e-05,-7.2322773929602e-06,-2.17593878804856e-06,1.77171703707468e-06,1.19347513258771e-06,-2.78143736328715e-06,-3.36134488387194e-06,5.63456806834244e-06,-4.58521661179724e-06,-3.18911756298893e-06,9.54372781163531e-06,-4.34117560482339e-06,-1.77636447329544e-06,-1.25341201412691e-06,-5.49503270304052e-07,-1.41004805540826e-06,9.07129934453637e-06,-1.54870069327069e-05,1.34482409675434e-05,-2.62684946085036e-05,1.77672895893105e-05,-4.88539716232162e-06,5.42306910889218e-06,2.82825628241351e-06,-7.1375579333722e-07,-5.45777552444508e-06,6.46904353880167e-06,-2.22240133592223e-06,-2.72732286382242e-06,5.72061466956656e-06,-7.7603453424714e-06,3.85796264342725e-06,8.18070688992728e-06,-1.18055291748814e-05,1.04152478670378e-05,-1.08564510403139e-05,-3.96324885216789e-07,7.12435634505844e-06,-9.12073251254974e-06,1.10518512506403e-06,5.65979353286479e-06,-3.58029519421574e-06,2.53555879877469e-06,-3.85283144713439e-06,1.23037802069733e-06,4.39482691648386e-06,-1.33271904984291e-05,5.21452779247365e-06,7.42294313697029e-06,-7.62573327127399e-06,7.28735067834224e-06,-1.03748627017053e-05,-4.04427773866127e-06,8.22373561768611e-06,4.44153931251099e-06,-6.09130231889396e-06,2.99328683852228e-06,-3.61296469878076e-06
-4.01891364200273e-06,6.64212519242934e-06,-6.36398630754017e-06,4.67976016296835e-06,2.19471350378202e-07,-2.22624457301081e-06,2.19280913537383e-07,3.37570813597658e-06,-3.90307290669541e-06,2.65818087470962e-06,-3.03191010694873e-06,2.29329945025129e-06,2.23460740748598e-06,-4.52479366017686e-07,1.53582025215743e-06,-1.075247217405e-06,-8.9277287980553e-06,4.8125984393762e-06,-3.79285906988679e-06,7.86353992209679e-06,-5.27499567412977e-06,1.53392597164123e-06,-1.71021933454088e-06,7.76907356544828e-06,1.30126345903422e-06,-1.39496372920514e-05,3.79880150923846e-06,8.32553860074334e-06,-4.06573707498473e-06,5.35210255308868e-07,-1.215295532545e-06,2.84432554391799e-06,-1.90626843002544e-06,1.8427625804488e-06,3.20842457476353e-07,-7.49985926270489e-06,4.28691929690002e-06,3.46432306063465e-06,-1.14755227292559e-05,1.04091518305427e-05,-2.22584092004484e-06,4.32232003028129e-06,4.69300925808973e-06,-1.04558898159801e-05,7.68184228420223e-06,1.46920818671678e-06,-2.76284636955749e-06,-1.30534664742195e-06,3.20958255856532e-06,-4.00015768653306e-07,-1.33986163268964e-06,-2.01570925267933e-06,6.25821751021051e-06,3.51584277632952e-06,-8.75156255066501e-06,5.12189600102123e-06,-3.23558341465234e-06,1.80137345467389e-06,5.24613610425601e-06,-6.75738347984251e-06,-5.5360037368265e-06,1.18179123043171e-05,-4.13256327465511e-06,1.53004284615118e-06
9.52191224452453e-06,-7.10987665743048e-06,4.43985779899881e-06,-1.6398677948778e-06,1.57115871152651e-06,-5.29551496430544e-07,4.01321902610946e-07,-2.57143745634306e-06,6.68658175190235e-06,-3.72296622743849e-06,1.0787374457536e-06,-1.96499920003835e-06,-3.98292675815778e-06,7.06468756203173e-06,-6.67841323891349e-06,9.51350716884243e-06,1.27866392595569e-06,-4.6800689535558e-06,-1.2650641037749e-06,3.34430581941515e-06,-7.00710050125848e-07,-4.34023115445053e-06,4.3677661869242e-07,-3.41831674649972e-06,1.17126333601395e-05,-2.3654042135405e-05,1.82781545328814e-05,-6.82573995677665e-06,3.78981320548999e-07,5.4129549771192e-06,-5.44632783391199e-06,5.42899857465037e-06,-3.89385188765047e-06,1.68707035959934e-06,-3.71137460935927e-06,9.79563584141618e-06,-3.61051587112856e-06,-3.10028570768851e-06,7.72746811880472e-06,-1.45207769921933e-06,-6.89239000733433e-06,8.3165943608973e-06,-8.60183576539952e-06,6.3241085614755e-06,2.52971680081812e-06,-8.41904144887861e-06,5.31348096693034e-06,-3.72709739812417e-06,8.13084796656792e-06,-6.3968854509882e-06,3.56855805857457e-06,-3.46935663395668e-06,1.59072459144345e-06,-6.26764033744559e-06,6.02110572963621e-06,-4.44093833439045e-06,4.41657781914725e-06,7.07680426779124e-07,1.40662246821804e-06,-5.20804921539022e-06,1.06661690249626e-05,-1.10931790900174e-05,5.92391900607498e-06,-9.94426276063424e-06
-1.83572058274156e-05,1.13500176696689e-05,-3.23288737232555e-06,4.42630111219143e-06,-9.33103357491422e-06,1.11564248735681e-05,-1.73810639398958e-05,1.34499638048547e-05,-5.03041035019831e-06,3.98192956954245e-06,-4.76260769919147e-06,3.51268256785869e-06,3.3398471115131e-07,-3.06764440817767e-06,2.38904003339508e-06,-1.06394410681205e-05,8.08165290813927e-06,-1.46575088907215e-06,5.07967373414531e-06,-6.0192761684892e-06,1.86664170679642e-06,9.31417065359953e-06,-8.50903596570731e-06,1.0217240597379e-05,-6.97323590971488e-06,-9.60821763762068e-06,5.86293230653803e-06,1.68616106718298e-06,6.80541010166175e-06,-1.01976478453286e-05,1.0805335548175e-05,-1.02229187289325e-05,2.71429107506967e-06,3.28301873196646e-06,6.77883101876273e-06,-1.2320995462453e-05,-6.15229088068586e-07,6.39644395763917e-06,-1.36576586776904e-06,-6.73283176747259e-06,1.56346432198306e-05,-1.94642904440697e-05,1.5444586500869e-05,-8.37861755036733e-06,-5.81972692136415e-08,2.51822946451186e-08,6.77906280535698e-06,2.36374948682661e-06,-1.70759239037519e-05,1.08512005911839e-05,-3.05185680652098e-06,5.85945488214616e-06,-2.79516611435954e-06,2.70443363654046e-06,-5.63630576881955e-06,4.72048661023846e-07,3.08256525152636e-06,-1.34972654479894e-06,-2.54165590368196e-06,6.84955680601741e-06,-1.2394103837781e-05,1.32972474124002e-05,-1.3219218249819e-05,1.92284423954027e-05
1.64767913599028e-05,-1.31162956032209e-05,1.03119913952009e-05,-1.31849053169312e-05,2.04793985250985e-05,-2.19926531835067e-05,2.0438170014152e-05,-1.60498494891319e-05,6.35332039325444e-06,-3.01870134851032e-06,4.21827261837432e-06,-5.30464264756795e-06,1.05595378640722e-05,-1.09297240527048e-06,-2.07075383647295e-06,4.50197423625238e-06,-1.83118425215727e-06,-4.9597426751143e-06,9.07611307800259e-06,-8.19712506420726e-06,7.86994291213814e-06,-7.72093963733088e-06,4.64113074615602e-06,-2.51471631723039e-06,5.13864448969513e-06,-1.79423980073655e-05,1.49722999228393e-05,-5.86746143361919e-06,-3.38445210921074e-06,5.81644721866938e-06,4.08071970942853e-06,6.72982563913009e-07,-3.5078941391446e-06,-1.00448858304892e-06,-8.18186951356516e-06,1.46456616849512e-05,2.50871945387729e-07,-5.50393620922396e-06,4.87590113519764e-06,-5.5030777664893e-06,-1.16750533231217e-06,1.26554781484521e-05,-2.17094740606335e-05,1.78704662523581e-05,-3.6924872675363e-06,1.02127479503672e-05,-1.87240437718178e-05,4.20981302180335e-06,1.08581143288756e-05,-5.68834419386981e-06,-3.89812411198584e-06,1.40683024341121e-06,3.28679359763648e-06,-6.01854561626233e-06,7.53582386691862e-06,4.00268204373173e-06,-8.36038852184591e-06,1.87536558546583e-07,-3.18295605936711e-06,7.16421598611651e-06,2.70319794582818e-06,-9.39947810165473e-06,1.01431101521203e-05,-1.1804239723094e-05
-4.24548389375599e-06,7.35446281942513e-06,-8.63363143146654e-06,1.16177775399433e-05,-1.58774744384509e-05,1.14574880413518e-05,-9.22508221105453e-06,1.10538837190921e-05,-4.89476399980866e-06,-1.03464677090577e-06,-5.65903459211907e-06,6.46205345648859e-06,-8.55360763612794e-06,5.56761127670511e-07,5.3324789399786e-07,-1.86777568933869e-06,1.30838996302469e-06,6.51547194287598e-06,-1.66670500942901e-05,1.36140787652144e-05,-1.14440428675e-05,4.96821363141789e-06,4.1137567236259e-06,-2.71038754247153e-06,1.17023259251622e-05,-2.09162040279324e-05,2.53727802921216e-06,8.80872684535992e-06,-2.93759735365546e-06,4.42181951906938e-06,-1.05350473652486e-05,2.7558452305961e-06,1.15660142824757e-06,5.14360218187179e-06,-2.06794081974066e-06,3.03472976333432e-07,-2.75162433061085e-06,-2.87007348403975e-06,5.46320887655643e-06,-2.56158747683876e-06,-9.96136891563445e-07,-1.24181505849125e-06,1.07292191015906e-05,-1.23036489692085e-05,3.01666293987268e-06,-9.96809331262225e-06,1.75122918906537e-05,-5.43972695829633e-06,-6.26122977251283e-06,2.99342641476567e-06,2.79326078092596e-06,1.72362025833443e-06,-7.00996292767902e-06,1.0383665380655e-05,-7.25986786113585e-06,-5.21652599401493e-06,5.72269008442674e-06,3.07895995529653e-06,-1.64419941867347e-06,-3.06902946190384e-06,-3.6480088024291e-06,3.7803618167528e-06,3.62906913920517e-06,-8.88940179249134e-07
-6.71751831139679e-06,6.15355872635537e-07,3.08534356090518e-06,-1.09599027859193e-05,1.49643372827404e-05,-8.59562980234793e-06,9.89672527218691e-06,-9.70763347706186e-06,2.39588673615054e-06,-1.8690868092615e-06,1.23866912629957e-05,-5.98663795274992e-06,-4.91579751897969e-07,1.99154279560193e-06,-6.18098200106643e-06,1.20968896130672e-05,-1.20788708268718e-05,1.88420838365146e-06,8.34294063146208e-06,-3.20865402954884e-06,-3.87944364314098e-06,2.79044433072676e-06,-5.01258830404408e-06,4.1744553125679e-06,-4.59077941975463e-06,-1.00668466745976e-05,1.25382221601678e-05,-4.55075762586629e-06,2.69906407464955e-06,-2.29564376437227e-06,1.31365361287585e-06,5.30131880345329e-06,-2.73900828709258e-06,-3.786888075371e-06,1.05094810802778e-05,-1.33616455929596e-05,9.90725915677274e-06,-3.06429060123012e-06,-3.48871862595838e-06,7.22239689350518e-06,1.83357611684608e-06,-4.14858146887642e-06,-5.52515223865259e-06,2.84809170182685e-06,2.20535654588883e-06,1.15882420405039e-06,-8.35235045120595e-06,1.70255941183509e-07,7.70352069956956e-06,-5.17379798815423e-06,4.79892735939856e-06,-1.01828169063725e-05,1.26068370999594e-05,-1.22245579666801e-05,1.12769977113778e-05,-5.32548657672073e-06,-1.32286592575852e-06,3.10176024896913e-06,-1.58017316371428e-06,-1.83799249614339e-06,1.28778523630762e-06,3.99048880695274e-06,-1.30107450820862e-05,9.77246142733609e-06
1.34668631595363e-05,-7.86637159802823e-06,1.50604211422824e-08,5.77877748022178e-06,-9.29175248181884e-06,6.59185216364256e-06,-8.37030132541083e-06,1.3733463593832e-05,-7.46451024967607e-06,-3.12988950106131e-06,-8.05925891164426e-07,9.34310613202112e-07,5.41724546573664e-06,-5.27310617809113e-06,4.84626564663016e-06,-6.49499303598509e-06,6.79540366575944e-06,-6.33457106187755e-06,5.33611793737443e-06,-8.66677048885549e-06,1.54706718937527e-05,-1.44568151371674e-05,7.79740464414956e-06,-5.51274930319548e-06,1.22331751837044e-05,-2.02159137683111e-05,1.07081116204647e-05,1.69251865215528e-06,-5.30406930182612e-07,-2.58994930216834e-06,4.92543415585587e-06,-3.9233299533718e-06,7.16722921757531e-07,8.99415088885793e-07,-2.66865940288119e-06,6.2630456948845e-06,-6.38571151856219e-06,3.64830456993831e-06,-1.43289362875747e-06,3.52548784320665e-06,-5.6009362121699e-06,4.85488712556139e-06,4.20549028491752e-06,-1.09746739828665e-06,-7.64429455466274e-06,7.30597786548973e-06,2.81991488427725e-06,-3.25540475766373e-06,-1.12285978677451e-06,3.1052658042495e-06,-1.68989815745992e-06,-1.94082982518835e-06,-2.96392339660873e-06,8.93540831610258e-06,-1.22749436055871e-05,7.06538859059639e-06,-5.85634959690792e-07,-2.34297632660527e-06,3.39443879333236e-06,-6.17302525832397e-07,1.75766784803474e-06,-1.03026830356117e-05,1.86735437314164e-05,-1.37236787682715e-05
-8.76721060348043e-06,-4.80793169328899e-07,4.77011602024084e-06,-5.34686023713761e-06,2.60635695293269e-06,3.64309282875104e-06,-1.70208197351507e-06,-8.68255325725863e-06,3.59464203843087e-06,9.94611707075801e-06,-8.96887238347161e-06,3.36301921875132e-06,-4.23977609233357e-06,3.0698826707692e-06,5.03689738989222e-06,-7.04531200839288e-06,1.72516843522799e-06,8.0084811641596e-06,-1.30621309978613e-05,4.29890570773447e-06,-1.83711139174294e-06,5.47925141129856e-06,-2.86931861961791e-06,3.37566791315705e-06,7.30379484387944e-07,-1.04787033379375e-05,-1.12548556297265e-06,7.68910597766371e-06,-4.24624231579007e-06,2.83424887201312e-07,5.24923983592371e-06,-4.0239423346858e-06,4.73380302855083e-06,-3.54811649484628e-06,5.74387633758228e-08,-1.81332811029177e-07,3.53939622932557e-06,4.97890500912494e-07,1.08318093815845e-06,-4.4549073847859e-06,-5.12917177046151e-06,1.19707619996304e-06,2.24203528050934e-06,2.6789918586357e-07,6.86095256426497e-06,-1.11445289546809e-05,8.27588824556078e-06,-4.31352811007173e-06,2.55670779716023e-06,-1.73786085733034e-06,-6.50356484371495e-06,1.32770531535259e-05,1.14785317557918e-06,-7.03696193191164e-06,5.40757797289219e-06,-3.02901682971369e-08,3.99619399912999e-06,-3.43231027357393e-06,-5.69486459765356e-06,3.18344840286707e-06,-1.20496417428516e-06,9.45745742760229e-06,-1.60677966945218e-05,1.42727655757945e-05
-3.99362705726449e-06,1.23709009901872e-05,-1.09404624772721e-05,2.89531289973675e-06,8.90979630842197e-06,-2.02797827542662e-05,1.49528183740795e-05,3.22358668952836e-06,-5.86238708573239e-06,-3.95937101806365e-06,7.92088404284446e-06,-5.00981665018092e-06,1.97737899352775e-06,-1.78551675214881e-06,-3.29447529147941e-06,3.50731782569602e-06,1.38838695761527e-06,-7.72461868308567e-06,9.77038496573856e-06,-4.22703166829588e-07,-6.9212844065363e-06,6.5623483196866e-06,-7.94157193249512e-06,8.88740691258585e-07,9.68785006654956e-06,-1.92706997825023e-05,1.33196688360251e-05,-3.02300258934554e-06,4.02473823157527e-06,-2.55078606364669e-06,-1.7042223704686e-06,-1.25715017658252e-06,-1.37448380335163e-06,4.86212337541209e-06,2.39991881995068e-07,-7.06944638757215e-06,1.12280451872009e-05,-1.22468772967052e-05,7.6690663434051e-06,-4.98753370882739e-06,7.71359016959067e-06,-5.0269600462064e-06,1.25696058878947e-06,-1.11926478010216e-06,-7.11636485919785e-06,1.26107167509845e-05,-1.48327593109771e-05,9.16201937034223e-06,-7.41462538317363e-07,-2.93173970943824e-06,9.61103026741994e-06,-1.0429141580832e-05,-4.64048840976825e-06,7.55479394279831e-06,-1.59060167533924e-06,-2.17878978491234e-06,-7.37572377178507e-06,4.70017135604382e-06,3.72037701796723e-06,-5.33794087448382e-06,9.55423605348244e-06,-1.19160206687749e-05,1.00867596173874e-05,-6.77673148389854e-06
1.12377177598992e-05,-1.68298684919854e-05,1.09560254947791e-05,2.20557610327202e-06,-7.65039368488593e-06,1.30179893467137e-05,-6.47624422668034e-06,-7.84529081840401e-06,9.57285150188288e-06,-5.8068467669652e-06,1.65374060265443e-06,-2.94115661127602e-06,2.34039210433476e-06,-2.51508184539903e-06,1.44375376542144e-06,1.44771121625804e-06,-4.73553128237998e-06,5.76473303430791e-06,-4.73601429025319e-06,3.59473026655027e-06,4.85676422943056e-06,-1.33235333687568e-05,1.36053228263721e-05,-1.49498131134797e-06,-3.1767472270592e-06,-5.49819400735264e-06,6.21496489114373e-06,-4.13906550737449e-06,-4.40010401998381e-06,1.17923272606017e-05,-1.17884620096864e-05,1.33240925399533e-05,-2.23224999256072e-06,-2.9525318272323e-06,-4.61045848776486e-06,1.17150730342752e-05,-1.35671487492152e-05,6.99626425048051e-06,-1.40625064372384e-06,3.68028905929858e-06,-1.67623941767259e-06,2.75906572123729e-07,1.1690182992869e-06,-7.14841797309037e-07,6.9379944299602e-06,-4.4476378571831e-06,-1.2879350123336e-06,3.63060009367691e-06,-5.06758754929026e-06,7.03363781553207e-06,-1.05656739972529e-05,7.65782404717429e-06,2.04939029164045e-07,-2.30969925908692e-06,-4.13795038156796e-06,3.17149383385336e-06,7.66894600061475e-06,1.00923426421222e-06,-8.44031748587166e-06,1.038704333162e-05,-1.56942747413013e-05,8.23999868996637e-06,6.8158048545063e-07,-6.35959016960508e-06
-1.32704565564893e-05,2.26085417551013e-05,-1.8449599773198e-05,8.40005809730814e-06,-1.00190041918043e-05,1.00820738456354e-05,-8.00260618108401e-06,8.55969902063264e-06,-5.11466553209561e-06,1.22986638393098e-06,-3.67360937928773e-06,9.88866076284082e-06,-9.17127017342468e-06,8.30351023897878e-06,-2.91835506323516e-06,-3.48514727904732e-06,6.2243625109642e-06,-9.6825664667099e-06,6.30667017053752e-06,-3.55250435112856e-06,-4.54443030355632e-06,1.45501773226099e-05,-1.38387607204999e-05,5.76758102913947e-06,6.96734494197819e-06,-1.35609350140238e-05,9.78418661291393e-07,3.41333215071238e-06,-8.50540105888066e-07,-4.84223904222327e-06,1.14098036539793e-05,-5.84890783438816e-06,-6.2023292659949e-06,9.49833974445985e-06,-3.10288288352299e-06,-6.98299261773755e-06,1.10711946807712e-05,-1.18499089785899e-06,-8.85974683649653e-06,2.13655363178844e-06,-7.4774381798897e-07,3.04981400003064e-06,2.33410507621665e-06,-7.48773366370416e-06,6.65705148660478e-06,-4.53608566805042e-06,6.26365661055609e-06,-1.0778376554958e-05,7.2576950812286e-06,-4.7231345220295e-06,1.30992497527156e-05,-9.78665400800993e-06,1.71331593326233e-06,-1.21696821726571e-07,1.31158621878382e-06,-2.53024816287246e-06,3.36381283817501e-06,-4.34908135735427e-06,5.81655544343147e-06,-9.3644603885286e-06,1.34549864480169e-05,-4.19040040102857e-06,-2.00265837906304e-06,7.42902300776236e-06
4.61637817098511e-06,-1.30288182825826e-05,1.47609542171915e-05,-1.10830259519951e-05,8.61005503424348e-06,-1.11223064353804e-05,1.11614482790933e-05,-8.35785237835855e-06,1.99188648384994e-06,5.08851421401681e-06,-8.36243211774467e-07,-1.0255963354065e-05,9.93609557632563e-06,-1.05633268585377e-05,9.9960703666276e-06,-3.9286025530427e-06,-2.81417033705813e-06,7.09667325390784e-06,-6.53418323586376e-06,-7.76989107317942e-07,3.66719753883834e-06,-5.50540720972772e-06,8.16932845668598e-06,-3.58761153847498e-06,1.6910006779198e-06,-1.17182307256451e-05,5.15351242625604e-06,2.66727884734991e-06,1.78310541749112e-06,-7.04117938859353e-07,-9.90458955230699e-07,-4.10921443928555e-06,7.9254233656222e-06,-1.01419904667859e-05,7.20585143254537e-06,5.44175728135534e-06,-7.15776944561471e-06,-2.0676294150789e-06,8.84179788096729e-06,-4.28616731551739e-06,3.08431408151535e-06,-9.86437096908415e-07,-1.00753743424591e-05,1.92424609922954e-05,-1.80062339241111e-05,7.96551541743788e-06,-3.06043915273721e-06,4.23910357709147e-06,-2.62457192726467e-06,3.59529952069993e-06,-1.02067391164621e-05,7.97392637717542e-06,-5.13951735776836e-06,-2.73824993910958e-06,5.07895450771495e-06,-2.3403238731951e-07,-5.88524501388267e-06,-3.15692097766968e-06,7.21399406040995e-06,3.19986459909893e-06,-1.23226764935123e-05,3.73868744623231e-06,-1.78816015989041e-06,1.29529450331933e-06
3.48644948546263e-06,6.50854943963674e-06,-1.20989000358793e-05,9.65772934245153e-06,-2.80846788740362e-06,2.41537390904191e-06,-5.941585578184e-06,-2.90276847154371e-06,7.72312265700629e-06,-4.94388361268688e-06,4.26003516893902e-07,1.65141666734914e-06,-2.76017865345543e-06,8.14570853377088e-06,-7.23822015220734e-06,7.01552605420353e-06,2.13899200262236e-06,-8.47828801016344e-06,7.35724426898768e-06,-8.39692616890488e-07,-6.22186607038919e-06,1.0746042165201e-05,-1.01881984626619e-05,4.568203056582e-06,6.15677306662859e-07,-4.93532386963536e-06,3.47940880905791e-06,-4.98559996721619e-06,5.49092498509837e-06,1.04542110474243e-06,-2.13463170760845e-06,1.57926858292904e-06,9.6927811373717e-07,8.03261454589267e-07,-9.69177575789828e-07,-3.8856893658815e-06,-4.98408122279828e-07,7.80714718782786e-06,-8.44542614591846e-06,3.49089467554247e-06,-2.37787967050016e-06,-4.19400604051354e-06,1.1645027415516e-05,-1.64684664258126e-05,1.14774940835538e-05,-8.38956369034916e-06,1.02903363375846e-05,-4.61181540811514e-06,1.30633885855037e-06,-6.57594523525283e-06,-5.90275965748697e-07,2.65083548375344e-06,4.57164929611981e-06,7.63714105308597e-07,-4.17294616544556e-06,9.86892339143958e-07,8.98461849182519e-07,6.78795784861258e-06,-1.61575607119321e-05,7.90039754777224e-06,9.42604574592989e-06,-4.78892631961525e-06,1.53924068585554e-06,-9.70918882229318e-06
-5.61203949220111e-06,-9.87662298950179e-06,1.34192881164665e-05,-5.65364608549139e-06,4.55005569114199e-07,2.76726343421056e-06,-2.77338015983377e-06,1.40536427579479e-05,-2.03102448073253e-05,6.11972856219905e-06,2.43940625484984e-06,2.35109144642013e-07,-1.13286226939751e-06,-3.7091855380166e-06,5.14107848827831e-07,-2.44487583911772e-06,-3.49076326465096e-06,1.03613668379117e-05,-7.83137077963578e-06,-1.98291836208194e-06,1.45626837115928e-05,-1.56162702139462e-05,1.40042415479539e-06,2.68411245030252e-06,9.66909782208664e-06,-1.83588976795224e-05,2.34789512912597e-06,6.83590509968685e-06,-2.67372210651326e-06,-3.0848837893659e-06,1.85379779388292e-06,2.87579043962293e-06,-1.04025488753189e-05,1.21280656831642e-05,-2.61301533197296e-06,-5.75102830737383e-07,2.05208664667063e-06,-6.09727480940733e-06,5.7406229347839e-06,-1.26120378928698e-06,2.06419039394763e-06,-5.66516606898254e-06,2.32978241668543e-06,5.72932875053971e-06,-2.58378928280815e-06,2.64907477058637e-06,-7.52681286541237e-06,1.96921958703115e-06,1.73732572916194e-07,1.06374320459603e-06,6.96787499024351e-06,-1.23922637144568e-05,4.25210755223528e-06,6.92922406140912e-06,-4.09468945053975e-06,-1.69318426989921e-06,5.42796804055885e-06,-1.07330475721844e-05,1.10257338538104e-05,-6.65030041138131e-06,-4.29886682877511e-06,4.59990734652651e-06,-9.52231592059287e-07,8.23856173704988e-06
3.3903846475298e-07,4.77659804870257e-06,1.49916480000852e-06,-6.50885003457888e-06,1.02287620991413e-07,1.63319346324352e-06,-7.68965647821016e-07,-1.09911282360612e-05,1.49647839702343e-05,-3.82645691196448e-06,-2.84134435845285e-06,5.39272409470818e-06,-3.50218088940221e-06,2.22934289981683e-07,-2.09820589123552e-06,5.17478326362698e-06,1.14966440502933e-06,-1.14115872050244e-05,1.56780189335543e-05,-6.1551783877414e-06,-5.76604785452055e-06,7.23215344719247e-06,1.48722424910961e-06,1.82174220824997e-06,-4.4962893165453e-06,-6.60266739174909e-06,6.48673885476793e-06,-6.23943189452152e-06,5.20003172449302e-06,-2.5739438148205e-07,7.93873894433864e-07,-2.98306569986111e-06,8.18399569110946e-06,-1.09419681301058e-05,-6.89023725759899e-07,3.79352477188011e-06,1.23920372081965e-06,3.93727082422588e-07,-1.48967420426002e-06,-1.13572715991164e-07,-5.23235642080061e-06,2.01482775431526e-05,-2.13254616953507e-05,5.94798496658262e-06,4.90976090404152e-06,-4.92093410662177e-06,-1.63390696627388e-06,4.74207169292991e-06,-2.62255337992102e-06,2.0546583418249e-06,-2.99131539763261e-06,8.12948901953954e-06,-9.62895856043622e-06,-3.76129503146314e-06,5.64479670024904e-06,1.91837738137263e-06,-6.29279932185396e-06,5.83957884149579e-06,8.97617718485959e-07,-4.46151536664114e-06,7.20996632308398e-06,-1.11283740449692e-05,2.03175038290981e-06,1.19060480595279e-06
6.68853464681681e-06,-5.87263190298954e-06,1.02307419906575e-06,1.5325217481401e-06,2.72193224942206e-06,-7.54508830480935e-06,1.18611392996962e-06,9.2916502835439e-06,-6.75521437529472e-06,2.60369753725063e-06,-1.54235794661993e-08,-3.65418068223405e-06,2.15525371989858e-06,2.15363203580288e-07,4.29729258657974e-06,-8.67545278804649e-06,-2.98705445872222e-06,1.28481301534628e-05,-1.27678578135142e-05,-4.34871309686291e-06,6.58117084331106e-06,-2.36244399198087e-06,8.65351226680162e-06,-1.54152194431607e-05,1.05197448708976e-05,-2.10652799204881e-07,-7.75139305533147e-06,1.18904996559281e-05,-1.33037278561945e-05,8.38046282971277e-06,-2.05103344085468e-06,1.02992823051644e-06,-1.63530004205978e-06,1.69522605031557e-07,3.54537324164379e-06,-2.22043985576035e-06,-3.34882396931828e-06,1.0097496703129e-06,-4.37973079314242e-06,9.04899943813802e-06,-1.36662560035891e-07,-1.64730969444935e-05,1.73407923185984e-05,-5.30999515631963e-06,-1.02195604087578e-05,9.07535566196039e-06,-2.32236977829536e-06,5.31752164420999e-06,-1.17342413548184e-05,5.60099927515962e-06,2.24683913632095e-06,-4.07122407639237e-06,7.56553138442489e-06,-1.63260762441609e-06,-8.70018641386643e-06,3.81703503064662e-06,4.31862121424838e-06,-4.69176650909087e-06,-9.36849938869194e-07,1.08609938134628e-06,-7.70710943377551e-06,1.490764707799e-05,-3.18380203786023e-06,-8.11327425902135e-06
-7.27060737100668e-06,9.31431759781887e-06,-9.83996737723707e-06,5.98219908750188e-06,-4.69745578221295e-06,3.412637108348e-06,4.39210615663529e-06,-1.06023903704312e-05,7.8752126240412e-06,-6.33164840067553e-06,4.44216165786891e-06,-2.5350247152609e-06,2.24888673331784e-06,4.60848376283024e-06,-5.9890981421606e-06,2.12098117619666e-06,5.82468402968852e-06,-1.15829726515853e-05,4.04339250907925e-06,1.46059425071508e-05,-8.10321105735879e-06,-5.23688231398097e-06,-7.43799423282983e-06,1.74613007988074e-05,-7.78553374101892e-06,-8.18207762128035e-06,8.26991601372045e-06,-7.9584893172566e-06,1.00250108320645e-05,-9.7141108709274e-06,4.27621363132619e-07,-1.45372560252535e-06,5.62057576558031e-06,-3.64836746001514e-06,2.28259087971349e-06,-1.68129698293475e-06,5.17974111917249e-06,-4.84988279105678e-06,6.82425865523643e-06,-1.04859836270888e-05,6.58202232344307e-06,2.61022176048379e-06,-7.22748332596521e-06,7.44882620712107e-06,5.918920784535e-07,-4.87209782847441e-06,3.8016898598138e-06,-1.02105142583999e-05,1.28980556542203e-05,-2.42461532728019e-06,-9.19883062699385e-06,4.12180900006188e-06,-1.84564361001476e-07,-5.40923567892029e-08,5.44623280563841e-06,1.01017436871959e-06,-6.9902153908733e-06,4.83097105667683e-06,-5.76932713216007e-06,9.10339994661223e-06,-1.98002952241622e-06,-6.29763126298609e-06,-9.26331158786305e-07,8.18834414518662e-06
3.12210974193666e-06,-3.17462160149835e-06,4.90888508657933e-06,-5.23002501836511e-06,3.17713707808981e-06,-1.6111716545099e-06,-2.69981767175535e-06,9.2932463456852e-06,-1.30947606638222e-05,8.59524797230016e-06,-7.40937157464514e-06,4.4395245286176e-06,-2.48987108421634e-06,-4.28840461435175e-06,2.66639428308585e-07,2.96142973061935e-06,-4.39412474695937e-06,4.80040172280296e-06,4.31712694987813e-06,-1.31075637130309e-05,1.01050817572101e-06,5.98176783062523e-06,4.53322259187748e-07,-1.29488278594229e-06,4.80929066543807e-06,-7.26679459129791e-06,-7.65913957306762e-07,2.27245495743346e-06,-1.04107364104308e-05,1.63463585929057e-05,-4.19736763402995e-06,2.73656986817538e-06,-1.05717145633658e-06,-7.91686786835941e-07,-4.77068612147477e-06,3.30713200422214e-06,-3.206450004991e-07,8.29353654047161e-07,-9.19096306735924e-07,-2.66398485574201e-06,3.63135607580267e-06,-2.45114643788634e-06,5.71393150144914e-06,-1.60409504084317e-05,1.36181612672535e-05,-2.78234620492323e-06,4.58190789016609e-06,-3.58339528662591e-06,-2.06973136581578e-06,-1.32076649842113e-06,9.47063221747683e-06,-1.05547279987705e-05,6.40436165684732e-06,-4.13388054335317e-06,-3.70179770796474e-06,-1.45841054787056e-07,1.7080579029295e-07,3.26545887085492e-07,8.44490803111439e-06,-1.14695366103365e-05,7.90029454444513e-06,2.17579407436251e-06,-3.52750636720079e-06,-5.17797614696683e-06
-4.98885286997266e-06,4.3970802773507e-06,-5.52998390770426e-06,7.29704549785249e-06,-5.48035042084957e-06,5.36071580692242e-07,-4.32494360892518e-06,2.22460112090237e-06,3.3203860474173e-06,-4.37463600177736e-06,6.71945109879787e-06,-4.02473708831433e-06,2.50352015349178e-06,7.93886817702854e-09,1.68798219796398e-06,-1.00454770516119e-06,3.53445175827181e-06,-7.16732994458435e-06,-2.51577501100893e-06,5.01143012771369e-06,8.43357602421735e-06,-5.98780133568939e-06,7.48797679849171e-06,-1.22160755033151e-05,8.43878910388273e-06,-4.80392942703457e-06,-8.05091289489156e-06,1.1196037265261e-05,7.20823107227927e-06,-1.54895739532469e-05,1.00030255461529e-05,-8.22270593342562e-06,-5.28649203820506e-06,1.16282662281636e-05,-5.08036327474775e-06,6.35495726208606e-06,-8.47579895459395e-06,6.14353348776938e-06,-1.19078282891916e-05,1.35458187330143e-05,-1.05627275969777e-05,7.78799570611588e-06,-8.44370420908899e-06,1.48962293345386e-05,-1.4382581155604e-05,4.70572014523278e-06,-6.70782790591714e-06,6.90875235353523e-06,5.03447329112228e-07,1.34461776452308e-06,-1.69634182185138e-05,1.9186846843473e-05,-6.93346444639421e-06,-2.39188802772576e-06,9.38086310737136e-06,-9.61177413283054e-06,5.22796820770257e-06,-3.53162535055485e-06,-7.12723386907405e-06,6.32123574906171e-06,-2.02942604176921e-06,-5.99862771601901e-06,6.35886552057458e-06,5.02397960774363e-06
1.0365237740909e-05,-7.13972348288416e-06,8.3644464690673e-06,-5.51190011896588e-06,6.06568466868155e-06,-3.70025195739211e-06,5.84501240953101e-06,-9.13557520382443e-06,4.0311042772407e-06,6.83280537633806e-06,-1.31594803066463e-05,7.06662924387241e-06,-6.49287609156635e-06,7.32206106819794e-06,-6.41035042195286e-06,4.64533672639726e-06,-1.16061842532805e-05,1.45758487502571e-05,-5.35697800892781e-06,-1.42036477385456e-06,-1.69447119557306e-06,4.73328435820926e-06,-1.29476597151791e-05,9.28997291687537e-06,2.55867410290187e-06,4.26875500010646e-06,-1.09501499531602e-05,-6.25731596397037e-06,-7.37656144479669e-07,7.60176021552415e-06,-8.29248174588816e-06,9.65098135027678e-06,2.61777067333692e-06,-9.61230502396413e-06,7.89763014302954e-06,-7.48058917692285e-06,3.66578010808272e-06,-8.77347018391949e-06,1.88440221639211e-05,-1.36621149259548e-05,6.15933052649279e-07,-5.47966799732672e-06,3.33603817071293e-06,8.27537873599356e-07,1.05976636633052e-06,2.68901560896015e-06,-4.74983727725241e-06,4.07285982084092e-06,-2.72500627326961e-06,-3.07066971647436e-06,1.51319742829664e-05,-9.08173785405229e-06,-9.27726587732486e-06,1.42998402957472e-05,-1.12440884922467e-05,1.16705904872211e-05,-9.18997365636765e-06,9.01260663446769e-06,-3.14783456085273e-06,-3.49805197151818e-07,-7.33594067426094e-06,7.6117138839079e-06,-1.73174321749888e-06,-1.19891727678435e-05
-4.77970350582452e-06,-8.82736261454897e-07,-1.06494674158682e-06,-9.16519277303695e-08,-7.58392107408276e-06,2.57460671965496e-06,1.03116596694684e-06,6.95722952130458e-07,7.29032922619165e-06,-1.54414678306654e-05,8.073840072541e-06,-5.39517623911921e-06,9.80323989453307e-06,-1.33564173430769e-05,7.18098004609877e-06,-2.78857589700458e-06,8.86187018991892e-06,-1.09259772129618e-05,2.35328871502786e-06,1.03344448364419e-05,-1.27205590819479e-05,-8.40592283234495e-07,5.3937448996952e-06,6.30122394675277e-07,5.75375953124268e-06,-1.64337791462828e-05,6.89529929059318e-06,1.10152670866438e-06,1.13005730339443e-06,-5.58113661246471e-06,8.19970989682929e-06,-4.71965203636991e-06,-4.40048838998325e-06,6.13870072548588e-06,-5.25882399464465e-06,-2.35458977621053e-06,3.80502633530748e-06,3.65094912368427e-06,-9.08013203711139e-06,4.19873881327617e-06,5.55729019942374e-06,-1.53110963590675e-06,3.26337967436192e-06,-4.95988284922671e-06,-5.38593781328365e-06,1.36055754813821e-06,1.94105889027362e-06,-3.37861996355124e-06,-1.57902975746087e-06,2.85522105398451e-06,-2.88689260494756e-06,-7.92867221979034e-06,7.01454038506723e-06,-2.25268045854601e-06,-4.24311160764931e-07,-5.81976118544273e-06,6.91990699870602e-06,-7.87545397916589e-06,9.11982165223816e-06,-7.16460009249922e-06,9.79312963872312e-06,-8.19046232869728e-06,-2.36044895778491e-06,1.073376818829e-05
