2.32710647626449e-06,-1.0057712242421e-05,1.41426005773108e-05,-8.34228781092285e-06,9.35815111506802e-06,-4.8281260736111e-06,9.38983872255557e-06,1.33645548285957e-06,-6.36537334887722e-06,3.60389208875061e-06,3.18560903092259e-06,1.52168137917081e-06,1.62882392009438e-06,-8.51074647533487e-06,1.01857043945604e-05,1.35856082301492e-05,-2.07343612274936e-05,1.03649836494113e-05,4.69444888633776e-06,9.22678595576598e-06,-1.17894790579266e-05,1.08300115107206e-05,5.34372904545428e-06,-5.4622838546927e-07,-3.45272619613571e-05,0.00016914249100138,-0.00014592217123622,2.24818080861625e-05,-5.07381766627628e-06,-2.36385432111578e-06,5.91713889967578e-06,-9.48412244817577e-06,6.61557445703061e-06,4.36965519454001e-06,-5.21287631036426e-06,-7.41335898552577e-06,8.02796303949471e-06,-2.64055855857887e-06,-4.25560966894783e-06,7.27571795283409e-06,-6.66706645624364e-06,-4.17539687323863e-06,1.34939704618659e-05,-4.36053348266776e-06,-5.16603734279449e-06,9.94432309632266e-06,-1.59318528208327e-05,1.36535612663228e-05,-4.6721972100629e-06,2.21027505476476e-06,9.93484670490221e-06,-3.61826751922688e-06,-1.23575834652949e-05,1.37210934613962e-05,-5.06068169138884e-06,-2.67613965828388e-06,1.27990560089425e-05,-1.42674151438098e-05,1.97331794776485e-05,-1.19931808519879e-05,-4.31675105430417e-07,-1.4708464323119e-06,9.70163759229607e-06,9.34437494208632e-07
-2.35367729192039e-06,1.23183293483848e-05,-1.06819409105258e-05,4.99379446984694e-06,-2.5067676311351e-06,5.74551306161846e-06,-5.99518374771973e-06,-8.93323427110485e-07,2.51903488363574e-06,4.7594082306874e-06,-2.65811468964372e-06,-7.02208221249697e-08,-2.81171994542642e-06,9.43194792739252e-06,4.71392623768232e-06,-1.61035584004705e-05,2.08920376863046e-05,-1.03984762409381e-05,-1.36148194409098e-06,6.12212235382649e-06,6.15824216932775e-06,-4.95365520119103e-06,1.11424031240025e-05,-1.02322916882389e-05,-2.18409811974531e-05,0.000156833633972222,-0.000144705142862454,2.67349442385429e-05,-3.0473739418055e-06,3.88350329380698e-07,-7.50304302307306e-06,7.46261379443101e-06,-5.47811436274519e-06,-1.75317806844155e-06,-2.77469169385483e-06,9.89951607749631e-06,-5.50608779363356e-06,5.67592228976019e-07,2.31924104514011e-06,-4.628141048699e-06,6.80058887533281e-07,8.95769948114786e-06,-1.50312548299068e-05,1.28269606350735e-05,5.34454345048527e-07,-9.25376113863545e-06,1.31698256189753e-05,-6.98435530860036e-06,2.20188096240476e-06,-3.3196554236814e-06,5.77975609426065e-07,-2.6172677385413e-06,1.44178863921794e-05,-1.12330240442666e-05,4.93100501526188e-06,1.16549947535073e-06,-6.25097843297473e-06,1.39134215528425e-05,-2.05603664048102e-05,1.85766302869864e-05,-8.0312878630382e-06,7.88923319773931e-06,-9.116713162021e-06,3.35781787529322e-06
7.07182953926933e-06,-4.22472844720916e-06,-4.59375781572436e-06,4.87643192946364e-06,2.48237146010648e-06,-1.99103969278494e-06,6.78399682860912e-06,-1.52437147905984e-06,4.49066454199688e-06,-9.4135477291871e-06,1.30233389435692e-05,-2.50189321224375e-06,3.34527201705899e-06,1.13426869066034e-06,-9.32962252476163e-06,1.90356709464917e-05,-1.40149353702826e-05,9.82780376225566e-06,3.61289033074517e-06,-1.47187438617854e-06,3.83142685632484e-06,5.06911622655821e-06,-9.30975211921748e-06,9.85569804213116e-06,-3.47893379035978e-05,0.000168173358194458,-0.000140997735017346,1.29122577662532e-05,4.39588027676415e-06,2.96680973347087e-06,-4.70112616296736e-06,1.24190356954646e-06,2.59735747515879e-06,-3.64517662805461e-06,2.34221093003397e-06,-3.81945631307651e-06,1.83993921619125e-06,-1.90880454969941e-06,6.89182098878425e-06,-4.26779052649304e-06,9.17006474999952e-06,-9.04704708952106e-06,9.1684832817925e-06,-1.21832721527862e-05,7.61846469382768e-06,5.12950371324608e-06,-2.50975573153397e-06,-3.45158066478633e-06,2.2958051142597e-06,8.6718113177427e-07,1.60268641013772e-07,3.6788425561055e-06,2.79915087965632e-07,-1.91050758905315e-06,9.61680312158001e-07,5.50473203185632e-06,3.25564672248178e-06,-1.11407540606504e-05,1.86974278925444e-05,-1.43431909634965e-05,1.34876526979845e-05,-4.24725724711288e-06,3.31420616121991e-06,-3.99754030317161e-06
-7.44910722900006e-06,1.11404349571017e-06,5.86579879502651e-06,1.77612484520802e-06,-4.05125858350832e-06,5.79704556067116e-06,-2.77819884971965e-06,-1.50420094477258e-06,4.61435339670791e-06,1.09667145909378e-05,-1.22311863606718e-05,-2.16662745285609e-06,1.18795119574617e-05,-6.17580789126063e-06,2.48278431542346e-06,1.27642842087223e-06,6.07808238018781e-06,1.07127153777654e-06,-1.90225147664894e-06,1.77141509553324e-06,2.904818772089e-06,-9.06139162771744e-07,8.57332886062093e-06,-9.1360991919208e-06,-2.37005048743784e-05,0.000168052377200434,-0.000148902168494845,1.65615440870545e-05,-1.56410711229933e-06,-9.62592329664512e-07,3.29531700904134e-06,-5.34582675137315e-06,-9.99625090115914e-07,-4.35340762814238e-06,7.93258635271115e-06,-5.05670071141259e-06,2.98936280987834e-06,6.83416926713809e-07,-8.81577581118353e-06,5.67529750958216e-06,-6.66948614493123e-06,8.65592731022696e-06,-7.57241387958506e-06,1.01918514648642e-05,-1.15411820040225e-05,-2.7296475468157e-06,5.37830333828031e-06,4.23432994330037e-06,-5.50929469964281e-06,1.00842252262255e-05,-4.50274625769204e-06,-3.35563622655781e-07,-2.26007179806151e-06,3.30603974864921e-06,8.31300430474648e-07,-6.25845383089899e-06,1.85439009717521e-06,5.00632086495358e-06,-8.31660601254073e-06,6.80819594476682e-06,9.58647513077609e-08,-4.76415444703105e-07,2.31768553083229e-06,6.28871369720033e-06
8.27177876284045e-06,-4.21108033561945e-06,1.33966350710106e-06,1.67114297078071e-07,9.92966810325547e-06,-6.51817138079515e-06,-1.57399095289584e-07,8.9575867511119e-06,-4.57548868077515e-06,9.44088234974021e-08,1.68424598914219e-06,6.9776587710457e-06,2.57287408745774e-07,2.33002320540931e-06,3.12157213633216e-06,-4.82810367045182e-06,4.95455820722482e-06,-2.56705925621329e-06,8.53130966166865e-06,7.89352549579101e-07,-3.13057581162073e-07,2.70881923336449e-06,-4.12863310321964e-06,1.35580558444059e-05,-3.85640564261924e-05,0.000176466309716979,-0.000156992882660164,2.37173555239984e-05,1.60687703570965e-06,-1.94106051228918e-06,-1.86184723933143e-06,1.83646861143362e-07,-4.52435279046167e-06,9.02539174637463e-06,-1.25910510871423e-05,9.89996867561208e-06,-5.32906530805733e-06,1.18095787578934e-06,1.08710409637463e-06,2.23434173634311e-06,1.09447005421203e-06,-5.53779289802967e-07,2.05890018811936e-07,-1.02351902743262e-06,6.30780947458238e-06,-5.76758522903403e-06,5.37536906683986e-06,-3.64904824411393e-06,6.10791307207186e-06,-8.82768296065694e-06,1.6427074135811e-06,7.94980349187675e-06,-3.36723279005038e-06,6.73587326491536e-07,1.07209422263589e-06,3.98117056076213e-06,-2.62126900411884e-06,3.85425157895446e-06,6.56946380678583e-06,-6.54362377311805e-06,-2.79616310411999e-07,9.22427793163002e-07,3.52084854539915e-06,-5.2598788379752e-06
-3.68498928639163e-07,2.23854558439828e-06,1.19063684317902e-06,3.03795327447391e-06,-8.3681911151533e-06,7.661922002639e-06,5.68700607648507e-07,-1.22431636555547e-06,4.13578804630676e-06,-5.31158381896075e-06,2.31702382613141e-06,6.93187598224916e-06,-1.13285563832766e-05,8.37397725315629e-06,-3.02354314622511e-07,5.54703883312646e-06,-4.40361222225039e-06,8.03522907028986e-06,-2.25430396260725e-06,2.74327531814041e-06,6.01104484475171e-07,1.93380179991155e-06,1.37161519861669e-05,-2.08513186044938e-05,-2.16735500328327e-05,0.000175889345440526,-0.00015599812404853,1.81641354710862e-05,1.50130830914025e-06,-3.36340646805246e-07,-1.41596780203364e-06,-7.04157648433892e-07,7.70397653545561e-06,-7.05881093584383e-06,1.01455130811114e-05,-1.10105606563747e-05,1.61017402996482e-06,3.92376824930624e-06,-7.12867152487162e-07,-7.06427291030174e-06,1.24346327513567e-06,3.90947131410649e-06,8.94012210566371e-07,-7.10924315050667e-08,-3.67959219332253e-06,1.29916982589088e-05,-1.89628179169183e-05,7.99687977796492e-06,9.19749155623691e-07,6.46510408127521e-06,1.05923753090637e-06,-8.30594079779475e-06,4.44674991983912e-06,2.77948144683813e-06,7.50377965591958e-07,-1.95335689683778e-06,2.96173755697472e-06,-5.00755705755445e-06,2.6012747724885e-06,7.08809104866268e-06,-3.3865367309747e-06,4.93883437182152e-07,2.43365966736581e-06,6.70725832067846e-07
8.27604007905654e-07,-2.08759590186091e-06,7.43141856821825e-06,-7.82924917932228e-06,8.86415411837616e-06,-2.86762298696433e-06,-8.8034132968988e-07,3.37945126150171e-06,3.42670012804349e-07,4.6876564104671e-06,5.94376805386143e-06,-8.39744982209182e-06,8.46828752216262e-06,-6.14977727832621e-07,-1.98645750878197e-06,2.34860312119007e-06,5.61190702053296e-06,3.8201049056848e-07,-1.62730675659749e-06,6.08261069911981e-06,1.11714717374929e-06,7.82734438146662e-06,-1.32322770528004e-05,2.34615563084044e-05,-4.38463260061928e-05,0.000189466384821879,-0.000167187035146579,2.45902530852919e-05,-4.92324078522098e-06,1.04719387120553e-06,-3.20420957870096e-07,4.12494860497823e-06,-1.11498717739018e-05,2.56034588460985e-07,-3.51966592336858e-07,6.02562734703181e-06,-6.89108521646937e-06,1.48880036267007e-06,-1.67549083800696e-06,1.30256686024072e-05,-6.09569479160764e-06,-7.02256848240015e-06,3.41985277613506e-06,-3.71424180117193e-06,8.07849660852817e-06,-8.73326794531794e-06,1.28214090837103e-05,-2.17045167018569e-06,-5.70507319892962e-06,-1.54873493598283e-06,5.05176655084821e-06,-4.01052073994173e-06,5.69490594249444e-06,-4.03876062474033e-06,7.59810544438594e-06,-2.60635739223796e-06,-3.42817420623507e-06,1.18827442386963e-05,-1.22927552886967e-05,2.54336524681283e-06,3.30800274207637e-06,3.61931422013428e-06,-9.57905697923971e-06,9.8498927050832e-06
-1.15567028981297e-06,6.03769857860836e-06,-6.62843025824767e-06,1.56498750073689e-05,-9.84852204900793e-06,2.19270100287618e-06,6.92723929037772e-06,-2.86575678238178e-06,-1.59966891476748e-06,3.91373062946987e-06,-3.95899927837319e-06,4.23210271222353e-06,7.08755614487181e-06,-8.28845337476257e-06,1.11492422238734e-05,-1.03148246813499e-05,1.30065535337197e-05,-5.60115427992917e-06,4.54205506351373e-06,-1.89003076562328e-06,6.40636574489846e-06,-1.19487650112566e-06,9.83499596411435e-06,-1.34819237798314e-05,-2.84456454985094e-05,0.000185995139660874,-0.000163376700352119,1.7346930710881e-05,1.46505958406808e-05,-2.39708877981622e-06,-1.70874229023655e-08,-5.95018395743156e-06,5.91851524937604e-06,-1.56819122953768e-06,-2.48758715005732e-06,-2.52929709364445e-06,1.47595470831735e-05,-9.93716439595203e-06,-5.07301521772299e-07,-3.88421214651813e-06,3.34530536578993e-06,8.64322230498142e-06,-3.15336244236151e-06,5.04696468344098e-06,-3.86461069243051e-06,-1.42349285148456e-06,3.11798131963652e-06,-1.41643431553508e-06,-9.06964218391388e-07,7.71684984410261e-06,-1.12916126394213e-05,1.19805947272881e-05,-4.90236089741968e-06,8.7537928073597e-06,-1.47356240526978e-05,1.4260723388095e-05,1.1385283738266e-06,-1.24614717797267e-05,1.91122822804858e-05,-3.30737203039567e-06,-6.23409150628771e-06,4.06001756902797e-06,6.29933303797934e-06,-6.23910273488766e-06
5.03392619023826e-06,-2.11183270431232e-06,6.14135218764428e-06,-1.31899722508978e-05,6.44260246819226e-06,4.53943926891539e-06,1.89414922781219e-06,-5.19753902625072e-06,6.78264682465192e-06,-1.92423443859975e-06,3.52768883801204e-06,1.26049060745584e-06,-3.32678810516339e-06,5.75878889526723e-06,-4.62311145587075e-07,1.28537959522832e-05,-1.46855432700669e-05,7.31540358867657e-06,6.71726362269133e-06,-9.23068638840449e-07,5.82466600232838e-06,-3.32714576895719e-06,3.68968686576271e-06,3.87514412319781e-06,-3.97124000509169e-05,0.000195585545709927,-0.00016199726896973,1.99873529972593e-05,-7.84578661537704e-06,-6.28596664124503e-06,5.64688726737697e-06,1.46784912094272e-06,-1.8111498030563e-06,-2.16911487726831e-06,3.11589248389064e-08,4.60697275890327e-06,-1.43186888315929e-05,7.2473017468592e-06,6.93121892512762e-06,-1.25481712898839e-05,1.19465236455464e-05,-1.19697415471673e-05,1.19718272940088e-06,5.28118108611582e-06,-1.92854545610782e-06,7.21400755369625e-06,-1.02020312824292e-05,5.84510922998236e-06,7.60344568233497e-06,-1.39398585060568e-05,1.30851087887401e-05,-1.85738789189383e-06,-9.05594048937669e-07,1.86681260204164e-06,-2.59237713326444e-06,-2.86256046678619e-06,5.19257709517292e-06,7.46784702254207e-06,-1.14458222851417e-05,3.10728978136865e-06,6.02124114005903e-06,-5.16755289389656e-06,4.72706601407307e-06,-2.01262681867037e-06
1.9562792868253e-06,-3.08308061531784e-06,-5.44472662855796e-06,1.43624176829759e-05,4.1811351679556e-06,-9.6579100869526e-06,1.64869592724095e-06,8.00062741928708e-06,-5.52769179620112e-06,6.87366177513531e-06,-2.011776016353e-06,4.94473393338884e-06,-5.53733650552849e-06,1.0632899280888e-05,-3.13636377954123e-06,-5.63958952542768e-08,8.61308389786963e-06,-3.23573213242765e-06,4.49169720504769e-06,7.94366141202839e-06,-7.14598487823972e-06,6.82435313515805e-06,-3.36989389934342e-07,1.76730485678738e-06,-3.49671733108888e-05,0.000197717317423592,-0.000177471818873415,2.40909446941808e-05,1.61810964877748e-06,7.08556714146986e-06,-8.08281294695858e-06,-3.59059799989333e-06,3.38357009942626e-06,-4.06784503949247e-08,2.53192608645961e-06,-9.36984323851763e-06,7.62356501482872e-06,3.50037455281489e-06,-1.35907976170322e-05,1.53788488532488e-05,-9.65855297813387e-06,9.22001584329642e-06,-4.92889237381329e-06,-2.67993496171949e-06,1.52036858658238e-06,4.87267515432095e-06,-9.37239436670175e-07,-6.19325258118171e-06,2.7490855266888e-06,5.30600905412675e-06,-2.81645414770362e-07,-4.18634424717219e-06,3.63528379304597e-06,-4.93423967386343e-06,1.02460718990513e-05,-3.00593347061692e-06,-2.91533158490133e-06,-4.60886360838216e-06,1.07567885262041e-05,-4.10758100971077e-06,2.31716432135366e-06,1.60312565020758e-06,-2.47802627920788e-06,4.36524322435447e-06
-4.05755093192108e-06,6.43581716654196e-06,9.07825503466497e-06,-9.10664989741019e-06,-2.45783312812862e-06,1.09478679577053e-05,-3.94299859528397e-06,1.32187748202179e-06,4.30653891269727e-06,-2.08921052829187e-06,4.29620513504327e-06,-5.5533903306898e-06,1.43758896328943e-05,-8.80425548215042e-06,1.01480013789089e-06,2.35773937406395e-06,1.79164118867506e-06,2.21326785503822e-06,4.79314594640808e-06,-5.98702586393562e-06,6.15688519405501e-06,2.72202396513074e-06,2.70367748291123e-06,2.52227452807144e-06,-3.78562970654342e-05,0.000206530456419544,-0.000180182587503027,1.80086762762114e-05,5.93968257809589e-06,-3.23300011655851e-06,-5.81024499273143e-06,9.6266654349597e-06,-7.5135107732851e-06,-2.23289881165288e-06,2.72670167106235e-06,4.81461415862864e-06,-3.90795016424323e-06,-7.54918027077943e-06,1.29420982927845e-05,-7.44599463111772e-06,-8.92808484709154e-07,-2.65179374295384e-06,1.21527355510196e-05,-6.82491956766325e-06,4.00981752289463e-06,-8.14256468548025e-06,6.35424371629818e-06,8.01444828329013e-06,-7.06438018759088e-06,3.34501429550488e-06,-1.18437698122192e-06,-4.97872938933147e-06,4.27217574571606e-06,1.7887950211576e-06,-4.99282813996125e-06,5.64812103164236e-06,4.20967699750852e-06,5.10144258222663e-06,-1.26680665833232e-05,9.76360430787114e-06,-4.63520470172543e-06,4.25322163689611e-06,-9.18486450752739e-07,3.37533901794041e-06
3.91191344528145e-06,-7.65353634203887e-07,-1.69093147267168e-06,2.39935398866159e-06,3.68297516307162e-07,3.56527310706768e-06,-5.62072601116375e-07,3.57583324978371e-06,3.80368690480888e-06,-6.61982409938753e-06,1.77881314119674e-06,1.34846168642866e-05,-1.33314226232968e-05,1.03983648179313e-05,1.71020749261631e-06,2.93621203020067e-06,-8.8511771109731e-06,1.44496434094595e-05,-6.17387478990204e-06,1.01598132855028e-05,-2.36764634753676e-06,5.02793108413916e-06,3.61140677072924e-07,-5.51484065314563e-06,-3.0138669616617e-05,0.000210361531630545,-0.000184907434310992,2.33174418536398e-05,2.89842871829312e-06,-1.03674678838829e-06,2.37124714878404e-06,-8.14381898729631e-06,4.16523577927591e-06,7.00797455931177e-06,-1.44966974594798e-05,4.52535924535245e-06,-4.58453734496601e-06,9.53567684715638e-06,-4.52133245476809e-06,-2.12532665160573e-07,-3.89900412402993e-07,6.90430233954457e-06,-1.23350036877045e-05,1.06369272508086e-05,-9.10794411952642e-06,8.7466333896646e-06,-2.1416258515433e-06,-2.77937170513949e-06,3.93168678694392e-06,-3.33422308660187e-06,4.66175980420053e-07,1.16915197834287e-05,-5.45445300364439e-06,-2.94507169013335e-06,1.3109351053984e-05,-7.70421549991388e-06,2.21740963928764e-06,-5.69482467723326e-06,9.82475504291364e-06,-3.76249149674245e-06,6.34157423293823e-06,-5.78804489703168e-06,1.02499450651799e-05,-5.13794246258444e-06
-2.71481306530408e-06,8.01206562858547e-07,-3.018164887182e-06,7.77200594832288e-06,6.17851360056131e-07,-1.9627722042295e-06,2.51235181013379e-06,-1.18915274310595e-06,-2.77073959353816e-06,4.71389755267477e-06,4.36900870621098e-06,-1.20735932444208e-05,1.52198132465723e-05,-5.70801480997107e-06,9.69302599453175e-06,-8.21150642477106e-06,1.76082933741091e-05,-1.14515520366456e-05,3.82087895048771e-06,-2.66034303091718e-06,9.78510883640429e-06,1.58521214570302e-06,2.93862133782669e-06,5.49274132898e-06,-4.64149084951352e-05,0.00021050063749031,-0.000178988277965853,1.85346028693953e-05,-1.28363263756763e-06,-1.37299895250182e-06,7.16499240457048e-07,1.4300269529949e-07,-2.13236657267489e-06,-2.54235340527671e-06,1.2361436964315e-05,-7.46466981004156e-06,6.5148250733272e-06,-8.94018578630829e-06,3.46489064795633e-07,2.29426587283615e-06,5.20589423104428e-06,-7.75813356238754e-06,7.86293265508675e-06,-6.83887144996438e-06,8.66953415692206e-06,-4.34238157196296e-06,3.02223390486417e-08,-2.46271835423031e-06,4.18441660527483e-06,9.21801205102129e-06,-3.16658156102726e-06,-9.46878994844307e-06,9.5019970476161e-06,3.78127348507166e-07,-6.18474011225402e-06,2.410782637197e-06,1.3697414984268e-06,6.35444142785039e-06,-4.20417982556043e-06,2.18034883343954e-06,1.52371892750631e-06,1.54962776215682e-06,-5.09373926216338e-06,7.83427420187205e-06
7.55170579843413e-06,1.76873273473828e-06,3.43304990058899e-06,-1.16426928793222e-06,-2.2701903334713e-06,3.74946349911962e-06,4.89615429776153e-08,1.57711678221336e-06,1.08897525425685e-05,5.06270793288426e-07,-1.02026999227982e-05,1.74207260879513e-05,-1.35162082716105e-05,8.78741092380785e-06,-8.67421964308634e-06,1.5183804539259e-05,-3.86891999820663e-06,3.37062259073834e-06,1.9843883771012e-06,8.51418678103448e-06,-3.57700759883771e-06,1.04750074301437e-06,6.41158849720411e-06,-9.97285777844183e-06,-3.63010449145305e-05,0.000231885837073713,-0.000206854622838178,3.12906922276697e-05,-1.16943694012256e-06,7.99783641160919e-06,-1.06510838953285e-05,2.95751345661007e-06,-8.77151146595899e-07,-1.8942802424397e-06,-6.05262169428949e-06,1.90109125284471e-06,-2.76598313785371e-06,3.69662960965142e-06,-3.24683679781034e-06,4.88142999947572e-06,-5.62493065355309e-06,8.092070488796e-08,6.55211712672732e-06,6.64623761215351e-07,-6.40058968302827e-06,1.76908374236091e-06,5.44275340823291e-06,2.02872406026408e-06,2.99764229236819e-06,-1.53384147506219e-05,8.2627503914001e-06,8.27950105507923e-06,-1.10785300627613e-05,1.30258910711592e-05,-1.22534617116551e-05,1.23692495591292e-05,-7.96749622251394e-06,2.87192850209013e-06,4.91206736753513e-06,-5.83074671417563e-06,5.00017192682526e-06,-2.12561369176201e-06,6.88906192080348e-06,-6.28272718835043e-06
-2.22998250416714e-06,3.28105258755776e-06,-7.30295426935219e-06,-9.87273668770543e-08,1.41567643891909e-05,-4.08421767718059e-06,-1.05158209761203e-06,7.37589260834333e-06,-1.03204671170349e-05,2.55361490018966e-06,1.35609170951913e-05,-1.21018334784673e-05,1.74068481696269e-05,-9.07064155495636e-06,5.10505588488981e-06,7.86919221159045e-08,1.05264360130746e-06,3.32409146505793e-06,8.73394273895584e-07,-5.1088712485327e-07,6.27410198793419e-06,3.38074916066622e-06,5.00476698708594e-06,-1.93939555325503e-06,-4.23270719374542e-05,0.000231557472581426,-0.000200280336138733,2.98169282437795e-05,-3.07911277094582e-06,-1.28226903274146e-05,1.19570017076205e-05,-2.36755670883162e-06,-4.56660623686971e-06,2.27018974031954e-06,-1.17209624765986e-06,2.13528047727296e-06,-2.18118232018481e-06,3.41487746318661e-07,6.92366012436209e-06,-6.40547527300294e-06,1.74082552034748e-06,-4.39547701920874e-07,-6.82196154100237e-06,4.36045457483771e-06,5.80433709072102e-07,5.42097541548437e-06,-5.74678854402964e-06,-1.98090070213846e-06,-3.65189607580642e-06,1.67576174398891e-05,-7.7144618335299e-06,-2.90327317896497e-06,8.62213320429349e-06,-5.50822097238314e-06,6.55954554792308e-06,-3.68340587833284e-06,2.19538475059765e-06,7.81590770853838e-07,-6.29581895054706e-06,1.55658401118662e-05,-1.5904847326068e-05,7.59754821135788e-06,9.33723894365583e-07,3.76752717982463e-06
-1.98203054573903e-06,-5.21972800115066e-07,1.40351300083657e-05,-8.41310757340979e-07,-7.47716480520878e-06,1.53863217485671e-06,9.07757582409445e-06,-9.99447078315936e-06,8.16948922743584e-06,2.59472908848243e-07,-2.4393090910289e-07,6.37236427691929e-07,-6.21641215263025e-06,1.81699815832042e-05,-4.97366902788243e-06,-2.8645487653041e-06,4.3464355593929e-07,1.02926614801817e-05,3.62381546224355e-06,-2.84738249828941e-06,1.75232212116485e-06,6.774729170345e-06,-2.78331313832668e-06,8.96111109440527e-06,-4.66540278246136e-05,0.000245136493304115,-0.000214184526419757,1.56646336277794e-05,1.14519553544074e-05,2.80829203205193e-06,-8.77763568575855e-06,4.12014947461285e-06,-2.87260399639749e-07,-3.74528110183665e-06,4.76641475612116e-06,-7.47279569369869e-06,6.30865777882903e-06,-2.95261194563311e-07,-1.01178571535203e-05,4.42810006533214e-06,4.01353844743288e-06,3.81363085782355e-06,-4.08761386292809e-06,1.30052939443317e-06,4.19396250304441e-06,-6.52561250802645e-06,-7.15123885262218e-07,6.6728860816916e-06,3.81864921210146e-07,-1.19675977398992e-05,6.70052077960415e-06,5.2784143717273e-06,-2.4987112856491e-06,-1.12484879164658e-06,5.91615735591231e-06,-1.76808834844929e-06,1.85499918099368e-07,3.34369073145313e-06,7.37344126613612e-06,-1.58124069135668e-05,1.59405230467152e-05,1.26345315913695e-06,-4.29903121284191e-06,3.58621190614687e-06
5.25563592954901e-06,1.94191137922917e-06,-5.3925271486619e-06,1.92717722074408e-06,3.57148365597521e-06,2.24814795030317e-06,3.03160888504258e-06,-1.00654093421411e-06,5.4452183086676e-06,-2.55280165245599e-06,3.31531867238279e-06,4.55499112684989e-06,6.17306181440679e-06,-1.66923402018414e-05,1.04707282979578e-05,1.19487257458976e-05,-7.03527384287222e-07,-2.84296977342105e-06,5.1582874069414e-07,4.37924393609077e-06,7.86797374754812e-06,-1.09344447486157e-06,1.24467929311054e-06,-4.99695557819452e-06,-3.6213109072931e-05,0.000252546628787761,-0.000225741644508853,3.64822924038418e-05,-5.4017083481002e-06,2.4014123471684e-06,-4.46017604665984e-07,-5.81022306956161e-06,-4.57071372484748e-06,6.84259685933617e-06,-1.33530416667316e-06,-5.42902527740326e-06,2.55716399761944e-06,2.53998002818543e-06,1.44377233328688e-06,-9.07955547915367e-07,-3.83659232590551e-06,-3.88091126684888e-06,9.11971457933657e-06,-1.32464964091659e-06,-4.71611988298157e-06,5.34205560264705e-06,4.30751167884127e-06,-3.66444980908082e-06,1.37493259557171e-06,7.52181839980933e-06,-5.86640941975395e-06,-4.58174417851559e-06,6.87051913864236e-06,7.79414076042106e-07,-9.36280575446836e-06,9.45530118977145e-06,5.6255668344904e-06,-9.40186332043726e-06,3.49902853291694e-07,9.26505480346728e-06,-7.49595498930872e-06,4.18062371480228e-06,1.27963832560418e-06,-4.01903884504541e-06
1.83180367097503e-06,2.56344300969953e-06,-5.40752380096155e-06,8.48028857423232e-06,-5.91704391515658e-06,1.95705622447115e-06,-3.81489258017157e-06,1.61035398318775e-05,-9.19626119321436e-06,1.06219246380437e-05,-7.73011527992836e-06,5.99899639458428e-06,-4.9368024938984e-06,1.08748437910777e-05,2.0920850153943e-06,-1.20019359829334e-05,8.76303820255423e-06,5.21045498563449e-06,2.46064042061462e-06,9.39652611350712e-06,-3.35892218259529e-06,-2.87878775018234e-07,1.01043561363475e-05,4.5571028875733e-06,-6.20286549331741e-05,0.000275613332123528,-0.000237492449552238,2.75192120197258e-05,6.20948171669991e-06,-1.26899051301748e-05,8.16797542553231e-06,-1.24656107902236e-06,-7.79869554804758e-08,-5.95386694809126e-06,-1.1763961051036e-06,9.02970752136613e-06,-6.61283168715441e-06,-2.75894264104341e-06,-5.49205528139888e-07,-7.91228157338061e-07,-3.25676555210836e-06,1.28854572108055e-05,-7.74084402495225e-06,-1.82022366455561e-06,5.91646457226049e-06,-4.76231889759349e-06,2.42023600413402e-06,2.86845596247252e-07,1.05829283696846e-06,-7.60531784315284e-06,1.13571804607325e-05,-1.47149248708961e-06,1.00019962667459e-06,-7.35153072412896e-06,2.07393238689009e-05,-1.42983257064927e-05,7.79114320549332e-08,4.92781551352984e-06,5.25176543679427e-06,3.69476942554292e-07,-1.12028090296036e-06,2.38406884671668e-06,-7.50831597633007e-07,1.79592374189982e-07
-1.41918371835815e-06,1.8246269292166e-06,1.09700224131022e-05,-9.68029040083368e-06,1.15674432097528e-05,4.13878714245446e-08,2.69419378834225e-06,-7.26605703828885e-06,3.19583650081046e-06,3.2431778245322e-07,1.16376198956831e-05,-5.34319909969334e-06,4.76079778273798e-06,1.74452219896331e-06,-1.14229586955264e-06,1.15103598359668e-05,-3.45422703627906e-06,7.64444120507589e-09,8.14391048498701e-06,-2.12485183589567e-06,3.75449204140165e-06,5.72604724382493e-06,-1.44687275540349e-06,-8.17576536019114e-06,-3.54376279836649e-05,0.000268343332813664,-0.000232208768884668,2.09772681730348e-05,-2.05528412914727e-06,1.60151605511305e-05,-1.53988215799752e-05,8.28922296050505e-07,7.83495823022792e-08,4.51644644234719e-06,-4.99318856263378e-06,1.4383439112283e-06,-4.38152330941753e-06,-1.45935187988799e-06,1.18911255969766e-05,-6.63837438634183e-06,8.80656758834023e-06,-1.77433000531364e-05,7.10746647966371e-06,4.1273705818547e-06,-9.10452713607371e-07,2.40788420886658e-06,-1.90241880674273e-06,-6.21338000085475e-07,1.56759560430184e-06,8.02821275406463e-06,-9.82030117848381e-06,5.94913257709966e-06,-7.12378787275639e-07,3.23970672698658e-06,-9.57376128704706e-06,5.33981754145941e-06,3.37192549656693e-06,1.34333888236529e-06,-7.51416655907077e-06,7.65071128429712e-07,1.20784102157632e-05,-1.03883720410852e-05,7.63100506876728e-06,3.6193960253432e-06
-1.62158997796813e-07,-4.03950743707297e-06,-6.77254102232667e-08,1.35845856693474e-06,2.92839580182922e-06,-4.7421085352615e-06,8.88851961151561e-06,2.13346209659539e-07,5.32697158137322e-06,-2.33665938118244e-06,-5.27894653006686e-06,4.87907431176696e-06,1.42316091061768e-05,-7.14730047513949e-06,1.73185112871163e-06,1.5473981743467e-06,-2.92572319940409e-07,1.15913753569264e-05,-7.36449005767938e-06,3.40370135704291e-06,7.79594212268693e-06,6.22130866179472e-07,2.46995459765059e-06,8.54551936211708e-06,-6.32967715605623e-05,0.000297401923601582,-0.000258156583106516,3.872828961704e-05,-1.58327057926356e-06,-1.05523002131452e-05,6.41781902896273e-06,-2.94827011648696e-06,9.31093726573264e-07,-5.13420206273711e-06,-1.16698266949751e-07,-5.52318464795066e-06,9.36192991797935e-06,-6.24910390275566e-06,-6.39570423307555e-06,1.05940372985238e-05,-5.59258016945013e-06,3.65387257776831e-06,1.01168900362853e-06,-3.61703296604434e-06,2.19384926456717e-06,-5.65048518687163e-06,2.99964287858157e-06,2.7797137129501e-06,-2.8536130447092e-06,3.48174433672192e-08,2.9703548219985e-06,-3.20303756803351e-06,5.19925279968235e-06,3.9679876847676e-06,-2.17681817419614e-06,4.4115128099911e-06,-3.18104178248187e-06,1.87641888864132e-06,9.74195567568906e-06,-3.51039834453125e-06,-9.63512943388259e-06,1.31552715821575e-05,-8.34599680878156e-06,8.68503001075182e-06
6.0583774487614e-06,5.87413210078711e-06,-7.99763187542794e-06,1.68015455457843e-05,-1.37865955140016e-05,1.81063792993826e-05,-1.78484053934611e-05,9.9501225512619e-06,-4.23248635069357e-06,8.83734917231321e-06,4.06888307427325e-06,-2.9805639822472e-06,-8.26275376520784e-06,8.40443162594481e-06,8.53818917849837e-06,-2.15037503768587e-07,4.09133033952271e-06,-1.74310006106495e-06,4.49076302904125e-06,1.23143148767988e-05,-5.70595616215321e-06,7.52781601760374e-06,3.43820154572706e-06,-4.65847976993088e-06,-5.17557614885503e-05,0.000314209747122109,-0.000278310991558196,2.8453041263287e-05,7.95901397349399e-06,2.75720349656033e-06,-5.89620402977043e-06,-1.33825197458272e-06,-4.33602889953769e-06,-2.42952512109692e-07,1.51569565576777e-06,4.21963436571021e-06,-5.75087134138611e-06,1.41759309091004e-06,3.78082715239085e-06,-1.05940687830713e-05,5.08235877435497e-06,4.3620814723716e-06,-2.05585506203916e-06,-3.38366705894479e-07,-3.22602549275041e-06,5.9664829546082e-06,1.69657099017693e-06,-1.37992823575866e-06,2.37869539892485e-06,-2.82518236815422e-08,-9.17670061965401e-07,8.16109454375754e-06,-1.26626874441426e-05,5.62748018307947e-06,1.04589220494366e-06,-2.79039469656242e-06,5.2586322005428e-06,-4.86893138315388e-06,1.45111131521125e-06,6.41608726095486e-06,3.61477826594268e-06,-1.54401568042117e-06,-1.82340002828479e-06,-3.11391314979935e-06
-8.00180708782773e-06,7.51944225079547e-06,5.87183686637966e-06,-1.41266345670341e-05,1.69323087404951e-05,-1.14482417424866e-05,1.4116724177934e-05,-7.08536348112158e-07,4.12613118216955e-06,-6.32728438950487e-06,6.66449790481461e-06,3.49371735628043e-06,3.08836005653623e-06,7.64088668993927e-06,-8.75777436054238e-06,6.11611535787432e-06,3.16652340640862e-06,2.76140005950276e-06,6.15419572827492e-06,-8.33224417238136e-06,1.01048965950565e-05,2.98443510997808e-06,6.15930377278902e-06,-7.94763165383317e-06,-5.94431015825438e-05,0.000339124170217165,-0.000293758092642584,3.8247306654773e-05,6.76663470189453e-06,-1.28826199020344e-05,-1.13093705074617e-06,5.0961486776814e-06,-1.11581529341592e-06,5.0118754162395e-07,-3.54234212643194e-06,-6.40042711650776e-06,1.50233277745203e-06,3.33414261506761e-06,-7.67083433009152e-06,5.81316280885141e-06,1.68618306338618e-06,-1.41990281088755e-06,3.19861240692306e-07,3.91682560637593e-06,-3.52933823759468e-07,-1.75311517266554e-06,-2.94197289993444e-06,-2.38950943845293e-06,6.57373688169489e-06,-4.10145803929193e-06,1.50142775883026e-06,-5.11024271507724e-06,1.38849187174184e-05,-1.22869000020483e-05,8.18329960858343e-06,7.4161861683772e-06,-8.84003258624453e-06,1.0466262711528e-05,-4.69336631516686e-06,-5.62465914071314e-06,8.68683909046776e-06,-4.53636995458316e-06,1.10213230200927e-05,-1.37188912108598e-06
1.04039747936783e-05,-8.46376392976047e-06,-6.01065914421927e-07,1.13048176643342e-05,-5.97395039412333e-06,5.43573892643416e-06,-1.60870782638824e-06,2.84637586584429e-06,-1.30488055579036e-06,7.85820310844152e-06,-7.47612709415532e-06,1.06457067338357e-05,4.60223281715603e-06,-9.48068321510935e-06,9.81935827097629e-06,-6.26716269387556e-08,-4.77625443416893e-07,4.19740776856557e-06,2.78598874297616e-06,9.11540724734374e-06,1.88426867833089e-06,1.77105706057937e-06,-2.63038201040806e-06,1.6213874156052e-05,-7.1010740390379e-05,0.000344893741767226,-0.000299803487027627,3.77666252163552e-05,-4.8860662156786e-06,-8.57689426049301e-07,9.60848230611733e-06,-1.05172787135984e-05,-3.91188025821908e-07,2.08502577094121e-06,-4.97722701629022e-06,5.81672956292238e-06,-7.76385201363421e-07,-4.60013632608121e-06,1.16191576515076e-06,7.90664163288472e-06,-1.57812109789132e-05,6.17973049528014e-06,-3.99236881005048e-06,-3.41450334848413e-06,7.50840409403032e-06,1.13869585857207e-06,1.92302060346271e-06,-5.5359707440757e-06,1.87522020481591e-06,3.8715120444811e-06,1.93012366330943e-06,3.51445465221875e-06,-2.03940385575971e-06,2.87226551922993e-06,-2.76339245259248e-06,-1.03155020956756e-05,1.79851776520261e-05,-1.20985192831135e-05,2.71421164528446e-06,1.28076152997629e-05,-1.31039698604065e-05,1.35077826100993e-05,-7.25979448751911e-06,2.71977639736867e-06
-6.40929070248326e-06,5.76772453761935e-06,5.9534128508442e-06,-5.91665570828602e-07,-1.37477710268992e-06,5.13549279852239e-06,2.25770363053021e-06,3.96982554413448e-06,-2.18662934859955e-06,2.18452544669076e-06,5.05900142023711e-06,-5.14991265153536e-06,-8.53558767666323e-07,1.77092480279159e-05,-1.35179406592852e-06,7.53451990381503e-06,-1.46144149975394e-06,1.10544138224536e-07,3.62780506041868e-06,4.19626385769376e-06,6.88055712032445e-06,-6.64943089619196e-07,1.05389415384809e-05,-1.0732259544065e-05,-6.2968573879665e-05,0.000379831010054253,-0.000327908610408937,3.61583888220287e-05,-1.61607929088719e-06,6.13460679439996e-06,-1.05001334504649e-05,3.69491927975486e-07,-2.49688172812064e-06,-4.40304330653028e-06,7.02618143141624e-06,-8.30856239838198e-06,6.00068742514398e-06,-7.84924070385277e-06,9.06405832904516e-06,-1.55762369543313e-05,1.91817866368377e-05,-1.75659389147053e-05,1.18233138653161e-05,-2.62352812811587e-06,-2.06542397946438e-06,-2.96424776467887e-06,-3.62888997371165e-07,1.76500861451051e-05,-9.33146734325419e-06,-1.18715045936134e-06,1.25177894624221e-06,-6.65324990776997e-07,-4.00560721550522e-06,1.06495977278106e-05,-3.26376820264821e-06,3.85414573655612e-06,-9.95380240177477e-06,1.522321901082e-05,-3.31790230732649e-06,-4.18984800188363e-06,1.4242587729696e-05,-1.35873189609662e-05,8.31641429622548e-06,2.39603702674024e-06
8.32352293484032e-06,9.50800237542632e-07,-5.12942809336799e-06,4.79724272450415e-06,7.30323716234364e-06,-6.05005837722e-06,4.78965440266415e-06,-2.54363969889984e-06,4.19449457977483e-06,2.63201499065282e-06,4.18784666497868e-06,6.5252550014297e-06,-8.15359071165629e-07,-7.9006599226137e-06,5.81429594572505e-06,-2.01258980790384e-06,1.412887377035e-05,6.45991618498148e-06,-4.36619056017772e-06,5.57901980268335e-06,-2.93253037247703e-06,1.14237120195235e-05,2.43954540316917e-06,-9.15892351422996e-07,-7.47467487369961e-05,0.000407255870933881,-0.000356224271255325,4.56818073293811e-05,6.66400103131404e-06,-8.52284982429518e-06,-2.05733480406497e-06,4.27342062030419e-06,1.60757100826039e-06,-8.52003777248942e-06,-5.84557930860705e-06,5.9012945429857e-06,-7.07769353477192e-06,1.27803994065499e-05,-1.76924075038402e-05,1.59050078234974e-05,-1.29017338918839e-05,1.32816448699641e-05,-5.11349033123294e-06,-3.91175351275513e-07,1.1485831452442e-06,8.47783195210136e-07,2.34622154861741e-06,-1.03899576398046e-05,5.84049439094478e-06,3.86189011289119e-06,2.86962761838172e-06,-3.38224246407072e-08,3.03522996817141e-06,-1.17527750124778e-05,1.27130937661079e-05,7.03253017591492e-06,-5.77493747617336e-06,1.92646957207737e-07,3.52619926978261e-06,-5.63125978186821e-06,1.70237514361172e-06,6.78348098956241e-06,-3.70330603926615e-06,3.73326397181144e-07
1.52748809965939e-06,3.52162992410441e-07,3.34877930553779e-06,1.70419739137411e-06,-3.83981641707394e-06,8.58564205130247e-06,-4.26355713648804e-06,4.46020298349574e-06,6.44722803635069e-07,9.71331188035686e-06,-6.1058927863308e-06,-1.21601719580059e-06,9.74161617177971e-06,3.6095534068362e-06,-3.7288705048366e-06,1.42738149517653e-05,-5.07000455194804e-06,4.36646501051405e-07,7.91405412255321e-06,3.34773347365865e-06,1.19082556604889e-05,5.28134950762783e-06,-2.23906021115066e-06,-1.65036618809106e-06,-7.62675691000926e-05,0.000415434621397898,-0.000363382267326274,4.6340749545585e-05,4.83709349513565e-06,-8.41201852053025e-06,5.52912617725554e-06,-9.23421074749088e-06,-9.24451244671447e-06,9.46646483010983e-06,8.55888211592024e-07,-3.42424033957342e-06,3.3252550572813e-06,-1.27775852932993e-05,1.97289414574852e-05,-2.08644781236823e-05,8.94299575243031e-06,-3.24334318445598e-06,-3.56765803974299e-06,6.28429147542056e-06,-1.74444586721933e-06,2.31652658206269e-07,8.49521602114624e-07,3.25923488352578e-06,-7.03396456876894e-06,1.72235928425781e-06,-3.47368082141043e-06,1.85406910953392e-06,1.59855089738202e-07,1.1172590320382e-05,-1.48763852509285e-05,1.09976149839529e-06,4.11993652194762e-06,-2.25986056662184e-06,2.64163843687904e-06,8.36322650207478e-06,-4.83386664269678e-06,5.2568805993148e-06,7.15743718232081e-07,-1.43351979740518e-06
8.76810722199819e-07,-5.90977386912252e-07,6.20118080046596e-06,-1.97873565274862e-06,1.13769757480786e-06,3.53814685179456e-06,7.51330709214228e-06,-3.39160064199298e-06,7.74448192122703e-06,-9.10582364222905e-06,1.59930666376789e-05,-5.38599760165588e-06,5.35523811529547e-06,-1.72567950421039e-06,1.28168795350676e-05,-7.44881313475369e-06,3.38215820457398e-06,5.28777789672671e-06,5.75708633388364e-06,-1.13179427189293e-06,5.90587065714295e-07,-2.01186008514838e-06,1.56718876845076e-05,-2.35065588891211e-06,-6.86152409120509e-05,0.000380380979628404,-0.000325104083411131,3.80315942954827e-05,-4.89142781096573e-06,4.46180822773945e-06,-3.22559578600298e-06,-6.0561038834692e-06,9.04517730963751e-06,-1.03525304065071e-05,2.37614399988972e-06,-1.28555223699742e-05,5.62938708905578e-06,5.1304811685817e-06,-1.49791273666918e-05,1.69893012407732e-05,-8.95534350664275e-06,5.60709996046338e-07,3.61108451587358e-06,-7.69112750192963e-06,6.54793513200322e-06,3.40230156741265e-06,-8.65679671518181e-06,5.8913151996226e-06,2.49132838318113e-06,1.35155883006424e-06,3.96382153127678e-07,3.53300608203865e-06,-2.22938601733269e-06,-4.35624465887479e-07,9.37858187882247e-06,-5.38805239649668e-06,1.02935891116997e-05,1.17027243719324e-07,-3.58760764464149e-06,-2.71448771151343e-06,4.63023653633343e-06,-8.34712142128629e-06,9.69350189654638e-06,4.45055000059706e-07
2.80053859477327e-06,-3.21528332376257e-06,8.45141974525709e-06,-3.95598152849072e-06,4.0829390999504e-06,-4.29600006076465e-06,1.23951907459136e-06,4.85040407794502e-06,-1.60325248007648e-06,6.08418769186847e-06,-1.32026905322727e-05,1.87888097175713e-05,-1.01180300689328e-05,4.12712169875984e-06,6.87253168674752e-07,5.65383593911916e-06,-3.10156029194537e-06,-3.49058797641566e-07,7.01265294081058e-06,1.21892633757208e-06,-5.72429439076905e-07,6.31272206409159e-06,-8.29053406807891e-06,7.46534881865324e-06,-2.2397855553292e-05,0.000112045024247759,-9.70233100713121e-05,1.17405454250486e-05,-3.75436927963743e-06,2.54257520291921e-06,-7.20891118856669e-06,7.14150254659148e-06,-1.44450836533558e-06,-2.23347937657015e-06,-1.40380994399168e-06,1.46624785518438e-05,-9.43206457022484e-06,-5.50975074513982e-07,7.00510935971978e-06,-4.12944677900255e-06,3.84188148413727e-06,1.25809193914458e-06,-1.97428648823328e-06,8.47022245974826e-06,-8.6671081831377e-06,-4.56385325722726e-06,1.06357715147392e-05,-2.4393137251435e-07,3.62734417061322e-06,-2.47247429375165e-06,3.60954951644283e-06,-4.811003694482e-06,7.73068398065145e-06,-5.78100229014137e-06,6.99195200599668e-06,-1.82249400037822e-06,-5.12580561230004e-06,1.85016990929693e-06,4.2517188158527e-06,1.34099897286183e-06,3.91763207268612e-06,8.18501519396643e-06,-1.01140275857112e-05,4.24868331485313e-06
-8.38977498185279e-06,1.86548768040881e-06,-1.36347514380043e-05,7.25424613219049e-06,-1.23731160608359e-05,9.65697958321803e-07,-7.38882134413923e-06,-1.26057077252299e-06,-1.2921858530114e-05,-2.07613315304646e-06,-1.91199639909107e-06,-1.39732304393028e-05,-1.21811325581594e-05,5.01588816064381e-06,-2.04666218245944e-05,-1.35993430421614e-05,-3.9447922011634e-06,-1.75684380893435e-06,-3.24388535559283e-05,-1.06645676135592e-05,-7.22592783042551e-06,-2.23042182347791e-05,-8.65981076106626e-06,3.17875259883423e-06,0.000360877150259489,-0.00194239138589862,0.00169086525562759,-0.000200286336443341,2.82711135790799e-07,1.76339288619958e-05,2.25602855811763e-05,7.00724870611526e-06,5.46106866965131e-06,2.12187166805397e-05,1.20736827499206e-06,4.67373389276572e-06,1.37674859624574e-05,4.34765794115167e-06,5.32437500175655e-06,4.10842055414669e-06,-1.8467993306607e-06,1.02854219246975e-05,-1.57290084229065e-06,3.0515462098492e-06,5.86831685705496e-06,5.53386590901177e-06,-3.24062818652631e-06,-1.19357255641503e-06,-1.29178853049236e-06,4.17031729221376e-06,-4.64013442002137e-06,1.8989963970999e-06,-3.20136716324161e-06,9.57671667995933e-06,-1.26792350275615e-05,9.2350531878891e-06,-5.40090492507011e-06,-1.42166741260623e-06,-1.11692492788651e-06,-2.94386455851849e-06,-3.63021724781864e-06,-8.65531281535253e-06,7.5223903661265e-06,-4.51162238507036e-06
0.000164821603437792,0.000179086971461992,0.000198383951263588,0.000190606060126284,0.00022894660477634,0.000228521640637077,0.000243493260299002,0.00025263251419165,0.000291541760591629,0.000295414724954348,0.000316934092539582,0.00033416301386704,0.00038132655236305,0.000375925195458496,0.000429954995109505,0.000462361084235007,0.000498106481994565,0.000532447327212471,0.000614205231254768,0.000653513173112129,0.000706759502281841,0.000762920345584072,0.000652305229384181,-0.000337667457548607,-0.0152140371440282,0.0823592202916142,-0.0715124627823815,0.00848007601090789,0.000132414312530188,-0.000550438071652623,-0.000592611767456252,-0.000528867364030495,-0.000471978045187118,-0.000413232732111738,-0.000344769840134118,-0.00030780527571029,-0.000270908939286578,-0.000231228355377235,-0.000200960894533711,-0.000174412714260525,-0.000144346625329674,-0.000128875614438765,-0.000107477997138665,-8.33643465076655e-05,-7.94657071687988e-05,-5.09855068763449e-05,-3.95045835638149e-05,-2.67061846818603e-05,-1.07462181232892e-05,-1.01077553281239e-06,1.50297619716404e-05,2.89195466324292e-05,3.72493984432996e-05,3.73187601584912e-05,6.32848636922603e-05,6.68631054926263e-05,8.41627819628608e-05,9.02871529682991e-05,9.88626265108067e-05,0.000113326033332104,0.000116919234170769,0.000142000248612165,0.000132199315299172,0.000159945055172702
-0.000322243888495252,-0.000351167254747409,-0.000369992421065679,-0.000397328356046698,-0.000429536366681942,-0.000449957644591737,-0.000472787867063396,-0.000496554385134185,-0.000550574393654414,-0.000572545145167615,-0.000614299678253098,-0.00065029150116238,-0.000715066246406357,-0.000746167050837011,-0.000808383571035051,-0.00088674752539088,-0.000952902878240484,-0.0010447118424337,-0.00115085962987013,-0.00124732881924362,-0.00136433398597374,-0.00145271001057516,-0.00123586611588867,0.000636503499605114,0.02889088565963,-0.156290643872956,0.135611830733489,-0.0160828480408174,-0.000244199549257521,0.00102680737813004,0.00111213647155925,0.00100428205233118,0.000891500812930698,0.000762767783558567,0.000664614012751491,0.000572398399354337,0.00049624058281658,0.000433517597801131,0.000373160658540247,0.000315319285323926,0.000279646852560794,0.000217980868969805,0.000209682192326185,0.000148913584161982,0.000132582008121035,8.77098793330779e-05,6.63416915672813e-05,4.00841022554198e-05,1.49530469665238e-05,-8.17177643521963e-06,-3.57070117966836e-05,-6.24029108181587e-05,-8.0164237983821e-05,-9.63001646814913e-05,-0.000118428439881923,-0.00014530194812332,-0.00016492804199094,-0.000174633964368426,-0.000206064595339034,-0.000214847939870979,-0.000241705285082896,-0.000267572753347933,-0.000273255972078975,-0.000310204409553819
0.000112390642056377,0.000130148484883406,0.000121679116386941,0.000144235245644716,0.000148510977204953,0.000166405248339236,0.000159572959825808,0.000169518599138576,0.000192832057480893,0.000195379353214944,0.000215713726079915,0.000231590787433124,0.000244371654753613,0.00025846917797365,0.000273125787622668,0.000317011017016264,0.000318134634806826,0.000369136862565703,0.000395987449883831,0.000425353510444638,0.000459286176023404,0.000509535818675686,0.00041417416795029,-0.000206335692692575,-0.00977884568037597,0.0530246119104463,-0.0460874000059438,0.00549519248668599,8.606528015071e-05,-0.000345506988671667,-0.000377296022746296,-0.000338160825702643,-0.000295504695487722,-0.000260261722530382,-0.000223999106138912,-0.000184672348551744,-0.000169484473310095,-0.000139530076224975,-0.000130194892937131,-8.95033390095126e-05,-9.61271319071958e-05,-6.50956964764523e-05,-7.35456151117913e-05,-4.72031847620551e-05,-3.76411875589671e-05,-2.78269581439804e-05,-1.27752344743041e-05,-1.02270062324426e-05,3.8688751853198e-07,3.29873036128653e-06,1.6517296971922e-05,3.21935976358634e-05,2.54182986517124e-05,4.54222178554629e-05,4.27818333944706e-05,5.80927442590346e-05,5.26131079657071e-05,6.48634698059147e-05,7.78506192657107e-05,7.24786824744523e-05,9.8297177916115e-05,8.94822279391351e-05,9.86557392259205e-05,0.000110137314271232
6.76688008548524e-06,-2.01402819178882e-06,8.20840675485337e-06,4.23915644411364e-06,3.09889804250735e-06,-3.50466549741005e-07,1.21076678850241e-05,7.8013420876819e-06,5.53957652253463e-06,8.06503003827902e-06,5.27405674273446e-06,-7.84037383494893e-07,1.54119328299578e-05,4.38160265234097e-06,1.42651207848114e-05,-6.59338139395714e-06,2.66203290250914e-05,3.58570033988935e-06,7.05018131043166e-06,9.51004596616471e-06,3.13632755583928e-05,-1.24573269601217e-06,1.66494808741564e-05,-8.98146186076979e-06,-0.000281297707431566,0.00143594875264426,-0.00118736652934527,0.000132496981648345,-1.76873586904999e-06,-3.34378912072523e-06,-1.22561561478445e-05,-7.55483409437878e-06,-7.0233935112443e-06,1.31505858606266e-06,-1.03422870462119e-05,-6.56342678486547e-06,5.37769919374736e-06,-5.87169353117755e-06,1.76834036850538e-06,-1.65337075319564e-05,4.02215039577202e-06,-1.88332116369215e-07,-1.97163070078501e-06,5.26782120499449e-06,-1.07778673536262e-06,-2.43647046774693e-06,3.84230229698878e-06,-4.84030435264475e-06,5.2456958976022e-06,-4.69640469548765e-07,1.95353053011627e-06,-2.10428937656852e-06,9.14062506860675e-06,-8.06564860202888e-06,5.61277153540166e-06,-3.12213881585246e-07,8.46850397193974e-06,1.84356026856637e-06,-1.55048971129838e-06,9.95935605889366e-06,-1.19856942776749e-05,8.78747228146843e-06,4.93199619692916e-06,1.90149463852716e-06
1.16096696140073e-06,-3.69404243311927e-06,5.23914884012305e-06,-1.35809730954277e-06,-1.7740308808532e-06,1.04481058052188e-06,6.87285665576638e-07,2.78954256406327e-06,-1.16928073059863e-05,1.04536625148382e-05,-2.73591125839965e-06,-2.79081870911032e-06,6.98669981920177e-07,-4.44842410556482e-06,-1.23321962766447e-07,1.22535141967348e-05,-2.01875983621555e-05,3.35474895777037e-06,8.07444472947168e-06,-6.29765118031152e-06,-1.3358404461535e-05,6.27117375211311e-06,5.45290221779598e-07,-3.0543269678711e-06,4.83435721557008e-05,-0.000266647265813016,0.000244648489350788,-3.58835178567209e-05,2.0354741298988e-06,-1.17326505626189e-06,3.29911249013614e-06,1.07462238872078e-05,-5.92972784070144e-06,4.97090974369072e-06,-3.83578381934434e-07,-5.12611878355502e-07,-5.55292220859867e-07,4.58842650904341e-06,3.2475974257221e-06,3.9936828029124e-06,-1.91257936238328e-06,1.8917980618839e-06,2.45313652107923e-06,-5.22994647105972e-07,-6.28067241749661e-06,1.29879583798314e-05,-1.27853640748481e-05,8.44172500299155e-06,-5.59444136296547e-06,6.60749315236457e-07,1.23721743341538e-05,-1.25071399865891e-05,1.90267726889143e-06,4.07489613880303e-06,-2.03965039663458e-06,2.33648542134712e-08,5.9313051637858e-06,3.12170292388446e-07,3.74695249987144e-06,-1.24032839782726e-05,9.62600745139185e-06,-7.19680006428643e-07,-5.91941127077234e-06,5.10436385755627e-06
-3.05509001449648e-06,3.12281211382388e-06,-2.29622608301505e-06,3.65328733020487e-06,1.42430445934734e-07,-3.77997521289777e-06,-2.88419681247603e-06,-8.80744977533063e-06,2.24124966131496e-05,-2.46168474633165e-05,7.52732556249977e-06,8.14743434320554e-07,-4.74611457575563e-06,6.35553924892057e-06,-4.22948128308729e-06,-1.22948899486259e-05,8.64329808446508e-06,-2.31144963322089e-06,-1.06778094267116e-05,7.4344290680447e-06,-6.63393145238626e-06,-9.08777134602658e-07,-7.29534029694556e-06,1.22541329642751e-05,6.3547195948569e-05,-0.000334255332711453,0.000279604489587396,-3.04928742405472e-05,1.98449773559679e-06,1.46683378726411e-06,1.09954383690697e-05,-1.36680254149809e-05,1.26501422317717e-05,-3.82816921241133e-06,5.02435468718057e-06,1.07136512623174e-05,-8.31941508865954e-06,1.96305537313646e-06,-5.9675988914963e-06,8.88706106270831e-06,-4.56285259728955e-07,-3.06391608762088e-06,4.52893146049938e-06,-4.66123447116345e-06,8.00204958341313e-06,-8.33220510625724e-07,1.79066191011619e-06,-4.82986658571229e-06,8.32379861499768e-06,1.3165257128035e-06,-1.44514532065446e-05,1.97877997038675e-05,-8.62997887439645e-06,1.11538286772038e-06,3.09342784462316e-06,-2.09595969559179e-06,-1.0102894488183e-05,4.35562628998432e-06,3.5805259509485e-07,7.27426818359571e-06,-6.78266422758798e-06,2.66735895748308e-06,5.88247577504823e-06,-4.10179648703642e-06
-1.99732059414183e-06,4.3577023999086e-06,-1.14571195338388e-05,-6.84912397028345e-07,6.01056822469172e-06,3.83442046119652e-06,-4.108838392586e-06,4.60732813734349e-06,-9.70641488798302e-06,1.18780387750372e-05,-1.23142828904744e-05,4.46988019365084e-06,-1.17379071078723e-06,-6.33965432683237e-06,2.03860482023738e-06,5.93730862215953e-07,5.45286483414413e-06,-1.12160044599628e-05,4.5312059055591e-06,-3.38072353121624e-06,-2.47159732563414e-07,7.53352861975533e-08,-6.58580496503026e-06,1.98066242869803e-06,5.16253344769886e-05,-0.000300306354587284,0.00026142007557513,-2.20866854312033e-05,-1.60461182097347e-06,4.80363525084866e-06,-9.7261446426435e-06,1.42657702246774e-05,-5.24099512147627e-06,2.10492936766839e-06,7.97064414812841e-06,-1.2473502397619e-05,1.80411334718175e-05,-5.36298587709399e-06,4.25081087268434e-06,-3.82580136139917e-06,9.32756178625917e-06,-6.64233899976155e-06,8.0304640246361e-06,-5.89142331179327e-07,5.95045028014336e-07,-7.57599666384003e-06,8.1347469530206e-06,7.38657490939952e-06,-1.18612857928186e-05,-2.81467814917411e-06,1.05192053761166e-05,-8.29047379751928e-06,2.27394068347799e-06,1.33625351828093e-06,4.23914363510679e-06,-7.28616292687921e-06,1.26797829473934e-05,-9.52905185828492e-06,-6.68260164563234e-07,4.71991194051946e-07,7.33096649085534e-06,-6.69666226708103e-06,-5.63278394806938e-07,1.35173997937731e-06
8.89116532232168e-06,-1.06568991106523e-05,1.05021600725089e-05,-1.63605598594213e-06,-7.27995375477532e-06,-2.16323486813766e-06,6.26883144882566e-07,9.47258798271266e-06,-7.65005553420389e-06,-4.69952035871588e-06,7.36174048419576e-06,-5.4288613993484e-06,3.08581824418962e-06,-9.0718790730573e-06,5.85046540485131e-06,1.35027571086887e-06,-1.24275270021414e-05,8.78963939230074e-06,-1.13643226650012e-05,3.56773767564427e-06,-5.67871341715433e-06,-5.54041686964347e-06,6.55842528116677e-06,-6.97181870498709e-06,6.05652773395986e-05,-0.000260159847819127,0.000219918982890147,-2.99418171491708e-05,-1.66542413580287e-06,7.83667092054257e-06,3.31828514050563e-06,-2.32548898862317e-06,9.819441689369e-06,-4.32284078079578e-07,-1.00757352319828e-06,4.82677339720674e-06,-5.30790916031297e-06,7.33070969912689e-06,8.14130657691314e-07,1.27099184829479e-06,-7.25373090655626e-06,1.07380424141338e-05,-1.08194349653491e-05,4.81585448911161e-06,-2.79800121578764e-06,1.01134241286271e-05,-9.87193859701504e-06,1.73620903670132e-06,2.83888130837311e-06,4.31749727841535e-06,2.36726483479957e-06,-4.87904592414224e-06,3.66824004618217e-06,-2.7070389852576e-06,-7.20060318146798e-06,8.68877507829554e-06,-1.98596890957865e-06,4.54123595099274e-06,-9.53463158158143e-07,-2.03080178011055e-06,-2.12877944645948e-06,3.77819754934102e-06,-1.40492134665112e-06,-2.43460535550054e-06
-6.40058725994367e-06,8.33698875285357e-06,-6.10734343703642e-06,2.54781734494119e-06,-9.89941458260906e-09,7.40100186388629e-08,4.84533525349197e-06,-1.39595653624551e-05,-1.08046003242948e-06,1.30570299491773e-05,-9.02037984833554e-06,2.08832460514421e-06,4.27447905410346e-07,4.84710043709013e-06,-6.02575643897539e-06,-4.4220079163012e-06,-2.98359087009821e-06,5.6350631370423e-06,2.10901497665822e-06,-1.17296669113235e-05,8.27919220273529e-06,-5.36087590686601e-06,1.17274839035417e-06,7.2044165535955e-06,2.70494969172481e-05,-0.000207016834180104,0.000185576503286349,-2.24688390804534e-05,1.01924582950289e-07,-2.39939477232951e-06,5.32335505650695e-06,4.4346183064259e-06,-7.81907821798017e-06,2.63254611150398e-06,4.50273739397536e-06,4.12995028099993e-06,1.88235190880492e-07,-7.06649013326447e-06,7.85510878604244e-06,1.23389759071312e-06,-7.43516837972996e-07,-1.38301238709622e-06,6.83947873643608e-06,-1.07867241386286e-06,7.39616986547897e-07,-3.50455465134408e-06,6.10300132690935e-06,-2.76313759503154e-06,6.48939169133215e-06,-1.03990182468022e-06,-1.0818255641933e-05,8.95925415457902e-06,-9.7995519701597e-07,3.70471724174598e-06,-3.31858706767721e-06,2.64628714546776e-06,-2.2401544241197e-06,-5.91158480498455e-06,1.4469756000614e-06,3.40493371701722e-06,-2.65933912232177e-06,-6.96060261566122e-07,3.09351887469816e-06,-3.50628437893514e-07
2.72115599726278e-06,-4.91441641403592e-06,1.07304808186428e-06,-5.55778575661654e-06,4.6395903865017e-06,-4.20178869597138e-06,2.25680892460648e-06,-9.64549946201581e-07,6.02259471803251e-06,-8.75429724349091e-06,3.22286276924187e-06,1.79734937150653e-07,-8.94003921022843e-06,5.93928961057268e-06,-6.73634510482749e-06,5.46357595324961e-06,4.39384280945587e-06,-9.34571207079609e-06,-4.19448149018292e-07,5.19428415859271e-06,-1.19139025425546e-05,1.16985692358385e-05,-1.49137787377158e-05,6.86990324913936e-06,4.45893906450912e-05,-0.00018973706542611,0.000154234227316624,-1.97047581526291e-05,3.87360056288238e-06,2.84609546191196e-06,-2.55101337476016e-06,2.2429217232047e-06,-1.20330094572179e-06,1.42880328975753e-05,-9.60601427427212e-06,1.32397831744863e-07,4.00303510224364e-06,3.0079252115862e-06,-6.95766721514827e-06,4.46426918123411e-06,2.69196481429349e-06,2.23514644610895e-06,-3.45671419684799e-06,5.09071443375483e-06,-6.30782046415438e-06,-1.26944092403296e-06,6.39662885947347e-06,-3.09876656731777e-06,-5.55561320219395e-06,2.91213598043607e-06,7.39528729537866e-06,-3.98759738416021e-07,-1.74622551139846e-06,-2.25049952544991e-06,7.36378414859773e-06,-1.11020058611194e-05,9.44421365082987e-06,9.82402614933382e-07,-9.56090309014779e-07,-1.3824079489046e-06,4.61788585191858e-06,-5.50624577959381e-06,4.02548823529716e-06,-2.3189425490249e-06
1.07493988572651e-06,-2.63449175381231e-06,9.07509109844815e-06,-5.14227632298846e-06,4.65880812097507e-06,3.36485783386954e-06,-1.32645013934383e-05,1.07710532341461e-05,-3.3305784658147e-06,-2.45771957023775e-06,4.01508798481072e-06,-5.88838042975497e-06,4.49577462022632e-06,-5.10578198632149e-06,3.7684354002602e-06,4.69726326106467e-07,-2.88917009730848e-06,-1.28283033993458e-06,-1.00917583700789e-06,-7.79172753376795e-06,1.40488084534998e-05,-1.38300834919537e-05,9.81980508393718e-06,-1.20797332627572e-05,2.47667139800599e-05,-0.000130290446520582,0.00011773262081437,-1.40803725838807e-05,-1.07923843406602e-07,-2.34807973501975e-06,6.10561386398554e-06,7.50519325286154e-07,5.47583048571687e-06,-1.42608472973778e-05,1.48357869522168e-05,-3.93274104390452e-06,-9.95313793918813e-07,3.08116024334016e-06,1.18009107516495e-06,-5.09758321161276e-06,9.79784418006587e-06,-1.3229376440327e-05,2.89427658257508e-06,6.15012396178267e-06,1.73135781313254e-06,6.22423797106952e-06,-5.93305888770626e-06,-1.41300528734017e-06,3.38299994586752e-06,1.3323470302291e-08,-3.52627905355288e-06,-1.7095217480099e-06,5.93577797181035e-06,-3.72886170072381e-06,-3.9706089217943e-06,1.45173021722159e-05,-1.33414871266839e-05,8.70681908440653e-06,-4.41629114757377e-06,2.17987270948888e-06,-3.50355672340537e-06,6.73597109136778e-06,-5.95058500835228e-06,2.27761410729971e-08
-1.10308699430116e-06,1.29702420818673e-06,-9.39444428905571e-06,1.22861856929121e-05,-5.73174975741268e-06,-6.70676949855645e-06,9.40739870577428e-06,-7.04450808228119e-06,2.43608391043399e-06,-1.87132828660124e-06,-7.87674142395542e-07,2.3007723814335e-06,-1.03487279412389e-06,3.2915898085102e-06,-1.39368297662508e-06,-7.41371340414709e-06,5.47351628092928e-06,-5.0002279193414e-06,6.44472601450764e-06,4.63292850284496e-06,-1.5175971696087e-05,1.25976219777614e-05,-9.13587588958292e-06,9.14629930632168e-06,1.65206322738356e-05,-0.000121843766326288,0.000104989573316906,-7.23701030511755e-06,-1.30165465589563e-06,-6.37743819335519e-07,4.38065432456013e-06,-2.96070366455724e-06,3.33805507056973e-06,4.56252471231266e-06,-9.07300167276929e-06,7.02285999555344e-06,-6.51344231129386e-07,1.03918655420352e-06,6.56540896066069e-06,3.81264285849073e-07,-9.16069444154838e-06,8.25358218015806e-06,9.72214780928655e-06,-1.71941786009836e-05,8.97217129158103e-06,-5.59696257528541e-06,5.45358187565308e-06,1.34522451420938e-06,2.88532535117388e-06,-6.32901912709399e-06,5.54215936839099e-06,-3.52550956800458e-06,-3.64953154018097e-06,1.15388740984582e-05,-3.77980878293948e-06,-9.73900150444181e-06,1.16985132169368e-05,-1.36865848736976e-05,1.03979867615934e-05,-2.52314678770555e-06,-8.0922427795119e-07,1.25075899079239e-06,-4.22788261018455e-06,8.12554001221108e-06
-5.73944281224349e-06,4.05528972561517e-06,-8.35425403873065e-07,-1.75714184233514e-06,-1.86166940618909e-06,7.195374552888e-06,-2.99843480382662e-06,9.29462116893292e-07,-1.26951857634678e-07,4.87786970186255e-07,2.12491915796609e-06,-4.25048558706259e-07,-1.24677560900884e-06,-1.4329296467812e-06,-2.58410056505916e-06,6.1584575683801e-06,-8.90752229482924e-06,1.30879750986446e-05,-1.48546527628914e-05,9.69121477902728e-06,-6.34357749483165e-06,-6.62277837899134e-06,8.38185738214152e-06,-3.55050489077566e-06,3.10498154581532e-05,-0.000110782193512215,8.83758671034617e-05,-1.40930468456406e-05,3.13395043448426e-06,1.07494783092328e-06,8.97228243723997e-08,3.68406429603359e-06,-6.60115004404474e-06,1.59036629646514e-06,9.87430606566305e-06,-3.88084798572593e-06,3.16642066390862e-06,2.19567360109236e-06,-8.46572393699986e-06,3.14655708494609e-06,5.75398953083921e-06,5.02847268115375e-06,-8.65242706872726e-06,1.26527047607369e-05,-9.19822337979786e-06,4.26611753648183e-06,-3.86252095659809e-06,4.13156770839205e-06,-2.75289592585519e-06,1.86121283659717e-06,2.14864753725045e-06,-3.67130496740979e-06,1.07647931244099e-05,-1.54717416315685e-05,1.26825197603595e-05,-6.30303791859956e-06,-2.01093205163414e-06,1.05246203327844e-05,-9.89454164354567e-06,3.71359091152163e-06,-1.26340437950062e-06,1.80797904094843e-06,6.61527839461498e-07,-1.08567730403716e-07
7.36988983958521e-06,-5.65059368559202e-06,7.34007340570081e-06,-1.18960792742208e-05,1.03087427207224e-05,-2.57727849228276e-06,-3.35114856036329e-06,2.62386309336396e-06,2.3861372341724e-06,-9.69818449391431e-07,-5.54636993717903e-06,1.38611702520525e-06,3.57652331830109e-08,-1.24845899309488e-06,4.60819586538642e-06,-5.18129881272398e-06,6.41989280925515e-06,-1.35383108883138e-05,1.70289222762865e-05,-1.74856158559896e-05,1.07251589746835e-05,1.39176304175406e-06,-4.77648037365241e-06,7.72929773497661e-06,1.48709815841286e-06,-6.39264473847909e-05,5.19783682466901e-05,6.36016070925477e-06,-8.54609694158088e-06,1.03007053113435e-05,-7.12132325065698e-06,3.18505978130032e-06,3.82176820037742e-06,-2.29729223604638e-06,2.91114753341489e-06,9.95096239827971e-07,-4.39486690890933e-06,-5.01741756018963e-06,1.0532867298428e-05,1.48077502201908e-06,-1.01980806122366e-05,6.09301530659084e-07,-2.88826880102488e-06,6.25521440239997e-06,-3.04751264464807e-06,-1.19688434518598e-06,1.47181559799542e-06,-3.39574412322316e-06,2.6213763361143e-06,-6.46988749513478e-07,5.77146845082132e-06,-1.18641549491532e-06,-5.53652198177535e-06,3.90343859142205e-06,-4.24021577380925e-06,1.00552802279092e-05,6.65943897699255e-07,-1.17816248499402e-05,1.18730082498814e-05,-1.06012997093515e-05,1.4170627153545e-05,-1.14222864801772e-05,5.65673934361802e-06,-5.38654253283212e-06
-7.77172648241859e-06,3.30692189066165e-06,3.03803219689959e-07,6.64237284441586e-06,-1.10586635918497e-05,-4.50845059706255e-07,1.24978527285834e-05,-7.08128070939243e-06,-4.32121874999818e-06,5.97121320173502e-06,-6.70285355897127e-06,5.66533437635439e-06,-4.49416131981665e-06,6.37318871254796e-06,-3.22324401407875e-06,-1.63482243833203e-06,5.34010940760402e-07,8.0200383357837e-06,-1.26181024744218e-05,4.17618885439742e-06,1.23830574509455e-06,-6.56697708847086e-06,-4.12778212947104e-07,2.3412520397713e-07,1.79806473116505e-05,-7.21897843641258e-05,6.76200208901753e-05,-1.37936563952872e-05,2.13492376482531e-06,-2.94281420082909e-06,-5.10773595927063e-06,1.30720069772899e-05,-2.07946535277826e-06,6.93957254985173e-06,-1.25535658160023e-05,2.43957291565752e-06,1.06399437162275e-05,-4.63233703349432e-06,-2.71911415657424e-06,-1.70789171716098e-06,7.66910848784946e-06,2.36378427152671e-06,4.52510351035138e-06,-1.45660837438603e-05,1.12116298134638e-05,-2.76206200307978e-07,-7.04296529664101e-06,1.02208260357767e-05,-6.82845944930038e-06,9.5602825908795e-06,-1.32973816477431e-05,5.94103630525047e-06,1.16769779701175e-07,5.2296991828806e-06,-8.56318415320861e-06,9.56127180885859e-06,-8.62484626470185e-06,8.58784628066549e-06,-4.73465538550107e-06,4.26926298019889e-06,-9.19583904432723e-06,6.71607449422655e-06,-6.50965549065889e-06,6.89379077112041e-06
5.69240931092821e-06,4.69879150689504e-07,-1.30761013082139e-06,-5.24613949623796e-07,6.23048680940532e-06,-4.33198717317327e-06,-4.85272844470054e-06,3.8813815172874e-06,-6.19295729134979e-06,3.59378652753855e-07,1.24973256260477e-05,-9.96462501768585e-06,8.69032619505715e-06,-7.31451947815831e-06,-2.59430356822602e-06,1.15998786082662e-05,-6.2259427728223e-06,-4.00850614367509e-06,3.03716313293024e-06,5.04267018723568e-06,-5.81995921806205e-06,1.80155781905168e-06,1.57182798653311e-07,7.43555949450518e-07,1.77154850114211e-05,-5.26886021680836e-05,2.71183498661607e-05,7.16730245423793e-06,-3.98137712999342e-06,-1.87771561739563e-06,1.5617006397227e-05,-1.70873909407339e-05,5.74236440755668e-06,-2.55790201499405e-06,7.38327375962642e-06,-3.2559373737163e-06,-5.58360525104429e-06,7.07232375399735e-06,6.22188615046591e-06,-7.92955904697794e-06,-2.09387964443396e-07,-4.27900649564105e-06,2.78206023839169e-06,1.9051036272151e-06,-4.47919148134019e-06,4.30364247608818e-06,9.09479069422391e-06,-1.22704626555718e-05,1.28048343045458e-05,-9.06142267837905e-06,1.01660873909078e-06,7.38871709236099e-06,-7.37497657142878e-06,8.6656944678588e-07,6.44673989043063e-06,-1.03633441130624e-05,6.85696033154961e-06,-4.61418472294997e-06,-1.38260975575136e-06,8.0522331240823e-06,-7.20824008480484e-06,2.56490390899247e-06,8.6759003872987e-06,-8.59538219206105e-06
-5.69223199906972e-07,6.40391356855164e-06,-4.4369903738554e-06,-3.85443738387996e-07,-6.91644675430694e-07,4.68067439477164e-06,9.43877939470632e-07,-2.02914581900819e-06,4.09895540819139e-06,-1.62304120057541e-06,-3.25087470189362e-06,6.09208383717858e-06,-9.25922352567773e-06,1.95718522998596e-06,6.75970900965379e-06,-8.89093090138777e-06,4.11056699563584e-06,1.15190518288258e-06,-1.66625713007269e-06,-1.06426166652116e-06,3.27898971806343e-06,3.68753824719852e-06,-4.55819868246166e-06,-7.60115631720384e-07,2.19919953408651e-06,-2.61612475293303e-05,3.70054534037954e-05,-1.56956023217401e-05,3.49123222723057e-06,-6.61973917020474e-07,-4.13494703493975e-06,5.46988250797329e-06,1.0147255255358e-06,-6.10397636470764e-07,-3.00829714603695e-06,7.72463893665419e-06,-6.56807394175034e-06,4.56662350154027e-07,-5.84245556888764e-06,9.37813181988859e-06,-1.07790832839825e-06,9.42362594283256e-07,-2.81102790989461e-06,2.3149125051081e-06,5.77756022904025e-06,-9.90167435517392e-06,-2.84187866983881e-06,1.16894833970594e-05,-1.08747434704626e-05,-2.03219366708416e-06,6.38963606243854e-06,-4.46988564188659e-06,6.37098495905235e-06,-6.37098946972365e-06,5.1030102206423e-06,2.34465202263202e-06,-3.2352327566931e-06,3.00982563461174e-06,5.56040624776044e-06,-1.24771415284665e-05,6.15405041397958e-06,2.89664867776826e-06,-3.45963458724382e-06,-1.01572051407536e-06
-2.17975420470983e-06,-2.84170319500289e-06,-5.63053162753381e-07,5.53405632575582e-06,-5.10651462882532e-06,1.82183583453105e-07,-2.91150035916003e-06,2.99065490710532e-06,5.40853186136724e-07,-8.44855404431567e-07,1.12086526303276e-06,-4.35753296744043e-06,6.14145297846786e-06,2.4600789756411e-06,-5.41819153859607e-06,-4.9716757948566e-07,6.08166624200682e-07,-1.62501303365213e-06,1.92042873281819e-06,-7.28584911637208e-07,1.97224693885442e-06,-7.70133903053822e-06,8.16534426567432e-06,3.32283173343286e-06,-1.69844598963499e-06,-1.54624896051388e-05,1.22711831597575e-06,8.59211108639724e-06,4.87598614602698e-06,-1.57887648167725e-06,-6.29038176556316e-06,7.7953139841671e-06,1.80876410731463e-06,-3.54520030030925e-06,3.35446251465322e-07,-7.1348260610715e-07,7.25158602263989e-06,-3.18664257147669e-06,4.37735633221595e-06,-1.47022681156553e-06,-4.73833346811796e-06,7.06158588595962e-06,-4.40033835193805e-07,1.10891922605301e-06,-4.33363050778177e-06,6.82106484990576e-06,-4.14031607959732e-06,1.54966071497858e-06,7.31158924055816e-07,8.41212394352718e-06,-5.27593939569607e-06,-3.48974370972207e-06,7.27524679397315e-06,1.92654988921329e-06,-1.13240013416669e-06,-1.31942831820456e-05,8.3500384450574e-06,-3.79397583037271e-07,-4.70983890968235e-06,1.10173935930458e-05,-4.09353831674131e-06,-4.5720116476072e-06,-7.53142318100281e-06,1.05257544823923e-05
-3.15760034266986e-06,6.51766770791275e-06,-1.46466298200808e-06,-1.64136227186089e-06,1.48576422539486e-06,4.08638583821216e-06,-1.99394257698422e-06,-3.49936078069582e-06,3.18049412359024e-06,1.43284530308724e-06,-8.91343043897613e-06,1.11569363396049e-05,-4.80163151120977e-06,-1.12060378576038e-06,2.3454531093732e-06,3.16561923119809e-07,-3.77271366465257e-08,2.87383087842779e-06,-7.8792110759156e-07,8.63379352109256e-08,-7.11421554821124e-06,7.54691320214832e-06,-2.37836261425091e-06,-2.42977790380641e-06,1.13768027056818e-05,-2.38674619286337e-05,2.66903452697205e-05,-1.175108285948e-05,-6.21070097322672e-06,1.26456398100392e-05,3.38027417310689e-06,-9.73165904530383e-06,-1.51249822181602e-06,5.94105498116948e-06,-2.19613622476316e-06,-4.16040973039521e-06,4.49437629106833e-06,-4.49618332373369e-06,-1.93113239407278e-06,-5.43186255843546e-07,8.50346566054111e-06,-1.6695999198848e-06,-1.04890215456737e-05,9.51074814943325e-06,-4.43307244942959e-06,-4.49061280287071e-06,7.08808694854976e-06,-1.03467595210829e-05,8.66295096025912e-06,-7.54537949779454e-06,3.59913396565715e-06,-1.01568878396661e-06,-1.87082963582936e-06,-2.51512095419223e-06,-5.35325015814854e-06,2.12060821973573e-05,-1.35453115174629e-05,3.62759663431722e-06,4.08593582394268e-06,-1.04531678710121e-05,1.04525250380264e-05,-2.3754737850616e-06,9.56712687180496e-06,-7.45082235539209e-06
5.49109004386349e-06,-5.36866975452303e-06,7.42118747386948e-07,3.66402370155132e-07,2.13459874604777e-06,-3.7601827177072e-06,7.4264721726891e-06,-2.51548842946756e-06,2.27063207034873e-06,-5.61722876727185e-06,5.91129686012557e-06,-4.97786247588599e-06,5.83203482369114e-06,-2.99792955665069e-06,5.66312532346724e-06,-6.16010887522146e-06,2.8066495023488e-06,-2.79975712719937e-06,1.64942740388201e-06,-5.9324036277901e-06,1.35351511975868e-05,-4.10080304519279e-06,-6.64198471109161e-07,-4.22401997659495e-06,1.03465227432219e-06,1.02747930996314e-05,-1.76169197723268e-05,9.44370678508758e-06,8.40283507665717e-06,-1.69037778747552e-05,6.45941680312661e-06,3.48743166664937e-06,-4.90652266611228e-06,8.84145923668313e-07,3.67716830174467e-06,5.86027636472194e-07,-8.20333517760516e-06,1.45899338884091e-05,-6.34376000796089e-06,2.95666667218639e-06,-6.09364295403294e-06,-4.14667039924172e-08,9.85836062594775e-06,-5.2378056679207e-06,1.66362635832167e-06,3.35414237531011e-06,-1.74966787564859e-06,6.46672436625877e-06,-7.20278890136875e-06,7.81932859882846e-06,-5.47925666976978e-06,5.63597698960181e-06,-2.59768487804662e-06,2.00311626171705e-06,2.27257304081505e-06,-1.68132400712709e-05,2.13052966775925e-05,-1.22507911451898e-05,2.50917444464539e-07,4.58223642098991e-07,1.11551902872378e-06,4.83265603619527e-07,-7.79780497850651e-06,2.19706145018105e-06
-5.17487459802022e-06,-1.47120736310556e-06,-1.45407416554626e-06,6.77841886542826e-06,-7.23408328751452e-06,1.2663765672053e-06,4.36095479765112e-07,3.37366637142602e-06,-7.37500960152382e-06,4.37049131956822e-06,5.69088714326088e-06,-1.12240326344786e-05,1.28211069406117e-07,5.45129804201301e-06,-1.01673160856347e-05,7.11423610269483e-06,2.75655817978623e-06,-5.98977338813452e-06,2.37510337936146e-06,3.56617713081886e-06,-7.51947136518355e-06,3.70066790682813e-06,-3.33686284114961e-06,6.78485121597134e-06,-3.25343683155465e-06,4.99489328222497e-06,-7.76884650594622e-07,-7.91450919566115e-06,-2.21143127000931e-06,1.42400755582777e-05,-1.11909715773806e-05,9.33898868853417e-07,5.70163274982389e-06,7.12306182423499e-08,-8.14723447663954e-06,9.60481470548336e-06,2.89908666030545e-06,-1.64060493316965e-05,1.0362099606838e-05,-5.00123865096505e-06,2.49548045281213e-06,-2.04398934783526e-06,2.57842185872746e-06,-4.62948203411072e-06,1.85693082750028e-06,3.75744882896222e-06,-3.33031337411954e-06,-2.15675922965026e-06,3.14074655559166e-06,-5.65655601451176e-06,6.92514040974115e-06,-8.15781080368357e-06,5.39481059219996e-06,2.5028750493203e-06,-2.62714478715607e-06,3.89252890890779e-06,-9.2617829879247e-06,7.59532492573211e-06,-2.02396906685436e-06,7.57092444486559e-06,-1.0878050666342e-05,4.42711772409236e-06,2.78609746172464e-06,5.88643565465516e-06
-2.08273530835825e-06,7.42644767771517e-06,-4.85033283239585e-07,-2.11441001645239e-06,4.30055170782327e-06,2.56996557814428e-06,-5.49738336084154e-06,-1.07184332639532e-06,3.21860573916888e-08,5.58603801155116e-06,-1.13657382551495e-05,1.40169550033743e-05,-4.37659627741041e-06,9.22852490073759e-07,3.15947566342059e-06,9.72711941163472e-07,-7.25424660233135e-06,8.961049349201e-06,-3.43058825264976e-06,4.76817942359909e-06,-4.44205916080492e-07,-6.23597326194728e-06,6.4108557308649e-06,-1.34624431202171e-06,-7.49500269384343e-06,1.94226263178798e-05,-2.04702519141859e-05,7.86220506464438e-06,-2.39710263044723e-06,-5.7850390889017e-06,5.48770862151848e-06,4.1798960540295e-06,-3.61340191778094e-06,-9.51331710986051e-06,1.08991236307116e-05,-6.30972998878743e-06,-1.50898298679738e-06,5.36867430284847e-06,2.00237485260502e-06,1.99819663880063e-07,1.80689376242777e-06,-4.84036703526252e-06,2.05144807265358e-06,1.97716197251166e-06,1.93499754898674e-06,-1.00865977169018e-05,7.5628257614961e-06,-5.70800813622887e-06,2.99540078555934e-06,4.33848965933585e-06,-1.16082851112219e-05,1.28871224288972e-05,-6.54619643450603e-06,-3.64144756715483e-06,8.16752204061746e-07,8.85607801116254e-06,-7.27006684556728e-06,-6.91702453444863e-07,3.96990706607254e-06,-6.95916197415451e-06,1.29089966311329e-05,-6.6383920763684e-06,-3.44273949550838e-06,1.106759783433e-06
2.14059445470224e-06,6.42708938276238e-07,6.12745437005993e-06,-9.24446822648309e-06,4.03260347498145e-06,-5.0159979513916e-06,6.09985747307346e-06,-7.86173739249775e-07,4.3586846382836e-06,-8.61948490396399e-06,1.21805907812213e-05,-1.42696290428225e-05,7.10333295756811e-06,-3.26953576374053e-06,4.10955918847979e-06,-4.50814178654483e-06,1.00574617441261e-05,-5.54734450092923e-06,-4.46136029068923e-07,-6.30571904741966e-06,6.03230936333511e-06,2.73442768354238e-06,1.33163340549801e-06,-2.17773002898641e-06,-4.94763612331338e-07,2.94131425595933e-05,-3.0309151630083e-05,5.50394936576588e-06,-6.88383495384726e-07,3.46053630109691e-07,-3.37816737227571e-07,-2.57536325325471e-06,2.03844650081893e-06,5.72850771229055e-06,-2.08233433574488e-06,-4.11873551307364e-06,2.27028891147117e-06,3.54494673738556e-06,-8.15815403708641e-06,-2.35736556237243e-06,6.44186954832502e-06,5.81339582264244e-06,-1.06300542370865e-05,1.17909941707675e-06,3.49952181918394e-06,-1.7308940748305e-06,3.14266177794921e-06,-3.46599622226484e-06,4.12896156722781e-06,-1.2302648706693e-05,1.95575220459387e-05,-1.02162522138896e-05,3.23732357113752e-06,5.15763429953528e-07,-1.27828719119171e-06,4.82625958376534e-06,-2.91599352469995e-06,2.01270801854007e-06,-3.4790537971666e-07,4.03556344781427e-06,-1.19089264050313e-05,7.58267258249844e-06,6.35059377105985e-06,-1.01840803502877e-05
-8.91391117585367e-07,-2.92292561319319e-06,-5.79663052786156e-06,2.81787662852426e-06,5.27945693273223e-06,-1.08445419171867e-06,-3.88079833710226e-06,-1.20012877160208e-06,3.95975063639032e-06,9.64058717648212e-06,-2.03421824737137e-05,2.43490969809391e-05,-1.18852245672661e-05,-1.08757391286724e-06,-3.02191198708379e-06,8.0331117294272e-06,-1.57907111123458e-05,6.59110314614682e-06,5.83270512422047e-06,-1.93566055887196e-06,-2.31406594563546e-07,7.36923806746941e-07,-2.72864413201591e-06,-1.63998757222466e-06,-1.49793544343092e-06,2.72870506619294e-05,-2.60709336135967e-05,4.47980126152153e-06,-2.09400347597629e-06,4.82567654353002e-06,-1.36935037704495e-06,-6.44509028441982e-06,1.9864014946398e-06,9.19414637306979e-07,-2.78663563460789e-07,4.74307162885438e-07,2.46332912839639e-06,-1.11811439138603e-05,1.05735625313876e-05,1.0265737874831e-07,-7.58527805690422e-06,1.65576403461652e-06,6.02263079747386e-06,-6.22260727085655e-06,7.40472928549467e-06,-2.97119137940891e-06,-1.281132053517e-06,4.6000991083496e-06,-1.18267129449442e-05,2.49891419384835e-05,-2.27311368748331e-05,4.54435660271767e-06,2.42899616415747e-07,5.64688064553609e-06,-1.29448335125954e-06,-1.27682069245354e-05,1.26368475185671e-05,-1.80652982221673e-06,-7.18909513721148e-06,-2.10223958591273e-06,7.60504160630979e-06,-6.90876242047126e-06,-1.24506242058213e-06,8.4946268340155e-06
1.11375924126249e-05,-1.08553137390208e-05,4.99298406660863e-06,7.0563977631457e-06,-1.2549411116994e-05,8.17406155224635e-06,-3.09204567636423e-06,7.59208288828763e-06,-1.06886766101296e-05,-6.84188290179275e-06,1.25688648390261e-05,-1.10076202265798e-05,1.98360571790156e-06,7.77889288879545e-06,3.48393900026258e-06,-7.80174286907879e-06,8.85129576963054e-06,-3.66508465588443e-06,-1.67206765937569e-06,1.19205059549307e-05,-1.51268487073829e-05,1.02843006121027e-05,4.05218390283149e-06,-3.86016634180596e-06,-4.37906767936207e-06,4.37544885393502e-05,-4.31508251118391e-05,3.00994045647686e-06,4.09659689758708e-06,-4.00820206679296e-06,1.2098948750176e-06,7.86127395343378e-06,-6.46362325114926e-06,4.01882873965165e-06,-9.24828498719159e-06,6.1365926404539e-06,-4.03211569008341e-06,2.14866119925204e-06,1.50491797635775e-06,-1.60390386274309e-06,2.55150356459477e-06,-3.97899855758704e-06,-1.85848594458864e-06,5.93600149044924e-06,-1.40843596585926e-05,6.33813359997393e-06,-7.06559118248998e-07,3.47599009653958e-07,9.79466892596064e-06,-2.21341373485438e-05,8.60396894990394e-06,5.35314643696889e-06,-2.03183881116583e-06,-2.61949161758561e-06,1.46835449260022e-06,4.95045900837825e-06,-1.05928972831141e-05,6.04539256818349e-06,3.20272622085594e-06,-8.53959669666053e-07,1.52123572141547e-06,6.32341507923686e-06,-4.46799461610259e-06,-6.32915985724124e-06
-1.0797081981382e-05,8.15779800666176e-06,5.98004334059694e-07,-6.07730717062176e-06,5.62243696232329e-06,-6.58077239634894e-06,6.91369829282433e-06,-7.68448204211897e-06,4.92219114427395e-06,4.40164835249156e-07,6.01653174525238e-06,-3.24678286791183e-06,6.67911333881545e-06,-1.05570176198524e-05,2.05561277220181e-06,-2.44928979376821e-06,8.29424069829502e-06,-8.3436465659801e-06,1.24744321761661e-05,-2.18987401133674e-05,2.31413899798858e-05,-1.30330236826209e-05,-4.84841040119593e-06,1.10745811784976e-05,-2.24510344636227e-05,7.13246857143075e-05,-6.01322613451536e-05,7.96066030822765e-06,1.21838418920103e-06,-3.98784600234003e-07,8.46481505508158e-07,-3.83383750038379e-06,1.16000173893207e-06,-3.65855534962909e-06,9.41390785641534e-06,-1.42438149817621e-05,6.59306895684883e-06,6.64860099593436e-06,-9.9831413884904e-06,1.89308963045917e-07,9.62250115103664e-07,4.12793168926911e-06,-1.16965002433366e-06,-2.2736167462147e-06,7.15571071820021e-06,-4.83399081782418e-06,2.63509477544701e-06,-2.41266797826502e-06,-6.60437696528443e-06,1.63456948432548e-05,-2.79216290511078e-06,-9.1871579899205e-06,2.6784692803225e-06,-3.87622652340706e-07,-2.79331915582905e-07,-1.75583418329656e-06,7.28154849518349e-06,-7.87827696801955e-06,5.15475979661679e-06,-3.09349944482856e-06,-1.08905108385474e-07,6.09372364878435e-07,-3.42236969387765e-06,6.90295174000111e-06
2.34003955544174e-06,2.720525870052e-06,-1.50330119930678e-06,-2.23634895447525e-06,1.69256222271173e-06,4.88545875513074e-06,-6.689619960615e-06,9.79468602500537e-06,-6.20874803869596e-06,6.81140338135636e-06,-4.40191711491174e-06,-2.75005828163862e-06,4.467940075082e-06,-2.3460809208726e-06,1.17762960577198e-06,6.50073466623957e-06,-6.98567121531866e-06,6.18171651060683e-06,-1.43900762131692e-05,2.15435452701729e-05,-1.03003435607742e-05,-2.49332882752574e-07,1.04419776387972e-05,-1.10279151794587e-05,-2.94811174344248e-06,5.28931794361797e-05,-4.9369061448645e-05,8.07783908352489e-06,-2.25632582925589e-06,-2.03579875533046e-06,-5.98363758589758e-06,4.42041090063215e-06,-3.59838533585756e-06,4.33577481510173e-06,-2.81169156611573e-06,8.67400223710593e-06,-6.8698923461085e-06,-1.95071571724587e-06,-8.08970317481294e-08,5.299484452418e-06,-2.92165606356741e-06,-7.66218304275577e-06,3.32541019498959e-06,-2.34897366454583e-06,-2.35498678615435e-06,8.48515331254413e-06,-4.71079447544231e-06,2.27475457960543e-06,1.90602807548414e-06,-1.73200774818243e-05,1.28916447032139e-05,7.35211726802547e-07,-2.69742503020449e-06,-3.94645888941282e-06,7.0234034252501e-06,2.34980034058447e-07,-7.08477443792167e-06,-2.20798794028053e-06,8.43475865188817e-07,1.15669806660683e-05,-1.10557554541346e-05,-3.41865608337771e-06,8.62065924826777e-06,-3.89686444063423e-06
4.47602701517679e-06,-9.91246569614147e-06,2.95455177325839e-06,-1.51084372532395e-06,3.59120915369562e-06,-4.64845445077323e-06,3.21441205224262e-06,-5.16143971568244e-06,6.40780078565502e-06,-7.86188004066301e-06,4.39330280094859e-06,2.7725579938531e-06,-5.34264744972522e-06,1.01140573933674e-05,-5.91211466691988e-06,-3.61031001762351e-06,3.50788485097123e-06,-7.62339897804911e-07,6.43701511050802e-06,-3.15299046654466e-06,-3.50257254762786e-06,1.15788310918816e-06,-1.26211749421736e-06,5.53158631024113e-06,-1.363138405317e-05,7.51581555299725e-05,-6.70692351544298e-05,-2.87423121192531e-06,8.46245389405374e-06,-2.47304598002957e-07,4.77700023343286e-06,-2.41720885545433e-06,1.44602249512924e-06,-7.26800984012176e-06,3.15550600910594e-06,-5.88848669011527e-06,3.03569839332554e-06,-2.21701897179817e-07,3.10708046560888e-06,-4.65642514481004e-06,-2.73285265296206e-06,1.12491933587023e-05,-1.13967222981039e-05,1.22447807482252e-05,-4.59666618788335e-06,-6.1961465734707e-06,1.30733193370732e-07,5.24321993617886e-07,-1.88184051792506e-06,1.26699440361951e-05,-1.19460737736902e-05,9.27123683145424e-07,-3.32661910670783e-08,4.92534701546368e-06,-5.49729465947568e-06,5.10661091404747e-07,7.94926333421931e-06,-3.41845381930105e-06,1.36899078199203e-06,-1.21090123886876e-05,1.40948985007926e-05,1.29639993342627e-06,-8.65889752201368e-06,4.57883907565614e-06
-1.98430425440182e-06,4.63902485625159e-06,-1.5725031830435e-06,4.75512599834402e-06,-7.41931652087187e-06,5.31593081018895e-06,1.67362060592338e-06,-4.87213773386909e-07,-4.19552694307655e-06,6.63400994295968e-06,-1.49549871046372e-06,2.19672693316754e-06,-1.29014949938556e-06,-6.24018130450782e-06,3.19680642597692e-06,7.49754962823701e-06,-6.27624660485146e-06,2.92393777817094e-06,1.75520436515672e-06,-8.23637290711029e-06,1.39664820281032e-05,1.50761740335055e-06,-3.94967544425299e-06,-2.45190430429006e-06,-1.66271677146516e-05,9.89130638921868e-05,-9.45015887088836e-05,2.66315349413675e-05,-9.91250041461439e-06,-2.4605051108418e-06,-3.44216630593247e-06,-2.60979645298662e-07,8.17445783546594e-07,3.41912188035449e-06,-8.69728376050533e-06,8.66766376510022e-06,-8.74771040420014e-06,3.99014430036156e-06,-1.01997417292679e-05,6.7268142079322e-06,-2.41745043401412e-06,-2.74130535607155e-06,4.708162156407e-06,-8.10379800117532e-06,3.60950310732966e-06,3.49546383727043e-07,1.34455897192371e-06,-1.00558609084017e-06,1.03926285481072e-06,-3.37792174155425e-06,-2.24109917921289e-06,7.26672873278739e-06,-1.2323792919124e-06,-2.80991239319961e-06,-4.32297718381445e-06,-2.79363227468662e-06,3.89674061314461e-06,8.02943338026221e-06,-8.90061882158055e-06,1.08379583838876e-05,-1.51084303928158e-05,4.70691945852254e-06,5.16759205252314e-06,-3.57467073260253e-06
-2.3583129798973e-06,2.32699778046039e-06,8.99822519984203e-07,-1.85552308736814e-06,2.68382766168339e-06,-5.09611791317596e-06,-2.53274004375246e-08,8.20140116822766e-07,3.66173494733897e-06,-3.11641445735439e-06,-2.75557008540372e-06,-5.42467783756591e-06,1.32956776645856e-05,-3.08106490669369e-06,1.45608096341187e-06,-4.2428067226042e-06,3.00607597171464e-06,4.98084728362694e-07,-6.44268012962864e-08,1.63136710779305e-06,-7.7561705887206e-06,3.62631443166341e-06,1.48732191992673e-06,3.34401754558093e-06,-2.11984206295257e-05,9.89281614459595e-05,-8.08462246373496e-05,-1.95451165507803e-07,5.23523746955303e-06,2.88416861444217e-06,9.76411634012895e-07,-2.53253432096548e-06,-4.08389036501895e-06,-5.15651618557584e-07,-5.2940508876326e-07,-3.02287482977035e-06,9.05478938109783e-06,-8.19556348215902e-06,9.24988720856409e-06,-6.15282491183284e-06,-2.17916541686044e-08,2.06689474244758e-06,1.50474310858652e-06,-1.62120805299981e-06,-2.45260258905459e-06,9.7250184072796e-08,4.66008725276467e-07,-5.28316912317821e-07,-2.99170721516265e-06,3.11551223182289e-06,1.02406890254817e-06,-4.40464639513701e-06,2.67410616016028e-06,-1.76034045375927e-06,7.13150247184209e-06,6.02325577184375e-07,-7.20774603514255e-06,-2.32218105022063e-06,6.68433253852947e-06,-1.00998852724032e-05,1.22150747183494e-05,-8.51950448801655e-06,2.85285126876074e-06,-7.44738811657097e-07
2.25520021514948e-06,-6.82150720799828e-06,3.0450874077026e-06,-2.66916431991296e-06,6.93598446697367e-06,2.69711112916012e-06,-2.40799265250788e-06,-4.14526850090008e-06,1.42089061625715e-06,-1.03717662385784e-06,9.44958114164353e-07,5.17812342476311e-06,-1.00955810467244e-05,7.63798183335535e-06,2.49191136382445e-06,-4.09773170717633e-06,2.26044782845574e-06,-8.19123395555902e-07,5.02031810380262e-07,3.9904684106049e-06,1.1047661778951e-06,-3.26942614457355e-06,5.45856944367167e-06,-4.72292739854163e-06,-2.24722424735589e-05,0.000123894763899507,-0.000112853179837462,1.65270989140277e-05,4.81596836054797e-07,-2.80887822317532e-06,-5.82863143205295e-06,2.76220436478187e-06,8.4505042462367e-06,-1.53959145979895e-05,1.68572766186409e-05,-1.18660787329982e-05,-1.91784123368143e-07,4.46823819231585e-07,-1.26234287687244e-06,2.64648607817598e-07,6.17582483969738e-07,-1.23676445741871e-06,-5.04357365307264e-06,-2.65861296711924e-07,3.77909749238981e-06,-7.08905145120117e-08,-2.75744443046041e-06,2.21330273665306e-06,-6.42075783257993e-08,-5.21074389484538e-06,8.48193140777483e-06,-7.15535681847417e-06,4.01495685663619e-08,2.94125066544388e-06,-5.6144808194092e-06,5.82180278580132e-06,-3.87202154569018e-06,4.18359221936084e-06,-7.86711169188811e-06,1.10746765836055e-05,-7.0540106987807e-06,5.51996802240396e-06,-8.0539335592358e-06,4.17143304310158e-06
2.21445109101475e-06,5.1829314665629e-06,-1.68684060838441e-06,-1.17882181082516e-06,-2.63300143233482e-06,-1.83519986049881e-06,1.85189456499597e-07,6.22749064066225e-06,1.74968206054483e-06,-1.20544251989631e-06,5.6449440377958e-06,-4.23896408852133e-06,-9.07141673882858e-07,3.02616530886658e-06,-5.88404025891874e-06,3.7800775292207e-06,1.03084789868777e-06,4.96445106906707e-06,-5.07202930628273e-06,3.78206906212445e-06,-2.12468577091992e-07,5.12034886502921e-06,-4.38740765243268e-06,3.42633012567817e-07,-1.98290141250384e-05,0.000126313544526212,-0.000116661552857787,1.58193569103417e-05,-3.51236690011903e-06,2.90831751358154e-07,5.88628640594794e-06,-5.55449313326889e-06,-9.01177143720767e-06,1.33778711123852e-05,-1.40963832432933e-05,7.10277820443125e-06,-6.62938105665815e-06,5.82616106259094e-06,-2.40359432521816e-06,-4.45722974655876e-06,3.92045676061378e-06,-7.62338443265464e-06,5.88801048915156e-06,-3.52273724923841e-06,5.04488211491304e-06,-2.17695727251447e-06,-7.43539694826918e-08,-2.50781989822573e-06,-4.7710392769351e-07,2.55240929066258e-06,-1.9406401971703e-06,3.83580043623163e-06,-3.35285830772901e-06,-2.98014279362565e-06,1.84354310327988e-06,-3.70112002886155e-06,3.96835681462886e-06,-1.33904447503047e-07,1.31596997868013e-06,-5.92477295465491e-06,-1.16907051736562e-06,4.09606317089167e-06,-4.81862116291655e-07,-1.90354852765495e-06
-3.56433438376085e-06,9.51518172877925e-07,-2.90112252858654e-06,3.15591069219765e-06,-3.18524083820775e-06,1.63926563394764e-08,3.31378919620314e-06,-3.32344801756971e-06,-4.00089494459296e-06,3.40277592080789e-06,-3.41832711731865e-06,3.11642215280788e-06,5.0314684567371e-06,-7.24104088168821e-06,1.29548776839959e-06,6.45604516167369e-06,-1.74050264304202e-06,-8.55103475809405e-06,9.41265744500941e-06,9.21777809620487e-08,2.8222388410798e-06,-1.73738964325846e-06,-3.18581611508909e-07,-2.56304253509249e-07,-2.88025021210651e-05,0.000144744933998088,-0.000126842630283134,1.85080491402613e-05,-2.4068703924317e-06,4.13749842232546e-07,-2.19215852691118e-06,-2.16255241690235e-06,2.34872279081882e-06,-6.76801130776305e-06,1.41809761517266e-06,-2.35292753763269e-06,2.63242781166858e-06,-4.87489557802376e-06,1.10816457322464e-06,3.37920044790995e-06,-7.32401964872408e-06,7.25527395924589e-06,-7.5660001317504e-06,1.12805108714483e-05,-1.5064201790586e-05,1.702555095458e-06,2.00532156633837e-06,3.84894983878904e-06,-2.8536504177054e-06,3.23307572091417e-07,-3.77563089206058e-06,1.9300500120678e-06,-6.62239138013847e-06,9.37506809833959e-06,-8.47608936379985e-07,-7.15052004719422e-06,2.17300853806535e-06,-3.3355954550591e-06,4.62970420712596e-06,-3.02924027173317e-06,3.33546442477581e-06,-7.51862524301018e-06,5.77890038481541e-06,-8.60876641539949e-08
-1.61327671485061e-06,-1.12851580332197e-06,7.5519669161034e-07,2.33730439999086e-06,2.55066137427003e-06,-4.10362975355504e-07,-2.29954885698823e-06,3.22171472724365e-06,-1.26684421547967e-06,-5.59563480493421e-07,2.07555415358004e-06,2.48690701701486e-06,-6.22230632877203e-06,4.03599070189109e-06,2.46418921337996e-06,-3.0758024368054e-06,-3.82609675755843e-06,9.66799271569286e-06,-1.22522967051626e-06,-3.04522614195105e-06,6.48891189894656e-07,4.14855751822245e-06,1.84600158196844e-06,4.49558943268386e-06,-3.0518050904067e-05,0.00014158741392919,-0.000119020598055452,4.09425572973093e-06,4.79199523477827e-06,-5.40185210068835e-06,-1.36733873530565e-07,2.54600352554132e-06,-6.98361399043977e-06,5.11220557509025e-06,-2.78671979827707e-06,5.09291221122169e-07,-4.10835798380236e-06,9.91140755531574e-06,-8.93668104992904e-06,-1.90328221741286e-06,6.27150419085908e-07,-9.38830172084377e-07,1.95886585577872e-06,-8.58057173052944e-06,1.00770892244719e-05,-5.20460076769999e-06,-3.34378302217732e-07,-1.796277117946e-06,-1.96016538522327e-07,1.86809304510631e-06,-3.94818558630427e-06,-1.92612760076984e-06,8.65859666107678e-06,-8.38626124619016e-06,3.91919218219117e-06,4.73701884134882e-06,-6.29124249405554e-06,3.86210895201441e-06,-6.2754630350973e-06,5.01914215034294e-06,-2.62716540046523e-07,5.46423324952397e-06,-8.41850429206025e-06,3.94149779101994e-06
-4.1033137355113e-07,4.76552496934858e-06,1.70805437214128e-07,-3.69765931580241e-06,-1.70360079120048e-06,6.61729584432995e-06,-2.60027663990364e-06,-1.08752976145999e-06,1.06009691361918e-06,5.09396848834276e-06,-3.27670849089627e-06,-6.68552009711123e-06,8.80697410990787e-06,-9.25312904649852e-07,-2.30628340267824e-06,-2.93256480041406e-07,1.02711550977287e-05,-3.81265607805545e-06,-2.91428407404275e-06,5.87685458445365e-06,2.62541304390115e-06,-4.71488779479707e-06,4.41676630165472e-06,-8.19828232462257e-06,-2.17270536974768e-05,0.00015682827700737,-0.00014246696344524,1.84588406100612e-05,2.76723146525402e-07,1.29122604463258e-06,1.70059842519228e-06,-9.96587990767625e-06,7.70098585297686e-06,-8.76381148174053e-06,3.75851372067854e-07,8.39029036427215e-07,-4.49844488863182e-06,-6.99526591264742e-06,7.83844367861857e-06,-4.26975230706295e-06,2.58815340119517e-06,1.60499263244839e-06,-5.83533018313207e-06,1.77079053352274e-06,-2.11452672865524e-06,4.99283894409525e-06,-3.34374051169605e-06,2.47416010822634e-06,-4.42165917112437e-06,-1.79367130018323e-06,5.69864731927644e-06,1.46957904112791e-06,-4.63700587120843e-06,1.50434942728065e-06,-5.41521474958838e-06,3.13338789296592e-06,1.34393245600024e-06,-4.50623484785739e-06,6.16458992516591e-06,-2.09550311562459e-06,-2.10631197212131e-06,-4.27082725967369e-06,8.21233130785871e-06,-6.51635005918209e-06
4.34495950494172e-06,-6.73121441152714e-06,1.84641791924975e-06,-1.13238718193812e-06,4.46025207202149e-06,-7.10288265631413e-06,2.24396841386397e-06,1.21715774630596e-06,-3.26553083601685e-06,2.01145287053389e-06,-4.79970211698587e-06,9.08161973772299e-06,-4.51800988986039e-06,1.05701963183809e-06,5.32247317083139e-06,-2.73392089053028e-06,-2.83842014818162e-06,3.16500312225855e-06,1.95448445005302e-06,-2.42283227902104e-06,2.99921471540018e-06,3.12174706574997e-06,-6.84365280953187e-07,9.30651256281647e-07,-3.12170387330895e-05,0.000169881889416922,-0.000152792467548512,1.73704212598161e-05,4.51369106176574e-06,-3.65650513890401e-06,-8.74818620657641e-06,9.60123417601177e-06,-4.6125834213119e-06,-1.96633851978102e-06,-9.10094099338057e-07,-2.89681892063621e-06,3.86042623754056e-06,5.07913732674976e-07,-4.73573435953407e-06,5.78908121547763e-06,-6.89937120865304e-06,-8.54011722872973e-07,3.50967664523293e-06,-1.84300418082793e-06,-2.03270943570156e-06,-1.18900183567729e-06,-3.49497800444292e-06,-4.92719599240727e-07,1.57805781583553e-06,-1.08842838938217e-06,2.35528198213995e-07,-5.76654529286231e-06,2.53935625346861e-06,-1.59171439078911e-06,2.282197778676e-06,3.41681665099701e-08,-2.40980179080394e-06,3.32207638366536e-06,-4.34285705042407e-06,-3.08775200691254e-06,3.56865535217498e-06,1.83347016058231e-06,-4.08428068865442e-06,2.15725104016656e-06
-7.87637977162011e-06,4.97246251136736e-06,2.62229048346491e-06,-2.48299823771184e-06,9.86455597436466e-07,-2.04515535220828e-06,6.36915529385402e-06,-6.461179537103e-06,4.20057192402074e-06,-3.16626152571618e-06,8.65114120105646e-06,-5.51044051378499e-06,2.31296581263779e-06,-1.45074019468241e-07,-5.04298856255638e-06,8.78612198476419e-06,-4.99509676372678e-06,-1.87770892019768e-06,2.39246345699778e-06,9.29516925528326e-06,-7.87048887758052e-06,3.20952958961256e-06,-5.40098247634065e-07,3.96956063203018e-06,-3.69224840909326e-05,0.000164665926861344,-0.00014138745377897,1.7409914432153e-05,-3.24482575381649e-06,-1.0166953377701e-06,1.37522195357553e-07,-6.05469440417279e-06,-4.56150459018922e-06,9.17462229504104e-06,-5.71362465653615e-06,-2.13170506656151e-06,2.67576933631041e-06,2.41179057775673e-07,-6.55772374439674e-06,-1.34181772407796e-06,1.71196422428819e-06,-2.22458558498139e-06,8.14408770487981e-07,-2.01304886164998e-06,2.6781302783406e-06,-1.11267276621813e-06,8.03148808973095e-07,-3.6790392782405e-06,5.87174184981752e-06,-3.97097278893493e-06,9.08437206250919e-08,6.10968927904098e-07,1.07082613527517e-07,-7.41175397916492e-07,3.34186316021341e-06,-3.94920073308174e-06,3.10183808863712e-06,-4.97009699820567e-06,5.1484542672433e-07,3.36033757476355e-06,-4.85150152468441e-07,-6.53150819302977e-06,8.90805176766049e-06,4.53192974380399e-08
9.95181852063951e-06,-4.21289774118411e-06,-1.0122567930921e-06,2.52288122232337e-06,-4.11192815185485e-06,5.63816231570248e-06,-8.75265038031465e-06,7.09289398127144e-06,-1.67049386410287e-06,-6.53376041152202e-07,-3.94340981797502e-06,8.15246207548022e-06,-5.27434141526976e-06,-1.43881735532675e-06,5.42344587759538e-06,-5.08096035051474e-06,8.15988665202711e-06,1.14706384644873e-06,-1.07043285971284e-06,-5.55024622415751e-06,4.56139693311196e-06,3.32871633830935e-06,1.51373667612984e-06,-5.83816207333755e-06,-2.69453399224777e-05,0.000165987268333009,-0.000145602204968591,1.5570578435516e-05,7.55669551014886e-07,-1.84491787004429e-06,7.68973866839153e-08,-3.30922030429799e-06,3.55503799984835e-06,-1.19687001846852e-05,8.77195889728796e-06,-2.01663039596768e-06,-7.88040557717514e-06,-2.68760028380122e-06,4.00303819392503e-06,1.75431220018214e-06,2.25125655271008e-07,-3.66756073319051e-06,-1.253440495185e-06,1.20319154878292e-06,-1.1678800432769e-08,3.23902436346909e-08,-1.15878948434748e-06,1.75863116875272e-06,-6.29010378612251e-06,4.00312304898617e-06,-7.73713034530364e-07,1.87465574099111e-06,-4.56050922411416e-06,1.60883725957853e-06,-2.64372889079273e-06,-1.99628035132316e-06,6.62933832046294e-07,1.73359808758972e-06,-9.12105572152211e-07,7.37510615376173e-06,-9.80837707809592e-06,7.20386366221166e-06,-7.57137863050377e-06,-2.55769003937847e-06
-3.48755517190559e-06,-2.97924779147709e-07,1.89177018352239e-06,-1.80102919581816e-06,1.57756241159417e-06,-2.56327622657011e-06,4.90023731191745e-06,8.12995799162298e-07,-8.55147135742501e-07,-5.85473407765965e-07,1.57178217349367e-06,-6.9208273940355e-06,6.96637630723758e-06,6.8469105404714e-06,-9.91806900859357e-06,4.69165814795984e-06,-3.74587840038493e-06,-2.02207929679673e-06,4.3686155760512e-06,3.85673836998547e-08,8.4061778301281e-06,-7.9393279531795e-06,3.64856824026951e-06,7.72108682158087e-09,-3.08116547716088e-05,0.000168012638973618,-0.000146413889121336,1.85268962058554e-05,-3.98789333850583e-06,-2.03938665467353e-06,3.63410818872884e-06,-4.98995433953338e-06,2.60021057356235e-06,-6.03149263000348e-06,-4.36149546445416e-06,6.77284861512572e-06,-4.15428400945501e-06,2.00648778227676e-06,-1.64723368501217e-06,-5.84363072276876e-06,4.02474355513774e-06,-3.46792590919749e-06,5.51837880460445e-07,3.20475560955688e-06,-8.60878125136778e-06,-1.62370834885004e-06,7.72965135271171e-06,-5.97628237576297e-06,3.15013231138457e-06,2.88026810154159e-06,-9.31830475851906e-06,2.85678984155242e-06,1.57762008074204e-06,1.70010466060964e-06,-2.69310611659882e-06,1.07762878897426e-06,-1.46453444825929e-06,3.19394948326087e-06,2.16055233277033e-06,-1.48558181880365e-05,1.42735028024202e-05,-6.92286724786446e-06,3.23486098065089e-06,1.94231347890714e-06
3.98754036403145e-06,-1.8961743897365e-06,-6.07420799413572e-06,9.8233915103352e-06,-6.97874829736405e-06,5.37933488329431e-06,-4.13353768437814e-06,-5.70174614440395e-06,6.02769364021924e-06,-1.11015638066827e-06,2.94469847336894e-06,4.8696749504399e-06,-2.27514281486051e-06,-1.03963987014576e-05,1.11442216339946e-05,1.20784289836009e-06,-1.15278545877863e-06,4.84429498061308e-06,-5.12483377271889e-06,9.87533892408333e-06,-1.29684598076263e-05,1.22131263406658e-05,-4.55249156805567e-07,3.07302524712307e-07,-2.90269307303487e-05,0.000155233581363114,-0.000142928803037474,1.84895664636477e-05,-1.89049276381702e-06,4.29141710934957e-06,-1.24579390164704e-05,1.33247829472936e-05,-1.37194686064601e-05,1.2832594523214e-05,-7.28515020997721e-06,-7.29788609659249e-06,6.74334876142454e-06,-2.85089582539746e-06,-2.24883375100329e-06,3.69477601970331e-06,-1.02788898629954e-05,7.79608988752634e-06,-2.21703076602913e-06,-2.23527045621854e-06,2.31492944219919e-06,6.53072870093152e-06,-1.05353668646684e-05,7.56096539973418e-06,-6.63617727177898e-06,-5.69488900944579e-06,7.14806558468392e-06,-2.72864533035012e-06,-2.06537375870164e-06,2.0510282448877e-06,2.66042580574312e-08,3.41410364020528e-06,-5.35335581217659e-06,1.98595153400545e-06,-4.04715616517266e-06,2.60821863891836e-06,-3.06898841674784e-06,3.52288701290321e-06,-2.18402361077815e-06,-1.36289088528754e-06
-7.76607069137112e-06,1.25710205153505e-05,-2.91770803344997e-07,-1.81124586902242e-05,1.74956935472489e-05,-8.73316488332082e-06,4.28698915601018e-06,3.80164289805939e-06,-1.3849926967284e-07,-1.23910228808894e-06,1.27567228664923e-06,-5.20084307426676e-06,-3.72825072216264e-06,1.14504022452889e-05,-4.32097409943024e-06,-5.08299767744326e-06,7.05530455126372e-06,-5.03477521634105e-07,2.3055682518403e-06,-2.87987497435292e-06,1.03532333192505e-05,-9.16600742404594e-06,2.00761339940974e-06,1.25687975356061e-06,-2.89913680717959e-05,0.000156192096074377,-0.000134879630032238,9.95766103323723e-06,6.81964818194958e-06,-3.90843147106825e-06,9.33882466993377e-07,-1.13031042600684e-05,1.00902507904682e-05,-1.74797539305667e-05,1.11541089262434e-05,-4.28242772822451e-06,-4.00078867955942e-06,2.74712606517039e-06,-2.48033719127345e-06,-4.41230678208456e-06,5.54349048962173e-06,-2.26600896064927e-06,-2.06477595724435e-06,-6.79174557661065e-07,1.28415954994436e-06,-9.05652977588434e-06,3.99189861181593e-06,-4.75415601325678e-06,6.94387060000094e-06,-1.5800842388578e-06,5.39273824588548e-06,-8.46378141225362e-06,5.36079260734477e-06,-8.15089053732647e-06,3.46204330604271e-06,-4.30109631272644e-06,6.91379836556836e-06,-6.01487506707052e-06,2.09236331687847e-06,5.09562368573991e-06,-8.84434306464494e-06,5.4625527425374e-06,-1.99380109196305e-06,1.31060601301382e-06
7.75634026651147e-06,-1.06612737757438e-05,1.34376228321955e-06,1.2701545520669e-05,-1.56535454399588e-05,7.90855646454993e-06,4.21818504119787e-06,-8.86896313151093e-06,-2.35550995296335e-06,7.62832396923825e-06,-5.88326518332736e-06,3.84244590968272e-06,8.04785851921393e-06,-5.94066741141751e-06,5.61845884119211e-06,-7.68034850878776e-08,-2.47816817253723e-06,3.18196444308138e-06,-2.41986862322916e-06,-1.67161231538591e-06,1.96657682459584e-06,1.02534244092139e-05,-8.06142084513655e-06,-6.7507445886399e-07,-2.74583379815117e-05,0.000163781271898212,-0.000151509148079409,2.90887692575858e-05,-3.25275813590449e-06,-2.18763051124404e-06,4.01197470149244e-07,-7.07867022237693e-07,-4.08664363183056e-06,8.5232082891367e-06,-1.03267145634649e-05,1.84484468614429e-06,3.53868133049596e-06,-6.3178961851512e-06,1.48181884243957e-06,1.97689526889401e-06,5.71366795313163e-07,-8.75074064374057e-06,3.25712660492075e-06,1.90564110435185e-06,-3.0945833560238e-06,1.07790937363962e-06,-1.51010389605363e-06,-2.44089917424182e-06,3.52993631670808e-06,4.64185139629056e-06,-1.23652155684165e-05,5.70272686481652e-06,-1.40050974841631e-06,7.18924178512216e-06,-5.75945848032275e-06,1.81762920887238e-06,-5.87412314047289e-06,5.02082382188838e-06,-8.6630871161877e-07,-1.81690515434378e-06,7.25382258274733e-06,-9.06480576920758e-06,4.92062464301778e-06,-5.05965649834817e-06
-4.38386149264822e-06,-2.81388151437925e-06,1.00831618008485e-05,-1.34469954260106e-05,1.57071908432024e-05,-8.51091947898578e-06,-7.93851788563893e-06,1.04501977029212e-05,2.17326436770017e-06,-9.85220985481371e-06,8.25786350349194e-06,-2.60922404444371e-07,-4.39830692932667e-06,-9.80584188481354e-07,2.34145985926163e-07,-1.96954599167592e-06,2.19459102053587e-06,-1.00372278205246e-06,6.60495891275042e-06,3.79205127869599e-06,-4.149523846861e-06,2.72565582510362e-06,2.8729339500071e-06,-2.38140952339021e-06,-2.90352787219843e-05,0.000145951032555678,-0.00012799866687542,1.34691065217907e-05,-3.29805849067886e-06,9.92096426717979e-07,-7.68018439236348e-07,1.91453278347061e-06,-5.32752659176597e-06,-3.11149905050722e-06,3.74750047297924e-06,-3.73183768954255e-07,-1.75456896334314e-06,2.90748930790886e-07,-1.65454029414641e-06,-3.03469112457651e-06,1.64724848508108e-06,4.29893168785338e-06,-4.459744271864e-06,-4.37547038589248e-06,4.13217627165514e-06,1.00732225763949e-08,3.89660557246603e-06,-2.31311254552014e-06,-6.06804638527808e-06,-3.86721949161781e-06,9.65012632606304e-06,-3.13501811818077e-06,-5.92941976546305e-07,-8.15435196250339e-06,1.03098366549122e-05,-3.86584498373011e-06,-1.78849999222343e-06,-4.75197903405555e-07,3.00151013304107e-06,-7.20735377741685e-07,-4.7365011730305e-07,-6.55309553135125e-09,-4.40999733127106e-06,9.3382381218856e-06
9.00082782122319e-06,-5.3116765320574e-06,-6.2793988549806e-06,1.16989245337218e-05,-1.38810301534869e-05,5.28951665802858e-06,4.00063600770836e-06,2.02530048723296e-06,-5.34219210750091e-06,6.22767490269692e-06,-7.1089174264348e-06,3.66477043687659e-06,-6.20958682732102e-07,6.45081266952756e-06,-7.83888090711395e-06,8.15850335002432e-06,-3.91897221437042e-08,-3.07513080447466e-07,-6.13136237411645e-06,2.51796744430023e-06,2.89858771335324e-06,-7.31167629257947e-06,1.22754821979213e-05,-4.27486452387328e-06,-1.77112157969487e-05,0.000127015020504607,-0.000111666356923412,5.28223455037155e-06,5.75146418903744e-06,-6.62943824421881e-06,2.60995896258007e-06,-8.42810604079597e-06,6.21115968910398e-06,-3.12190411697891e-06,-1.86614972103228e-06,-3.98325859459378e-06,1.85435612437714e-06,-5.05226049297826e-06,5.91641001860322e-06,4.85745147773337e-06,-1.52979052682369e-05,8.36575358966659e-06,-4.31377349528923e-07,-2.54235705071665e-06,2.44099264176036e-07,2.21169100734068e-07,-3.67060639547552e-06,7.65841333756891e-06,-3.45800738406871e-06,5.71031036873763e-07,-4.21856033508199e-06,-2.5666963943021e-08,-2.44050409415103e-06,1.30541026280205e-05,-1.0433485838537e-05,-2.25041994792249e-06,6.85781156396127e-06,-6.95196762604722e-06,2.51537494088746e-06,7.9173522206775e-08,-4.55482198017319e-06,2.75242919013481e-06,3.72922378316533e-06,-1.04594823176949e-05
-5.2837599464597e-06,9.48333863337966e-06,-1.5470251501012e-06,-9.23600720431474e-07,2.45466940690886e-06,2.11196557224458e-06,-3.70375248311399e-07,-6.3777235305886e-06,3.48152897498423e-06,2.88835415546975e-06,2.06287016383065e-07,-8.55058145592934e-06,6.42167110098082e-06,-1.65432690161424e-06,9.87186951949694e-06,-6.4258721853928e-06,-1.13830120399218e-06,-4.99640469338518e-07,8.66522437565676e-06,2.00442125511127e-06,-6.39178382146492e-06,7.21916396738058e-06,-7.75195511443683e-06,5.19512891463347e-06,-3.18960728855949e-05,0.000149287940311411,-0.000137021375523419,3.23085824944074e-05,-1.43647154100164e-05,9.82349671182744e-06,-8.40161960774022e-06,4.48477053100923e-06,-4.22522306703597e-06,1.24442448385379e-06,7.6858283632568e-07,-1.36645850557056e-06,-6.00814804432686e-06,8.48969031725912e-06,-9.87276948193384e-06,2.21682215718922e-06,6.73540916627114e-06,-1.24376883228728e-05,1.57414027238366e-06,6.0182736086904e-06,-7.15491462512974e-06,5.50543706470316e-06,-4.54468001982523e-06,-8.32299871790277e-06,4.47385048057902e-06,2.55913071899613e-06,2.10133053565274e-06,-1.24180301101419e-06,5.20405314890497e-06,-1.69028005444782e-05,5.10254818840804e-06,6.82253889140986e-06,-3.6347748968018e-06,6.79520767502352e-06,-3.19524679106176e-06,-6.93974758327194e-06,7.27699043133736e-06,7.16874211004655e-07,-3.95197375819119e-06,4.39908174285378e-06
-5.72437209675615e-06,-2.53551908913233e-06,2.61754692695562e-06,-5.03554073987705e-06,8.61092780586841e-06,-8.51887370487746e-06,5.92638907994638e-06,-3.4897641751202e-07,1.2221289361512e-06,-3.23894999142223e-06,3.88546990826098e-06,4.13567261988387e-06,-5.17627397811093e-06,6.10425993623139e-06,-1.28852349193743e-05,1.0331791267226e-05,-2.80311660196855e-06,5.81382525056847e-06,-7.0810730517566e-06,-2.86943570136271e-06,1.08632568030807e-05,-4.66209448709198e-06,3.61223239335251e-06,-5.92154159380377e-06,-1.65558025371582e-05,0.000122942255581071,-0.000113424889671764,8.66856563662943e-06,9.97386214197448e-06,-6.53498043338757e-06,-3.54056894573769e-06,1.75586701059691e-06,-2.91034269450694e-06,1.50233286519465e-06,-6.41485058049977e-06,5.22312539603229e-06,2.86485632378817e-06,-4.18500830428374e-06,-8.74960891023751e-08,-7.55652089063606e-06,5.89756362698086e-06,-3.48475433547688e-07,7.69891765975644e-06,-1.53196180552344e-05,9.14933137255927e-06,-8.65326321352812e-06,4.24466986428718e-06,6.88532824876656e-06,-1.50724648498573e-06,-5.53798605043309e-06,-7.16537522056966e-06,8.13492448435614e-06,-5.44250799528806e-06,1.21571310685223e-05,-5.72407890690756e-06,-4.39065280111781e-06,3.0506146741794e-06,-2.6770460745358e-06,-2.54726613762681e-06,3.98023169790356e-06,5.72271303063421e-07,-8.36510047457701e-06,5.47146828913304e-06,1.81022626667542e-06
4.02369525725908e-06,1.05526483659191e-06,-2.40341761311848e-06,-5.15253315312362e-07,1.78507444303809e-06,2.24427435845291e-06,-7.81446304647701e-06,2.64609980121722e-06,2.03575573749455e-06,-2.64668752332334e-06,4.197882209603e-06,-5.94687687522853e-06,6.6098319656187e-06,-8.28839906426363e-06,1.02731287445386e-05,-1.05074566965667e-05,8.75623063822911e-06,-4.18474635067595e-06,7.17878093552134e-06,1.52110894654953e-06,-1.81532502948182e-06,3.52048782223773e-06,-1.42028940647583e-06,5.94081292379499e-06,-3.15881608709268e-05,0.00013236463772062,-0.000112002725794571,1.14404416317812e-05,4.31957402700711e-07,-7.28434491993286e-06,6.84471080696451e-06,-5.31053947959097e-06,3.3402469927282e-06,-4.3665457384583e-06,5.17824120320635e-07,8.81860708550101e-07,-7.93365629613082e-06,1.74227220614475e-06,5.6834862502084e-06,-3.14995389759834e-06,-3.38088109458109e-06,3.12511530226079e-06,-1.17390353498116e-05,1.33536994081666e-05,-6.02620424104138e-06,2.74947246592766e-06,4.58821897936176e-06,-6.61977881003927e-06,-3.26902894106923e-06,1.68809134206649e-06,5.45531231488603e-06,-6.15805707526488e-06,-1.56605209842822e-06,2.49455462433756e-06,-5.51711095226554e-06,9.66591554310819e-06,-1.09574963855355e-05,2.73578179721516e-06,1.03601668677529e-07,1.21663674774318e-05,-1.13341326737997e-05,5.64563338264403e-06,-2.77654963308129e-06,8.29360487661265e-07
1.0032487190992e-05,-5.7968254102385e-06,2.05863059372248e-07,1.11777605062636e-05,-2.10197291599417e-05,1.61488921218809e-05,-6.16787250014032e-06,3.94644193531894e-06,-2.21103833696849e-06,4.61067340301869e-06,-1.08630723619713e-05,1.52242907717766e-05,-9.08752789563798e-06,5.05610339739759e-07,1.12777408535251e-06,1.17124927460036e-05,-7.72148513183904e-06,1.46524049135739e-06,-2.64135507988225e-06,-3.29694887227097e-07,1.39387187023902e-06,3.4426212978813e-06,-6.00172427236607e-06,4.25585130947237e-06,-1.80186871842511e-05,0.000114018118446783,-0.000103810452497311,1.32730708407208e-05,-8.34354393141179e-06,1.58089611435257e-05,-1.02214042282055e-05,-8.95064666049331e-07,-1.09420919794173e-06,-2.96277579366759e-06,4.99365439371395e-06,-8.78564611309173e-06,8.14693131699031e-06,-8.01160941142522e-06,1.59928765933675e-06,-1.24575110258481e-06,3.2002216449263e-06,-6.17444165398697e-06,7.6090860536766e-06,-6.8474282095037e-06,2.32630712345359e-06,-1.8365441739522e-06,-7.78784416048525e-06,4.6141248478452e-06,-2.03409017672976e-06,4.65912455407142e-06,3.27329509217246e-07,-3.71182760029048e-06,3.67226353762321e-06,-8.55429455387776e-06,9.58185203090087e-06,-8.68354675721707e-06,1.18193957596724e-05,-6.13559165712691e-06,5.51694731852132e-06,-1.61272996693113e-05,5.88556018075257e-06,3.9271665514036e-06,-4.98768268097762e-06,-5.64715460652674e-06
-1.0576699849858e-05,4.32272180904651e-06,3.34704899859824e-06,-7.99115257395997e-06,1.02420992327855e-05,-1.42256859290026e-05,1.24281758609355e-05,-2.61312156552962e-06,-3.01826354220391e-07,-7.08395967064994e-06,1.36312899363835e-05,-1.41040163684268e-05,4.61963064519762e-06,6.45653049345391e-06,8.94027499638349e-07,-1.30437495332101e-05,9.73349308502517e-06,-2.51513174114239e-06,5.54146816455377e-07,-2.80429963038704e-06,9.05313701868485e-06,-6.57968091735363e-06,8.59768979348765e-06,-5.42211446559255e-06,-2.48926426613531e-05,0.000129951325260586,-0.00011765495912803,1.26322082569125e-05,1.07353259580063e-05,-1.9320462250884e-05,1.20403731182907e-05,-4.31295884465215e-06,-3.43346618344589e-06,8.51462129114477e-06,-9.30837701354803e-06,1.94756117487447e-06,-6.48015736916641e-06,1.09644290025365e-05,-1.05960895993761e-05,7.48270307667592e-06,-5.83625442447855e-06,7.68885320602288e-06,-6.73337018877203e-06,-1.72272067830913e-06,-3.45421905405051e-07,3.19801810932227e-06,-1.98741887193389e-06,-1.97671178778609e-06,5.8088891165779e-06,-7.8661422321386e-06,-1.74241526687757e-06,6.46225465156634e-06,-3.2650744690374e-07,-4.25087485349772e-06,-1.71766355166141e-06,6.47344044520853e-07,1.8415886997287e-06,2.34243515142069e-06,-5.20742842864676e-06,6.4509557218247e-06,1.35833213732505e-06,-4.07861451669565e-06,9.71795792004228e-06,-2.40518197773403e-06
-3.13636997662942e-06,2.9276983225923e-06,-6.90277372682349e-06,2.99580086521762e-06,7.51542591221496e-06,-1.29687758991167e-06,-9.78269143317987e-06,6.2847473252839e-06,-2.7204301373288e-06,6.92896942940059e-06,-1.17973915675877e-05,1.07656051158424e-05,3.82747411844693e-06,-7.12168119632749e-06,-3.08752990928254e-07,1.12838492925558e-06,-9.93792947847474e-07,7.98057529339066e-06,-2.9465639304502e-06,6.79016706746768e-06,-3.00812793149023e-06,-3.99224991450565e-06,8.84993397744993e-06,-7.97290774387407e-06,-2.17334260808881e-05,0.00011498728458078,-9.64143905451801e-05,1.27105299196172e-05,-9.01579006927251e-06,1.21370318543901e-05,-1.30250102954668e-05,9.15986243197148e-06,-7.4275611969488e-06,-3.34386201901549e-06,3.18691932911701e-06,5.78907525690889e-06,-7.18678406724997e-06,8.33305377769296e-07,4.00034384264852e-06,-9.14757243591464e-06,1.65943676264788e-06,-2.78904351162065e-06,6.55785366830785e-07,3.40185210696043e-06,7.29277133714101e-07,-2.5790433525621e-06,-3.48587399215222e-07,2.38085869899472e-06,-3.93260551134242e-06,2.81772521284662e-06,3.7981021721859e-06,-1.22709824663961e-05,7.43621398803626e-06,-3.10795523641168e-06,1.20307595891407e-06,4.66212834665533e-06,-1.71553586049194e-05,9.72470006818609e-06,-2.7795621423998e-06,-1.55904594516028e-06,1.27986424057493e-06,1.68390579780907e-07,-5.24224835196976e-06,9.69628614509401e-06
7.02622873501604e-06,-6.20299523945678e-06,4.19928128582088e-06,5.2355881957483e-06,-1.42034295752278e-05,1.05035374121972e-05,6.17976942864362e-06,-7.69717782575869e-06,6.25999829649904e-06,-6.53652240647049e-06,8.42869980374892e-06,-7.40712243622231e-06,-5.95667531087952e-06,8.95511477444638e-06,4.45184089325662e-06,-1.99340294160303e-06,4.4920615991455e-06,-1.17369846869563e-05,6.51844015559562e-06,-3.46410847569469e-07,-7.42058708743787e-06,1.43699348288813e-05,-1.11625410103882e-05,7.10958986748947e-06,-1.48059504190373e-05,0.000107178833823195,-0.000105706126772467,2.03354135007337e-05,-8.32554529328352e-07,-4.55636772651085e-06,4.56079750859091e-07,4.59066315405111e-06,-5.91145982567197e-06,6.02561266578409e-07,-2.03032329095204e-06,-5.05872927953032e-06,8.31093946870241e-06,-1.10528299218648e-05,1.19171404081876e-07,6.86079566299132e-06,2.34737752538256e-06,-7.45919000589802e-06,4.58998089759123e-06,-2.33695198298113e-06,-3.29653286742029e-06,7.42239257744445e-06,-8.15046832174612e-06,-9.5179942910893e-07,5.20075868607025e-06,3.17325459227454e-07,-9.16688707919298e-06,1.48811677001706e-05,-1.83839066568685e-05,1.37994247385784e-05,-5.88460083074732e-09,-9.20223084562296e-06,1.56603000200891e-05,-1.11356485465508e-05,7.25539916053513e-06,-3.14396401236646e-06,-6.23910228925113e-06,1.26877613400416e-05,-8.89599639690094e-06,-4.1936834114667e-06
-9.74634849999968e-06,4.4160681896184e-06,-3.52400389839111e-07,-4.44122506488282e-06,8.01674051720712e-06,-7.23799446445281e-06,2.83850396795934e-06,3.43451490295068e-07,-6.64382510671653e-06,5.86174301112113e-06,3.55437343243185e-06,1.84560218404032e-06,-2.43584985975197e-07,-3.77547065565205e-06,-8.46965350227467e-06,1.28055293836457e-05,-1.52404772048088e-05,1.46776386057656e-05,-1.7844224825633e-06,-6.50984616782724e-07,5.84338578774588e-06,-1.94114992899669e-06,2.92938237534836e-06,-4.08459712407093e-06,-2.40800865038163e-05,0.00012502587192582,-0.000106659883260565,3.70937082937271e-06,7.33266872953583e-06,-6.60174895437993e-06,2.48521448980533e-06,-1.2835954505156e-05,1.6628124549555e-05,-1.28440159177817e-05,8.61020132359078e-06,-4.84700923801892e-06,-2.88187115666776e-07,-2.2952895434588e-07,3.96398113573884e-06,-9.55655932898133e-06,8.02170915877658e-07,4.0118160682868e-06,-3.11876264474121e-06,-1.75216244967045e-06,9.76557009897554e-07,-9.29562796847327e-06,1.18971644305544e-05,-3.72073200178707e-07,-7.89591656755056e-06,4.58320064652331e-06,8.71749576440833e-09,-7.80056510073716e-06,1.34860271966144e-05,-8.33512483151961e-06,-1.72782508793423e-06,8.76885593993385e-06,-7.69588478125995e-06,2.95170181632597e-06,-3.87075138923912e-06,8.01777346369537e-06,-2.85724138283358e-06,-1.12635018916371e-05,6.86958957581383e-06,7.38421547202068e-06
1.30693005516512e-05,-3.68234718238944e-06,-8.85217312167163e-07,1.03709916290313e-06,9.03622876173098e-07,1.04216381329798e-06,-5.43246044175171e-06,1.83299672751917e-06,-8.70879996289821e-07,4.88867823034267e-06,-7.98440151432542e-06,5.58768073288163e-06,1.34632549093871e-06,3.36152137719496e-06,2.3625910749819e-06,-9.83555763031666e-06,1.23804189186562e-05,-5.05279375692981e-06,-4.04064912358328e-06,6.4098097232352e-06,-6.49311672137348e-07,-3.25149228714144e-06,1.14525190898729e-06,4.10150885925539e-06,-2.62995265550748e-05,0.000117810061459192,-0.000102113634560008,1.52626730133559e-05,-1.29677601936868e-06,3.08471126519071e-06,-3.48492424286168e-06,2.00012634737968e-06,-7.5169681739601e-06,7.85504951687156e-06,-7.81489073316431e-06,4.38534032597708e-07,1.04754490327447e-06,2.81890949650962e-06,-5.81309419625208e-06,7.07830680336067e-06,-8.12724593793236e-06,4.92982569319984e-07,1.22840662884514e-06,-1.45188489473337e-06,-1.1904852660019e-06,4.06113407247133e-06,-2.21879221505493e-06,-3.04705402096504e-06,3.01218024022675e-06,-1.21475217396574e-06,1.41111763415591e-06,-6.43629768428954e-07,-1.96726585250182e-06,1.59432946381375e-07,-1.03357356398411e-06,-6.27595395683662e-06,4.71495363179691e-06,2.40057836330578e-06,-1.69324892089081e-06,-6.26565407073433e-06,1.25571253361151e-05,-4.53173827660523e-06,5.89548440004544e-06,-1.31178040102541e-05
-1.78964626670766e-06,-3.10248186362053e-06,4.81942391339104e-06,-7.73234859862434e-06,6.32330449314022e-06,-7.2347593357831e-06,6.03263129808641e-06,4.40637000267882e-06,3.44790598547788e-06,-8.57698825861694e-06,2.27830910959986e-06,-1.41940146384178e-06,-2.38565190086197e-06,6.00111925430745e-07,2.42819682607457e-06,3.51307346585804e-06,-3.2758412135719e-06,4.64142573706461e-06,2.83626019028064e-06,-7.62980791036668e-06,3.65870438861672e-06,1.32098835453408e-06,5.4186864640431e-06,-7.40545230091807e-06,-1.42866615283651e-05,0.000110254281232959,-9.90798088283859e-05,8.91126947745988e-06,-4.33580159495188e-07,-1.7131076609979e-06,-1.58267194332149e-06,2.25824124634857e-07,-5.91808852680397e-06,2.06211447982613e-06,5.18613425156831e-07,-4.521736811621e-06,1.59748895828626e-07,-4.0484602340168e-06,1.07041278456165e-06,-3.37907249180696e-07,1.22526554586822e-06,8.66723656923317e-07,-2.89437417619858e-06,6.30573776371406e-06,-5.32247838912736e-06,4.67474067739425e-06,-4.39716545563536e-06,-9.09666081159029e-07,2.52967140277846e-06,3.23091274830383e-06,-1.03857524541966e-05,1.34953336603264e-05,-8.8507486890745e-06,2.20630110974189e-06,1.87187843026799e-06,3.85678709039241e-07,-2.7830369559095e-06,2.14894258084107e-06,-4.66074461013239e-06,6.10793016432479e-06,-5.91318415475613e-06,-1.47153106666758e-06,-4.15729608737267e-06,4.64219898843823e-06
-1.21463596981514e-06,5.28080147186866e-06,-8.16260259273832e-06,9.71982147623097e-06,-1.15688376685084e-05,1.12573050029273e-05,-6.82408002442485e-06,-5.68934891894116e-06,4.97858275710715e-06,1.02745108863914e-06,-1.50094652442264e-06,1.97116227731248e-07,4.82893945809393e-06,-2.50601896598142e-06,-5.72766275838189e-07,1.99964810549269e-06,1.73465362473531e-06,-3.81420236887157e-06,-5.97369218680901e-07,8.66560019196779e-06,-2.81286519256608e-06,1.86974841571072e-06,-4.50915781562621e-06,4.47329873429456e-06,-2.18083896337195e-05,0.000112596828887242,-9.88688650911467e-05,8.83913000578396e-06,8.70070155252137e-06,-8.27202865761859e-08,-5.53317021603679e-06,1.82953971527108e-06,2.3659413028241e-06,-4.45089783922086e-06,-7.31502313098483e-07,6.20038270298355e-06,-4.3395026613041e-06,2.58150822185118e-06,9.02698868915144e-07,-1.04492451563768e-05,7.19455467245996e-06,-5.81583761142183e-06,1.84217787111739e-06,-1.69187305873032e-06,1.63123726262615e-07,-5.89381730679018e-06,2.46473650498281e-06,7.09832950053067e-06,-1.05435037225737e-05,4.93509846975773e-07,9.59727236245016e-06,-1.41495590522096e-05,1.04511935484175e-05,-9.52970948590925e-06,3.45762482311607e-06,-1.85347574601489e-06,3.03327233653338e-06,-7.38110173331804e-06,6.64434708134743e-06,-3.43073176236424e-06,-1.86188491947908e-06,1.05372564146458e-05,-2.98998461921998e-06,-6.11823170966024e-07
2.20791338731153e-06,-3.39232415500064e-06,1.01901302843844e-05,-1.1604203509954e-05,9.93982120353481e-06,-9.04905760033106e-06,1.06468495309435e-05,-1.07306042620185e-06,-3.20082458523031e-06,3.40829794013586e-06,1.32474220549728e-06,-4.1094223179428e-06,6.20455401796621e-06,-1.84388969361337e-06,-2.86283069947765e-08,1.12812188563105e-06,-7.97259171661952e-06,5.38656006504689e-06,7.06102815124832e-06,-6.59192418223451e-06,1.50182175037067e-07,4.57939632620032e-07,5.70335656670156e-06,-2.90404912565356e-06,-1.99466566879238e-05,0.000108325548476545,-9.72370708913995e-05,1.42395668081293e-05,-1.03982432430033e-05,9.1326803336476e-07,3.46860986933134e-06,-8.84424915084818e-07,-4.43270678731149e-06,1.70516979463493e-06,-9.61461879882514e-07,-6.39572836442022e-06,-9.53489312945958e-09,2.25847086363892e-06,-7.89233127049131e-06,9.05838116240237e-06,-3.12540399442405e-06,-3.87005756927875e-06,5.27496151557417e-06,-3.67604714091895e-06,6.6106534004725e-06,-7.78779683178337e-06,5.07064585994968e-07,-6.35264313119555e-07,2.08856573966542e-06,-4.32169793014503e-06,1.78227657032974e-06,2.81057865231006e-06,-8.39844627168328e-06,1.59368593140118e-05,-9.13794673916332e-06,7.54604896156635e-07,-5.81419078490452e-07,6.0902410757659e-06,-1.99866613056483e-06,-2.47829238211094e-06,2.62459825771952e-06,-1.08976608070625e-05,1.25114480303678e-05,-6.55217051422344e-06
-7.92524874767989e-06,7.34867238243796e-06,-6.6717389135549e-06,7.10926072492932e-06,-6.15393223285438e-06,3.96736163940511e-06,-9.23690311128919e-06,7.36010676484519e-06,-3.1118881617209e-06,3.36317005447989e-06,1.9785848213706e-06,2.46223923550262e-06,-8.0407510913186e-06,2.42316459436595e-06,-2.15776057265106e-06,-1.31223831007401e-06,1.16212903725852e-05,3.0643445765136e-06,-1.30776703253186e-05,8.58357440327132e-06,3.30330887395852e-06,5.79608081695344e-06,-8.16306072411883e-06,4.65729686649683e-06,-2.15252735948714e-05,0.000113347987485554,-0.000109402160952162,2.16482462240473e-05,-2.78589079662588e-07,3.26534291369497e-07,-2.52565415932632e-06,-1.96137025416412e-07,-4.98209059765551e-06,-5.54822742376008e-07,5.7323327003483e-06,-1.86091025823535e-06,2.74643065543212e-06,-6.90999325835177e-06,1.39210667824673e-05,-1.36951485014131e-05,2.58997380281789e-06,7.81458851759648e-06,-1.27136573699286e-05,3.61912938182143e-06,-9.08069118901297e-06,1.35692440833045e-05,-3.7089075932374e-06,-5.72513309004961e-06,4.82747519807444e-06,4.85677108530992e-06,-6.7151650867554e-06,1.43697221599903e-06,5.59156552889356e-06,-1.25621398690446e-05,4.44535827358248e-06,4.48820261325577e-06,-1.17529682629463e-05,8.35639473569888e-06,-9.01803263074223e-06,5.0686334866961e-06,-6.84744065766173e-07,9.32271001047141e-06,-1.6838176703197e-05,1.28695046290076e-05
9.30268905505784e-06,-1.22571201466369e-05,4.86046493426258e-06,-1.65424282472912e-07,-1.37281420467635e-06,6.4561524579788e-06,1.26042192066156e-06,-9.26518046779795e-06,7.20052651519658e-06,-1.09560572990287e-05,3.24351761207643e-06,1.52037701761352e-06,-8.83827914741927e-07,6.02928230829559e-06,-9.94544217471467e-07,5.8871856443935e-06,-5.94660300426324e-06,-6.26847235610771e-06,1.59830583394356e-05,-3.57326523218236e-06,-3.84141633657797e-06,-2.4908436693915e-06,1.10185721513769e-05,-9.01995350895536e-06,-2.32512048657697e-05,0.000124870090174546,-0.000100896614399953,5.2558686302393e-06,2.55041277759181e-06,-9.73680283201581e-07,-2.95574635565897e-06,-1.8415607200019e-06,8.65813391441767e-06,-1.92360815282581e-06,-1.93252788860309e-05,1.61487200579186e-05,-8.06633860310228e-06,6.51746049298154e-06,-1.36344519856383e-05,1.34106984916624e-05,-7.45123531688905e-06,-1.88548471121913e-06,9.01492876008837e-06,-1.29977252095984e-05,1.25230615414133e-05,-1.37124309904849e-05,9.6582453263254e-06,-6.22999231455163e-07,-2.27180988961047e-06,-4.29782679953062e-06,7.57274067128031e-06,-4.41683761807729e-06,-2.9412141705656e-06,3.44128531233983e-06,2.39861066237853e-07,-5.90517229521208e-06,1.76570429389332e-05,-2.04794172926537e-05,2.31439329395823e-05,-1.51928833461165e-05,2.73431734033402e-06,-7.44635252494958e-06,1.0400611137143e-05,-9.07490349947693e-06
-1.47215938367876e-05,1.86823083048324e-05,-1.1030414070715e-05,-3.89007556044902e-07,8.84637116344987e-08,6.54517798146815e-06,-3.01819772418792e-06,8.55559572257996e-06,-1.00769481727919e-05,1.40810269950172e-05,-6.29983215311054e-06,-4.62729592037581e-06,8.81901585363448e-06,-6.87182225674736e-06,2.49793194526349e-06,3.53375011335162e-06,-7.36060037777772e-06,7.50713643222521e-06,-6.95205681422864e-06,4.2295903797014e-06,2.70262446772325e-06,-5.85472481257618e-07,-1.41786799005115e-06,1.01789555402903e-06,-1.18437884034016e-05,9.48262924854702e-05,-9.35856506506675e-05,1.55501974926744e-05,3.31979828113564e-06,-2.92458774620876e-06,-3.61607834613169e-06,-5.75911511787669e-07,-4.28751722803962e-06,2.39155515489769e-06,1.08846069585427e-05,-1.43844151723425e-05,5.79574043666113e-06,-1.12335793933313e-05,1.22165775840333e-05,-1.32385384479417e-05,1.24557079517744e-05,-7.21623489286694e-06,-4.77400764259723e-06,1.49642309451508e-05,-1.12248383140427e-05,1.10728167608612e-05,-1.45427982803055e-05,4.58435030280476e-06,8.79211979710218e-07,2.79276959097529e-06,-6.97330267013409e-06,1.13584124405263e-06,3.62080162926127e-06,-5.62839916377763e-07,1.51466036796813e-06,-1.80559774835727e-06,-4.67549199016486e-06,9.69985648490175e-06,-1.9692296140271e-05,1.65178338852746e-05,-3.44329388354724e-06,8.37069906834313e-06,-8.39710322744354e-06,1.00311986575455e-05
1.10717566088752e-05,-1.52824098214982e-05,1.07499198432544e-05,-5.111250574638e-06,4.16411205293555e-06,-1.28595406536693e-05,5.35756318972071e-06,-3.57128486427073e-06,8.22801357861593e-06,-6.83760857858337e-06,2.00995486660392e-06,8.41158603792561e-06,-1.01783174879178e-05,8.98780452870414e-06,-2.25631735901193e-06,-8.36711091509472e-06,1.7009851573884e-05,-6.65184684421915e-06,1.41071909413667e-07,-7.01486476318311e-06,9.83267624071295e-06,-2.22045622890091e-06,1.12114175584249e-06,9.071809206361e-07,-2.79640165103606e-05,0.000117497602989861,-9.79216788167863e-05,1.08273957392168e-05,-6.15380662176203e-06,-1.7222491745515e-06,7.57988418524927e-06,1.80638275055398e-09,3.61435696231836e-07,-3.8968577181669e-06,-7.78788785246831e-06,4.16358224597446e-06,-5.9295631908368e-07,7.96260027288892e-06,-5.21218710809892e-06,2.35861672758615e-06,-1.18453915396781e-05,1.14180387307002e-05,2.17325949358683e-06,-1.21590028148445e-05,6.66838723502343e-06,-5.41921902250097e-06,9.01537962741359e-06,-9.60954076891946e-06,1.06325848733225e-05,-1.19690840985496e-05,3.82082457560023e-06,2.17783833065673e-07,-1.87503254925908e-06,3.7906620321542e-06,3.21600446749913e-06,-3.41828464918887e-06,-8.26058889635012e-07,1.10830344917828e-07,4.15208704238261e-06,-5.46039097959621e-06,4.48147670369719e-06,-1.05340194256895e-05,4.74107994669651e-06,-2.69171448003373e-06
-7.38531368801616e-06,8.97007313763004e-06,-6.60330692990537e-06,1.09023733141494e-05,-1.65517761997275e-06,-3.34690449307148e-07,-4.83508983318341e-07,-2.12673672165088e-06,2.34531125758321e-06,-4.27064046093019e-06,1.07298266807863e-05,-1.47280387573504e-05,6.70973344182406e-06,-4.41619667706441e-06,2.8015878959965e-06,8.00659303939404e-06,-6.0189171835583e-06,-2.77024943515908e-06,3.62383588616614e-06,1.12676378961895e-05,-9.80077753284144e-06,9.12695454579606e-06,-1.44846011085559e-06,-8.99618681830298e-06,-3.0013266218383e-06,0.000103131172983606,-0.000104715416743471,1.63375635025705e-05,5.26999721093215e-07,4.31055335283214e-06,-1.0779353128271e-05,-4.05023753702325e-06,7.32814642681576e-07,1.6824015381805e-06,7.47182711321542e-06,-1.78934466875004e-06,-6.56787096261695e-06,3.94806533041302e-06,-9.59436546118268e-06,1.39182576358423e-05,-4.82497427971313e-06,-6.7900898078999e-06,6.01864865815935e-06,-2.43348239773516e-06,3.21951310719913e-06,-6.12613819384786e-06,3.32049129479399e-06,-1.82865136044041e-06,-3.05686300053331e-06,2.23813355165184e-07,6.01460613683851e-06,2.53127745960344e-06,-6.39204212956682e-06,-3.94170573466661e-06,-5.76560738690514e-06,1.13726831987334e-05,-6.66395638292741e-06,2.99672403164357e-06,2.45362098188008e-06,9.90944732210174e-08,-6.55851565131592e-06,5.56607974886117e-06,1.9961627111524e-06,-2.35632694162675e-06
6.72099666118553e-06,-4.77865773384727e-06,3.54752738102824e-06,-7.77560193013779e-06,2.48445471801586e-06,2.52441597887147e-06,-4.00563174541612e-06,1.28356148004382e-05,-1.42851768514308e-05,1.00383597594144e-05,-5.22864130573159e-06,6.44393472184846e-07,8.2981833206971e-06,-3.52223601647774e-06,1.48168928674462e-06,-5.12837296266162e-06,-1.17172859043807e-06,1.002555686973e-05,-6.05878971638586e-06,-4.24813436374159e-06,8.95747849350169e-06,-5.92731996322131e-06,1.55593512115586e-06,1.75208601800529e-06,-2.375157608855e-05,0.000111725877889897,-9.46553198447747e-05,1.26724085068362e-05,-5.49465669234074e-07,5.53326761735875e-07,-3.32324197140653e-06,9.19972282824231e-06,-3.51668004033933e-06,-7.19247472041087e-06,-7.86725061613553e-06,7.81773981235483e-06,7.60855779325954e-07,-7.88217556155867e-06,1.07885662284022e-05,-1.44250606752042e-05,9.8268021477928e-06,7.69278232500489e-07,-1.27863629102735e-05,1.55926925241043e-05,-1.35565986451687e-05,1.16478338608844e-05,-6.39493151804222e-06,5.76115403894499e-06,-7.32785875225944e-06,6.34211476050197e-06,-2.35978210755691e-07,-6.68042329335144e-06,1.89404876270205e-06,5.49092351205366e-06,7.58449528802917e-07,-8.05743255697407e-06,3.62490260036248e-06,-5.43348131275534e-08,1.58561021750429e-06,-3.79932414908407e-06,6.03384591885206e-06,2.75374523878022e-07,-6.26574553922627e-06,3.51628563013983e-06
-6.18336594142599e-06,2.442181659828e-06,-1.21316065512895e-06,-2.04414000478153e-06,2.82186879468907e-06,1.01046340085403e-06,6.49746214313523e-06,-1.90297553633333e-05,2.04423430693091e-05,-2.99431251766247e-06,-1.0291078143467e-05,1.33576094535568e-05,-5.23683955069182e-06,-2.7060594041112e-07,2.83335020291322e-06,-4.39724583015136e-06,1.48425712025503e-06,2.16539411266916e-06,2.84925456950363e-06,1.7531133525919e-07,-1.16714758440274e-06,-1.41153547911881e-06,3.94531858831219e-06,1.95505887404013e-06,-2.57863388771363e-05,0.000112968392867145,-9.35454613470058e-05,4.15835548732274e-06,6.41971019783836e-06,-9.28816362662736e-06,6.12268834964832e-06,-4.23591224971029e-06,-5.36223749989047e-06,7.95386004902334e-06,4.57263865011716e-06,-1.38643595372677e-05,6.29897531546412e-06,3.65373089507852e-06,-9.00431762878319e-06,6.03799071372876e-06,-3.35257197792318e-06,-2.22693536250458e-06,3.70626323904379e-06,-4.44317141130352e-06,-6.30357882450306e-07,1.06494517903203e-06,-7.70209560930187e-06,7.61962166329516e-06,1.79002087612728e-06,3.1009214231254e-06,-6.46063866179381e-06,1.66487864962254e-06,5.75687247153837e-06,-5.98881245831551e-06,1.33651610956928e-06,1.47908041916214e-06,1.13694647457986e-06,-4.50043163658377e-06,-1.44554809475868e-06,2.36036209176873e-06,-1.92258276519611e-06,3.08840237131943e-06,-2.07381386471513e-06,3.97011405832774e-06
9.20666500932305e-06,-6.77370937426651e-06,1.5971658187218e-06,9.4760271348426e-06,-6.09506428428659e-06,-4.24260367612926e-06,1.33195058011701e-07,1.14609616366794e-05,-1.56974113590811e-05,-3.34235963929894e-06,1.46658535417355e-05,-7.82890764918732e-06,-3.11388597693762e-06,-5.01740772520862e-07,7.63640496490757e-06,4.56479134760147e-06,-1.90743837802435e-06,-2.49761707648159e-06,1.59418689118533e-06,6.16729025499784e-07,-3.66526184967556e-06,9.52638429302627e-06,-6.41915165904674e-07,1.29051675045267e-06,-2.44000290227167e-05,0.000113572771599046,-0.000101079287445677,1.33354667429487e-05,1.90742627082857e-06,1.98504018034801e-06,-1.68222873983505e-06,-9.34501121168758e-06,1.41294436222839e-05,-1.6140643566723e-05,2.91015920410516e-06,1.10275023051638e-05,-1.18563365900678e-05,1.89121669951376e-06,6.03847604422013e-06,-1.04274888869266e-05,1.03481564705105e-06,5.56036343656233e-06,3.5075839676339e-07,-6.74691655364869e-06,8.48420658121841e-06,-6.43967105443029e-06,9.04008596402686e-06,-1.06450799517016e-05,2.10110249698921e-06,-4.54740886499264e-06,4.3088947391836e-06,-2.1478668085675e-06,-6.70354118784286e-07,1.46351909060416e-06,-1.79374353292843e-06,1.06808063025964e-06,-1.90551107066542e-06,6.2444481770998e-06,-8.3042380877888e-07,-3.75168138655375e-06,2.2749080643547e-06,-7.57828468661257e-06,8.78181867056924e-06,-6.19439914905535e-06
-8.7487563229261e-06,1.40036150400322e-05,-9.09355975105017e-06,-2.85516178127977e-07,6.76188154876918e-07,8.36130123780837e-06,-7.28073693357208e-06,1.44593725025588e-06,5.65415621877971e-06,5.18468015142175e-06,-8.43561574978286e-06,7.56085328892587e-06,-3.73091574194991e-06,9.3271564390682e-06,-8.4115405375085e-06,-4.481358668018e-06,6.27748367795259e-06,6.28757476843409e-09,-1.80295004894159e-06,7.44574861442077e-06,3.09469226089044e-06,-6.16114113910762e-06,2.09153906660002e-06,-3.20059522912728e-06,-1.21722745599981e-05,0.000110054098015001,-0.000104342436154302,1.59038592260104e-05,2.44492997035117e-07,-2.64895108335944e-06,-2.7967375840515e-06,6.48286716085397e-06,-9.61054371223452e-06,7.44773508100326e-06,-5.14794449777388e-06,-2.32916362671718e-06,2.04924396939126e-06,-6.71946502780151e-06,5.38067115638582e-06,8.17308981240214e-08,9.7285969066024e-06,-1.56143983185356e-05,1.55708991742336e-06,7.18713059010997e-06,-4.40180918935471e-06,-1.91745268828771e-06,2.59943949592871e-06,1.82700514410206e-06,-1.58458857911759e-06,4.7853052443256e-07,-4.41692424844013e-06,1.22103164354875e-05,-1.22309856771563e-05,4.35391582203889e-06,3.43123766247203e-06,-4.66490383496001e-06,-2.36609566648188e-06,1.04439967983414e-06,-2.08098348408826e-06,8.94791053946099e-06,-7.63934933032188e-06,4.11211963342017e-06,3.6416495827515e-07,-6.33239419474301e-07
1.36575688923534e-06,-2.27323673743931e-06,8.75780681533352e-06,-7.53934571605299e-06,6.57553215020127e-06,-1.07995946158183e-05,1.15126466566684e-05,-9.94226122218881e-06,1.0952452124048e-05,-6.56843297918682e-06,3.88600931494562e-07,7.23478124433196e-07,-5.66798239414085e-07,-4.82965717912242e-06,3.31875528802226e-06,3.81656713316225e-06,-2.70224930327797e-06,4.75035098826326e-06,-2.97716142169578e-06,-4.30909289974982e-06,5.85448312782312e-06,-1.55496805482949e-07,9.24894057007399e-07,7.46454085699975e-06,-3.00521600976865e-05,0.000112358238810099,-9.54168762427367e-05,1.20360138606258e-05,-8.7305255510511e-06,4.04314153441042e-06,2.77554129419471e-06,-2.79619299047358e-06,4.96479542733772e-07,1.32883901420391e-06,-4.35011562801276e-06,-1.06581978630286e-06,4.96346877225364e-06,8.96149784389124e-07,-4.03097431263273e-06,5.22596339217195e-06,-1.0356802240138e-05,9.81237449025371e-06,-5.97641313541883e-06,-2.40948879122955e-06,-2.34025421311011e-07,3.47188668191374e-06,-6.02120214464777e-06,1.73295347967944e-06,-4.39572424493786e-06,1.03343418744361e-05,-8.94954230279499e-06,-4.02014244630682e-06,1.3899489639668e-05,-1.18296426937143e-05,8.93780297391508e-08,9.60072341612735e-06,-6.82961560745874e-06,-4.37599145699897e-07,3.35872674561823e-06,4.73195905978983e-07,-8.24770076269151e-07,-3.44958483015436e-06,1.87599311638179e-06,-8.85929912916628e-07
8.96838296908046e-06,-9.86582673939344e-06,7.69876810107871e-06,-4.17806387365159e-06,1.13173543313128e-07,6.13885276734749e-06,-4.54556282798382e-06,2.74163901563134e-06,-1.35888345319636e-05,9.99674662908943e-06,4.10115252112198e-08,-8.10679440977002e-06,1.27307629291298e-05,-5.71718495803331e-07,-2.97269955730038e-06,3.95497525001613e-06,1.39106156999518e-06,-2.20067507962783e-06,4.34048968803754e-06,7.78596940199492e-07,-1.49305845397906e-07,5.58217186994808e-06,-5.36543709051343e-06,-2.90807255474403e-06,-1.92373208859919e-05,0.000114137566890874,-0.000100620798511833,1.66286259089932e-05,-4.81366304093211e-06,2.07875671088226e-06,5.44311810438371e-07,-7.04746146134777e-06,2.74553200401065e-06,-4.22835566298428e-06,5.257965277744e-06,-4.52815830177836e-06,-1.14184256070034e-06,-6.80699406936726e-07,9.27624587325497e-07,-3.77500892413226e-06,-6.57479462344419e-07,1.34893874555046e-06,2.14850406969961e-06,4.14567030506294e-08,2.41690146363983e-07,-4.23030516129204e-06,6.25107270466492e-06,-2.80409685930344e-06,5.6813495250965e-06,-1.37589734292527e-05,8.72703872428764e-06,1.84408571234331e-06,-1.06090375328521e-05,1.39667517600611e-05,-6.8652562559781e-06,-5.91592788995352e-06,8.94071134179126e-06,-3.52734009466866e-06,8.54302305634605e-07,-5.13298144722089e-06,2.86619155360931e-06,9.25654311635934e-06,-7.34971808416116e-06,-4.50417558965418e-06
-4.56542801045081e-06,1.53634306432838e-06,-7.53073649491166e-06,1.12322131163231e-05,-9.66640310900072e-06,9.98386082134223e-06,-1.187655440645e-05,7.97658892060077e-06,8.02295546813752e-06,-1.05667071716894e-05,9.44442002606078e-06,4.56989001317066e-06,-8.77200057197989e-06,2.79048176136957e-06,2.91288024341065e-06,-8.58638712985101e-07,-2.86781602127893e-06,-1.83078619659614e-09,3.36877799589474e-06,4.02894776046754e-06,-4.6811830647172e-06,5.40305916944158e-06,-8.86933330152047e-07,4.2435345169551e-08,-1.18845640511256e-05,0.000101679497847491,-9.40749112590783e-05,2.18213797099537e-06,1.36798028976924e-05,-8.38307225191926e-06,6.46799343680852e-07,6.49657273417114e-07,-6.94111957038619e-06,7.40543866611549e-06,-1.27631385529404e-06,4.8209349042805e-07,-6.61818922713303e-06,4.07112535763722e-06,-8.15827686952629e-06,1.08822659527912e-05,-2.67376341159394e-06,-3.8903441657875e-06,4.16657755152336e-06,-5.18195854075602e-06,1.19279344494244e-06,6.2860178926985e-06,-2.23788202332898e-06,-7.56587634621941e-06,-3.09018937638624e-06,1.58791614875118e-05,-9.51725693548996e-06,2.47173206855566e-07,7.48751296044106e-06,-1.2337693937319e-05,5.79397044700872e-06,5.07898278169939e-06,-4.91734172090806e-06,5.09408865173409e-07,-9.94699434952197e-07,4.45867377753032e-06,-3.52076041477271e-06,2.69587562527043e-06,-5.48638332437132e-06,1.04377484895721e-05
2.92082287794186e-06,-7.54928483517934e-08,2.10183864312207e-06,-5.53895244403648e-06,9.49778673342032e-06,-1.41035304720043e-05,1.29932119664675e-05,-1.29080335557671e-06,-7.47338558829914e-06,1.12433448547415e-05,-9.46065158525302e-06,-6.34502211368999e-06,1.5669710292941e-05,-1.12199956851117e-05,6.2818318911643e-06,-2.18731893788241e-06,-2.07766223885645e-08,2.53872083037342e-06,3.46290784260898e-06,1.97895156762041e-06,-2.46656024208738e-06,1.59203327594938e-06,8.58631085056612e-08,2.32431589518229e-08,-2.50145087500079e-05,0.00012081048446605,-0.000101963926053562,1.33872978356708e-05,-3.77265617142552e-06,3.2499221489406e-06,-6.20678114841877e-06,2.33310621776353e-06,4.52417118123539e-06,-5.72948648449617e-06,-8.51023012195739e-06,7.25832356387131e-06,5.0551585942566e-06,-9.99633312868395e-07,-3.85597999973673e-06,-4.3808022334047e-06,3.79320598613659e-06,-2.30575106445153e-06,-4.85020858454174e-06,9.97468596678173e-06,2.82348044869689e-06,-1.59099952590511e-05,5.70633939226337e-06,1.15421746809234e-05,-6.85886407069104e-06,-7.32506644560397e-06,7.30905048828849e-06,6.97398415214075e-07,-7.42043978897984e-06,7.58935363092805e-06,-2.89133519994592e-06,3.99935083275417e-06,-6.72070989553252e-06,7.66213981869533e-06,-5.70250418544914e-06,-3.27863739573177e-06,1.26221274036183e-05,-1.51601126541729e-05,1.08418252375641e-05,-5.4490804357278e-06
-2.88611535898858e-06,1.09015608100903e-05,-7.63949214521341e-06,6.74447020577681e-06,-7.63771681093466e-06,7.27232915296461e-06,2.16525229636936e-07,3.51021992527662e-06,2.99775248714496e-06,-9.23664132364444e-06,8.54154340620098e-06,4.57770190247518e-06,-1.07748236069488e-05,5.75309525602133e-06,9.70853610366401e-07,-3.8519873780724e-06,6.36513939364496e-06,-5.99977757775628e-07,-1.36683995851883e-06,-8.41779368388829e-06,1.75078602826198e-05,-9.45509309824983e-06,1.20056091236069e-05,-1.02040025054827e-05,-1.2413872769278e-05,0.000106506370118249,-0.000104005640891903,1.93422927818573e-05,2.49264197105513e-06,-4.30093981672413e-06,2.97274270250037e-06,-2.69593685555958e-06,-3.4741265122371e-06,-4.72513472128758e-07,4.32021308528881e-06,-4.84404995112473e-06,7.11398740603855e-07,-4.44586255660875e-06,1.13948352586997e-05,-1.07294683662146e-05,-8.66995806047705e-07,1.01291354895167e-05,-3.60482235401087e-06,-8.64738436749874e-06,-4.09318341844369e-06,1.52118877768743e-05,-4.815785022058e-06,-5.62267224302626e-06,6.93815356717108e-06,-8.3162324249096e-07,-1.8848482249162e-06,4.60497824672067e-06,-6.18235184108378e-07,-1.2397169868203e-06,1.73637240482163e-06,-9.86229175516182e-06,1.4058906358613e-05,-9.27515483894736e-06,1.67058641382118e-06,5.52799443771306e-06,-4.76553831078454e-06,2.67395029287373e-06,-1.18149800868407e-06,-1.13609648835587e-06
1.52285534639595e-06,-1.11883926254164e-05,1.14168347694077e-05,-1.23279379369573e-05,1.37817170623408e-05,-8.25053287554979e-06,3.90537079403241e-06,-1.41686931707037e-05,1.16105546857925e-05,3.94822445248401e-06,-9.10212164067105e-06,4.40563982895717e-06,3.7021831259772e-06,-2.20571447342014e-06,-8.30043092694981e-07,1.02040543241533e-05,-7.02362217396234e-06,1.45095508948171e-06,2.77744019838075e-06,3.75789188507171e-06,-8.78736905930051e-06,7.73279621474908e-06,-4.91081329669192e-06,8.26307085766416e-06,-2.9117210147481e-05,0.000117457578622335,-0.000100469794579145,1.60123353117803e-05,-1.55450183995028e-05,1.36510386705059e-05,-5.56343064975197e-06,1.36007577094832e-06,-1.77385787278792e-06,1.45846873832911e-07,4.18022648119278e-07,1.21768757133123e-06,-1.21587510730044e-05,1.13210104383378e-05,-1.04629555013225e-05,9.0557926173884e-06,-2.40507826967294e-06,-2.60863371366368e-06,2.63130655848722e-06,-6.10121377216632e-07,6.7646427441886e-06,-1.02221945236944e-05,-5.39569142244097e-07,4.71372512258862e-07,4.98451606024299e-06,-9.94840567655194e-06,5.60570283727109e-06,-6.93432935614832e-06,3.94327965070296e-06,-2.9789173643903e-06,8.32646710910566e-07,1.07254490056373e-05,-1.38604334700329e-05,8.07023121214932e-06,4.42129629989032e-06,-5.10570272614008e-06,-3.27628360353664e-06,3.56710325496753e-06,3.27201242128004e-08,3.73836253796139e-06
-4.92263496672385e-06,1.10720823720634e-05,-9.93614310184982e-06,1.48186493510626e-05,-1.31001245521217e-05,6.90146704491984e-06,-3.67205520011816e-06,6.59729326454347e-06,-7.52850454283496e-06,1.92185952894802e-07,5.40332569755497e-06,-9.02581989806657e-07,-1.04038138941828e-06,7.04465255281834e-06,-4.19702731290188e-06,-6.22311085803355e-06,6.67733720249119e-06,1.6122475055826e-07,1.41399208983746e-06,5.26091778131207e-06,-7.01542701328078e-06,4.13011478074791e-06,2.53941897234585e-06,-5.53724053309152e-07,-1.59671611146741e-05,0.000113637332931107,-0.000102439022215172,5.67754691014509e-06,1.65549609896872e-05,-1.26951060020128e-05,3.7338428650591e-06,-9.18780546852336e-06,1.04587725826257e-05,-3.21598640729638e-06,-2.1526469455203e-06,-5.15458765446392e-06,1.84930078223154e-05,-1.22657810403604e-05,1.93081876922259e-06,-4.84425454359475e-06,7.79824973614826e-06,-7.15842441716646e-06,-2.2000992071502e-07,7.85861066157025e-06,-3.2831963768053e-06,-1.28577153087088e-06,2.00717122579208e-06,2.76443916155792e-06,-1.19871751774857e-05,1.51458521946133e-05,-3.06954489485443e-06,-5.46083950070735e-06,3.18526482186469e-06,1.54643184326963e-06,-2.75505014532191e-07,-8.73769873850828e-06,8.34089172808235e-06,-1.16706327630817e-06,-1.55201920889845e-06,-9.54225350580209e-06,1.25413471742683e-05,-9.43957415059097e-07,-8.11458106200792e-07,-1.98581671872055e-06
6.43057072459902e-06,-5.66349904026007e-06,1.54908253438782e-06,-5.15616932832505e-06,8.58810520039334e-06,8.97644218540399e-07,-3.25228904872682e-06,1.63926924675738e-06,4.39515079280647e-06,-5.50605777811312e-06,3.93571292590862e-06,4.88073419944631e-07,-4.25046582574575e-06,7.15364933268175e-06,-4.4568042484529e-06,4.76220008033526e-06,1.14571627547014e-06,1.33080073036838e-06,2.87207704560713e-06,-1.2075937785424e-05,1.33426391129668e-05,-3.36550801148286e-06,7.86719772724623e-06,-1.30206454180088e-05,-2.2140298358473e-05,0.000115125514382788,-9.88090314468598e-05,1.9913692904443e-05,-1.5247877946084e-05,6.35554671733035e-06,-3.97537290171421e-06,1.25952976272552e-05,-1.7104740291677e-05,6.89432124392661e-06,1.5281778574101e-06,-2.79804215371013e-06,-1.00364689395692e-05,5.97136123969747e-06,6.52422437912322e-06,-4.54218704860429e-06,-8.89124994023361e-07,3.94248722540614e-06,-5.58681819623515e-06,-1.32937082572706e-06,-1.92492433614366e-06,3.12314930247751e-06,-1.04314060817475e-06,-1.11037971083071e-06,4.27888235993197e-06,8.58140413158987e-07,-5.06282411979379e-06,3.2722042076758e-06,-2.05207985253911e-07,-1.1785320637315e-06,1.58316984314986e-06,2.42993103670289e-06,4.55824696802698e-08,-4.39222107365135e-06,2.54876737015213e-06,6.87393239596202e-06,-6.43726548167299e-06,1.72038388957751e-06,-6.41582173874696e-06,2.2895053434385e-06
-3.44958563960888e-06,2.20588986532723e-06,2.72076286859363e-06,1.26403538505491e-06,-2.77365957281613e-06,-7.5297245908069e-06,7.57458232893321e-06,2.34914723471657e-06,-4.25337798697853e-06,8.50160610410767e-06,-8.8637316871562e-06,3.502918861727e-06,8.63823382803164e-06,-1.51868490473178e-05,8.24024586970602e-06,1.81749067715988e-06,-3.49781904528977e-06,-4.14269204518252e-06,4.92286051340246e-06,5.39641176940043e-06,-3.02985068725352e-06,5.76120219077424e-06,-1.34473865075098e-05,1.73066531047217e-05,-1.90099957595992e-05,0.000116287520956942,-0.0001095535685584,1.16962593590872e-05,5.25392675971839e-06,3.14371259456023e-07,-6.45667625442814e-07,-1.11779649225749e-05,8.43529591047085e-06,-4.12971547936006e-06,-1.04526867460131e-06,6.73277489244421e-06,-3.5944761345811e-06,-4.50348607915448e-06,-5.07391352101808e-06,9.57830298146196e-06,-1.32744562560813e-05,1.38656207228051e-05,-7.73485177829686e-06,6.11101592573262e-07,-1.82981982410099e-06,2.48759112137293e-06,-1.07404792283314e-06,7.4562982609994e-08,-8.76497898250981e-07,-7.59317953338571e-07,1.1716049412232e-06,4.98207295848644e-06,-2.44038028430633e-06,5.30878096214157e-06,-6.82713058049279e-06,-1.29368230927513e-06,5.73584783687718e-06,-1.51411338533184e-06,-6.28419989734744e-06,1.00174119310539e-05,-3.63523988332222e-06,1.02535164328745e-06,6.00657088845146e-06,-2.20413236380781e-06
7.76753723237166e-06,-3.36568608442013e-06,-1.07400574065354e-06,-8.19036212409518e-07,9.47650368243767e-07,5.18545340096435e-06,9.32586364426663e-07,-5.91510893448991e-07,5.51032428117559e-07,1.35781094183188e-06,2.7332882844499e-06,1.2162560389584e-06,-6.07613418503782e-06,1.87931046319011e-06,7.16093786886839e-06,-3.97235482785524e-06,5.02478853503057e-07,1.08481417631985e-05,-1.30663816196563e-05,9.34482676374326e-06,-9.7618312444433e-07,-1.05453207691743e-07,5.57221155131647e-06,-8.70780103429243e-06,-1.70727208180749e-05,0.000115372281232146,-0.000108785217314879,1.53503294111532e-05,7.29591607335389e-06,-1.00250232361043e-05,7.12286914577241e-06,4.04267794277103e-06,-4.48697306142378e-06,-3.49229136642966e-06,2.94408816753576e-07,3.62903903719895e-06,-6.66955962392447e-06,4.79375213727456e-06,6.20685287707736e-06,-1.16425557428111e-05,1.48232034594856e-05,-2.02257138371952e-05,1.40660469958286e-05,-4.67596832196546e-06,7.58924348171032e-06,-7.75894236886393e-06,4.3461693615123e-06,-2.19074558741199e-06,-1.41300417877353e-06,3.35856779439859e-06,-4.3639327001917e-06,-4.98471701538199e-06,3.33295442488891e-06,-4.74093318982447e-06,3.63525068054746e-06,5.28922450595132e-06,-7.1057053911373e-06,-2.58826177291591e-07,8.63764464181326e-06,-5.95145053881009e-06,-5.37591264863777e-07,1.27339638100827e-06,-3.15932369861702e-06,1.1695180166171e-06
-4.49285866735542e-06,5.32528163295894e-06,-2.19825771432843e-06,6.01672995656776e-06,-5.91005470192851e-06,1.91386325196863e-07,-4.09159526256963e-07,-4.07082947425003e-06,6.36943900789217e-06,-7.85255560466208e-06,6.68717491491803e-06,-3.99339515757762e-06,2.57413935201175e-06,8.55194908499083e-06,-1.02905285113383e-05,4.20716081998516e-06,1.06054685782027e-05,-1.06020260596646e-05,5.05620126027153e-06,3.16763422137948e-06,6.27883779293234e-06,-6.56637103454992e-06,3.84920048381806e-06,-3.69323015476621e-07,-2.24605500696954e-05,0.000120026237141661,-9.9414433383647e-05,1.09109162862361e-05,-2.41924108126704e-06,1.59689055341686e-06,-4.30712174758501e-06,-5.06266209357371e-06,-3.28262771983435e-07,7.08240928638545e-06,-4.58301191607794e-06,-7.2238446359703e-06,1.0708256385581e-05,-5.07938817500953e-06,-8.62225188579748e-06,7.83632430203176e-06,-1.07654133318357e-05,1.56537329500369e-05,-9.21269235762128e-06,5.42280991557244e-06,-7.6223640650463e-06,3.83007314897535e-06,-1.21716012846808e-06,2.44596548389904e-06,1.78049084895016e-06,-5.39336028901664e-06,6.36809660414695e-06,9.32074272502973e-07,-5.76271348309151e-06,7.05778500517851e-06,-3.14349284577539e-06,-1.66597644552683e-06,-3.27214124477665e-06,1.29735472193576e-05,-1.0996813967033e-05,-3.95235460263401e-07,7.78531953358641e-06,-5.10993034909701e-06,5.67913691005937e-06,-3.72493588644385e-06
4.21167792834402e-06,-4.99394956402941e-06,4.87098723736553e-06,-9.69700885184082e-06,1.43555851728969e-05,-3.11056963677921e-06,-2.82556322406147e-07,6.50747944855181e-06,-5.81834238580147e-06,3.19398989827623e-06,-7.64513574201201e-07,1.79068059163614e-07,9.27082949566979e-07,-2.04294490946339e-06,3.84954748614771e-06,9.13156292036726e-08,-2.51920314546229e-06,9.23698236090283e-06,-5.81223877140512e-06,-3.68006708156708e-07,-3.10866606396475e-06,6.35193327705171e-06,4.91927707652641e-06,-2.14951623543056e-06,-2.22360677624103e-05,0.000116230871432683,-9.89907115522145e-05,1.36988615392774e-05,-8.19675550033911e-06,3.19154656712479e-06,-5.78473769295732e-07,4.17258284310714e-06,-1.03352811832741e-06,-4.40709785341041e-06,1.41406142884369e-06,-2.14699312179891e-07,-2.36814924137906e-06,-2.43305945116656e-06,5.40761065379965e-06,-4.8442351189823e-07,3.01140136690125e-06,-5.82363592870623e-06,5.92504416041215e-06,-7.3908853429906e-06,5.69812230620078e-06,-2.08148366645339e-08,-2.13173244115175e-06,2.85928077188893e-06,1.99240411545787e-07,-6.01930573874439e-06,7.79259074373667e-06,-6.02931203731443e-06,2.04575509853478e-06,8.8246844737968e-07,4.25575231993009e-06,-2.35920149214873e-06,8.11082859504661e-06,-1.41330680499351e-05,6.44387445837085e-06,5.64490074654955e-06,-6.46262685904058e-06,3.40843157035114e-06,-3.46482385454852e-06,3.51921973149666e-06
-1.03877611515494e-05,9.93039686386056e-06,-6.41219241740275e-06,1.27213126985177e-05,-1.12304534504219e-05,9.66237073442101e-07,8.09784963250218e-07,-9.47621288651554e-07,-8.79266482494427e-07,8.29095047265499e-06,-6.41841997359856e-06,5.23530261767042e-06,4.11582674977269e-06,-4.69591804184604e-06,1.73052470716471e-06,8.79657594533866e-07,-2.96641923913506e-06,-5.65334894439649e-07,1.42089393367456e-05,-9.87730882472248e-06,4.53775648153718e-06,4.00835443740323e-06,-8.68646930389836e-06,1.06993331931205e-05,-2.53683492386298e-05,0.000120641472318672,-0.000114677898567176,8.22616826491636e-06,1.20256391298834e-05,-1.13846687893311e-06,-1.90067577676937e-06,-3.04127498602657e-06,1.77233875535897e-06,-6.58670155740666e-06,6.41852966766297e-06,-2.29219433687056e-06,-2.39201860854328e-06,7.4995328573335e-06,-7.97421300283514e-06,-3.02722751811455e-08,2.09019094284838e-06,-5.85332990256824e-06,-2.85182394234276e-06,7.28369931978025e-06,-5.6381761892231e-06,3.32429782479958e-06,4.16104624427702e-06,-8.13424033343589e-06,-1.9635252180989e-07,1.36229906525275e-05,-1.19360428270691e-05,4.20139638574777e-06,4.42892034556589e-06,-6.22818312997739e-06,-3.13847159467405e-06,2.19807065608215e-06,-5.68408444399377e-07,4.6355634770675e-06,9.9739695655915e-07,-5.46812264391792e-06,4.17173210665206e-06,-6.44560082036251e-07,2.46565771442413e-07,4.97097509836654e-06
1.06616937401044e-05,-1.0927470235064e-05,9.30204209396432e-06,-1.55348423545306e-05,6.17734715925265e-06,1.14861012060506e-05,-7.55265338070821e-06,4.49432614922576e-07,3.57562015526556e-06,-4.30289707014361e-06,7.89755833831553e-06,-9.44458969614996e-06,2.35593757043787e-07,5.07645828423229e-06,2.6009683512959e-06,-2.6558599430324e-06,3.53286288795161e-06,7.31913056945049e-08,-4.24208217828226e-06,8.83649535607495e-06,-2.16602165464583e-06,-2.36563010471236e-06,6.76849430756723e-06,-9.48291858728301e-06,-1.36977357907669e-05,0.000117055694978526,-9.60658976013741e-05,1.01393714683902e-05,-6.87726061690721e-06,2.46569760578762e-06,1.89682164740939e-06,-2.18005720287359e-07,-3.56998417229241e-06,6.16617764032809e-06,-8.87778353046767e-06,5.73119384475231e-06,5.11067511049402e-07,-1.01144784255329e-05,1.47802816250735e-05,-5.6171478850377e-06,-3.78435159075114e-06,1.10267161742692e-05,-4.06596753182972e-06,-2.97246948564497e-06,5.97181602583723e-06,-2.35521858768315e-06,-6.91856128517313e-06,7.97033196148832e-06,1.99754195718468e-06,-1.22900072042236e-05,4.81014107057493e-06,4.93313311589009e-06,-3.53318159240951e-06,1.85064773085047e-06,1.51050540056242e-06,-2.40363893547991e-06,8.46872535757536e-06,-9.89377558211365e-06,-8.49587736740595e-07,4.48671879851345e-06,-2.07768054330648e-06,5.4171306029145e-06,-3.79578294773983e-06,-2.55819310063968e-06
-1.02985361353427e-06,4.35926484892893e-06,-1.03011356836369e-05,1.53058433468795e-05,-6.82341012863594e-06,-4.93669627082261e-06,3.56461864226665e-06,6.66512720313965e-06,-3.05220187660064e-06,-5.8515513093441e-07,-4.33734181191093e-06,1.49035123498159e-05,-2.33855040208295e-06,-5.19318957305486e-06,4.18341057396263e-06,-5.17472142225525e-07,2.41942454411614e-06,3.84074389407011e-07,3.98184400526093e-07,2.42230795231568e-06,2.02580381418445e-06,2.40316366874672e-06,-4.96074575876753e-07,5.46616797115273e-06,-2.67754344619356e-05,0.000121078146348816,-0.000109257582258336,2.12517484113526e-05,3.78753957591326e-07,-3.57012036230136e-06,-3.60080785734431e-06,3.92382405046069e-06,-7.83389883067781e-06,1.5580760649406e-06,8.25010628255199e-06,-1.12498901102084e-05,3.99135094474812e-06,5.423909765624e-06,-9.73766654162089e-06,4.0430705888127e-06,4.86237194682403e-06,-1.75994016418091e-05,9.78022530986421e-06,4.24451967705461e-06,-3.25756561576847e-06,-3.73017920242459e-06,5.7371653613303e-06,-2.44753790103277e-06,-4.73657736688478e-06,9.44022115924249e-06,-1.31634954234738e-06,1.8791893611851e-06,-5.5187696313312e-06,-2.94853114961791e-07,9.60374008052437e-06,-4.49753943558757e-06,-1.05810228184124e-05,1.14764360812131e-05,2.28545857164916e-06,-2.57922811282974e-06,1.98592871973032e-06,-5.83648283196544e-06,7.36328610937703e-06,-2.18380047981117e-06
-5.84139053409659e-06,5.38243063480348e-06,7.56547600716086e-06,-9.67230435571299e-06,7.58509968621431e-06,4.09627616468963e-07,4.46206623883739e-06,-6.50954303915929e-06,-4.96813261162549e-06,1.02469500249152e-05,4.27110892897243e-06,-1.47414455736521e-05,2.92023578541745e-06,1.12882066074381e-05,-6.59829350260416e-06,7.8976938671667e-06,-5.2719826867232e-06,6.00490601232673e-06,-1.95045715924659e-06,6.28033741772718e-08,5.75105509319771e-07,5.9741989720007e-06,-5.70496122265596e-07,-2.77792649840325e-06,-2.12866728945105e-05,0.000130716962193701,-0.000118821027353504,1.353288163113e-05,3.13298852773843e-06,-2.43375061948124e-06,1.11631922805559e-06,-6.79940200575513e-06,1.46150822107711e-05,-1.15298874728927e-05,-2.90013841703809e-06,1.02138344738594e-05,-8.33164040175024e-06,-5.16776166428732e-06,9.81269641183637e-06,-6.21984207919765e-06,-2.01951610921468e-06,1.55388734854979e-05,-9.84424083674535e-06,-1.66791456049655e-06,-2.00546069627597e-06,8.66515717238573e-07,2.22936654730142e-06,-1.41031700753303e-06,-2.01489783547232e-06,2.51146957073158e-06,3.15230077087e-06,-1.49891994249191e-05,1.34811410746218e-05,2.92419006422692e-07,-1.20690558852404e-05,1.17372261241544e-05,7.90776235212462e-07,-9.60714418600976e-07,-8.01702125755672e-06,7.77830972533619e-06,-5.313279231333e-06,6.16775387014592e-06,-5.39328244760341e-06,7.30487288549837e-06
5.48193395478718e-06,-4.32630055289585e-06,3.22218170665474e-06,4.18126220298391e-06,-7.64142605931461e-06,6.12894841877331e-06,-8.08744199894844e-06,6.66074032874399e-06,8.34286714173773e-06,-1.02675159965392e-05,5.13706581577633e-06,3.81696624187968e-06,6.0394670688981e-06,-9.61642302598235e-06,2.59432550848496e-06,-4.09921084996017e-06,4.37858254030812e-06,-4.1937257832947e-07,1.56524032667333e-06,5.11757902540266e-06,-2.66150217414222e-06,-5.91788912830144e-06,7.94004428640922e-06,2.80432559300496e-07,-2.16251162174567e-05,0.000119493771496738,-0.000103865001553436,1.02438365944044e-05,2.11547758510479e-06,1.86057631448882e-06,-5.51405215880936e-06,5.4670072130495e-06,-1.06318360353881e-05,9.24324326733749e-06,-3.65350296313682e-06,-3.40582942549151e-06,1.9292707363825e-06,1.5010912027905e-05,-1.72662954639712e-05,5.5648240728831e-06,-2.30326942973374e-06,-3.25882140962565e-06,2.09872577494473e-06,7.90043994023748e-07,2.8056920700426e-06,-2.83244355458951e-07,1.72205343422625e-06,-4.74566610448949e-06,1.13246740733528e-05,-1.43925111062359e-05,1.15041318051738e-06,1.56917026587438e-05,-1.41233056077164e-05,9.91798323039374e-06,-2.90198556235773e-06,-3.26621724405463e-06,1.19366002587775e-06,1.87678031532426e-06,8.55891393530507e-06,-8.47337900041027e-06,4.7368900105603e-06,-6.98418008638209e-06,5.39608086063522e-06,-6.19682909220762e-06
-1.04625220305112e-05,4.9675656210164e-06,1.62417520862602e-06,-9.77240143368207e-06,1.07388469314995e-05,-5.21876306822481e-06,3.59964579760215e-06,-8.70784573120166e-06,8.01177033607737e-06,3.7096751030599e-07,-6.91226536176859e-06,4.93983055201723e-06,-5.54400774327185e-06,6.79987399133211e-06,3.27293244316718e-06,-8.00965386606276e-07,6.69965687666926e-06,-3.05751767394067e-06,5.88792719560539e-06,-1.18979765506562e-05,1.15423494886768e-05,5.39540806068773e-06,-6.7801908189714e-06,4.64960926115416e-06,-2.21446497278204e-05,0.000123682935126032,-0.000112632500987014,1.90231746678365e-05,-1.9958297555782e-06,-1.53206332792736e-06,4.30007928812585e-06,-5.5535454182521e-06,3.49534835072885e-07,4.95041262404973e-07,-1.97902732409917e-06,-3.11411774340417e-07,6.39694217729445e-06,-2.00637192027627e-05,1.81493872165572e-05,-7.6228890718493e-06,7.66215245582846e-06,-2.38387389513432e-06,2.20117887600439e-06,-2.82318420281664e-06,-3.69576211265938e-07,1.84991724201356e-06,-1.11354103129149e-05,1.34777739713744e-05,-7.10759451179267e-06,5.91134806343529e-06,9.53393389565657e-07,-7.9467203397722e-06,7.37967271075115e-06,-9.81661348259916e-06,1.15546401767288e-05,-3.01804271829894e-06,2.07179822805877e-06,-3.45043407578256e-06,-8.52266911832173e-07,2.91957688524372e-06,-4.98958167487203e-07,7.39088428943467e-06,-1.18425704272573e-05,1.33318540973049e-05
6.34838831206561e-06,-1.20417549798089e-06,-1.7697130514384e-06,8.73011701205562e-06,-1.42639827774024e-06,2.0796230225278e-07,-5.80523797794446e-07,5.32139842046261e-06,-3.06389308684358e-06,2.77086465658772e-06,1.25298263692824e-07,4.13195723620935e-06,-6.95780089734979e-08,-1.36877397169103e-06,1.61006447660525e-06,2.07172457142758e-07,-3.1358646350057e-06,5.48315759851645e-07,6.55239160896365e-06,6.11599732497532e-06,-5.13833636634667e-06,-1.05191217526205e-06,7.87833463134972e-06,-5.41577589046021e-06,-2.33869052604481e-05,0.000127801149644275,-0.000112030820320969,1.23046931990872e-05,-2.78744355893012e-06,4.82401915435617e-06,-3.81857571201601e-06,-5.35857251356375e-08,5.78099108637003e-07,1.10657200432827e-06,-5.88682700624299e-07,4.16443562031534e-07,-5.80599232782167e-06,9.19928632060889e-06,-7.04211366163468e-06,4.01071397698123e-07,-1.47025167494373e-06,1.24314851689777e-06,-4.73801546687749e-06,-4.70178941082259e-06,8.39755898589536e-06,-1.28420310122612e-06,8.81848653701416e-06,-1.00406402407372e-05,-2.56473895369823e-06,5.73031820251199e-06,-1.94951664758998e-06,-3.27040692434055e-07,5.45202410120898e-06,-2.0486296717867e-06,-4.65819738159918e-06,4.20860264181544e-06,5.47534261030138e-07,2.59716489751485e-06,-8.6989883405204e-06,9.18614268385228e-06,-6.09230988992539e-06,3.79897101838363e-06,8.34498774407545e-06,-9.84446901224418e-06
-1.88432492930174e-06,7.5841978998714e-06,-6.82549259936502e-06,4.13738822916173e-06,-6.25294398078776e-06,4.42237892858421e-06,1.32504214274782e-06,9.12190691842718e-06,-1.0993777284389e-05,3.93295560644742e-06,1.39804912538804e-06,-4.87152741705984e-06,5.35525550069678e-06,6.47157908624587e-06,-5.251885906977e-06,6.9200954124172e-08,1.69159532217651e-06,1.79153617919806e-06,-6.5955474615115e-06,1.33403023053515e-05,-1.00208670301468e-05,5.06707290490408e-06,4.40918348837959e-06,-7.60422474913318e-06,-1.96806195383673e-05,0.000138758413707878,-0.000119956701993835,1.24747949915491e-05,8.35867012086262e-06,-1.4019229265352e-05,6.08665664410157e-06,-5.10935725657334e-06,5.35428709714489e-06,-9.88099453217996e-06,5.5491957578042e-06,-1.94295466225402e-06,1.37429416091904e-06,-4.44426569179838e-06,3.31094873561226e-06,5.3816439433352e-06,-6.41321011466364e-06,9.14292190130279e-07,5.57065674086431e-06,1.0180049659142e-05,-9.37781712958921e-06,-1.80833873511178e-07,-8.83986594880778e-06,7.95477073764002e-06,4.50893792262431e-06,-3.85035303015297e-06,2.78430164134873e-07,1.15714927687544e-06,-4.77186393851272e-06,2.88660572993444e-06,1.0299784849846e-06,-2.18572845341967e-06,5.61441564592805e-06,-1.94476650595369e-06,2.05724192088011e-06,-5.16278537748257e-06,1.2534114907736e-05,-1.08847779046239e-05,-1.09014949230386e-06,7.04218799269036e-06
3.21560213836916e-06,-8.15059986665994e-06,5.59543459350321e-06,-1.93962467300233e-06,3.500767115981e-06,-2.81670784334635e-06,2.10514841006677e-06,-8.12426039869202e-06,7.54571867130971e-06,8.8240066543894e-07,2.6603120440754e-06,-1.29524818113996e-06,-1.41541654188414e-07,-2.86151598691058e-06,3.2486122422937e-06,7.23888511388943e-06,-2.14966732238662e-06,2.44830912109128e-06,2.95643774129939e-06,-7.30343480435895e-06,9.99165106771747e-06,2.89868849914031e-06,-7.59583250540884e-06,1.42893392477626e-05,-3.02206742154563e-05,0.000117537423499723,-0.000106854871183588,2.06310327143317e-05,-6.69898526739736e-06,1.12688946479969e-05,-1.08461364837174e-05,8.99794168278997e-06,-6.58368817529607e-06,-4.04395586260734e-07,5.92487181304147e-06,-3.01233510467484e-06,-8.46673337646879e-06,1.51437103804018e-05,-6.77129829931253e-06,-7.57506707519907e-06,4.6714240945723e-06,2.99325449974444e-06,-5.51110227418125e-06,-3.56521145558882e-06,6.50877242794806e-08,1.45509934044137e-06,1.170920559839e-05,-1.06980712021617e-05,3.00220575190495e-06,5.45949600516708e-06,-7.82355027484496e-06,8.80629406980011e-06,-7.38950260221113e-06,8.84526929291845e-06,-3.0420044884459e-06,-1.22261868989466e-06,-4.01181029148758e-06,-2.18143311659412e-06,1.38103829524351e-05,-8.93303823422453e-06,-5.1940351273805e-06,8.43245360487286e-06,-1.40471018609916e-06,-2.60207717071505e-06
6.8541305915677e-07,8.99269606937118e-07,4.61957200170758e-06,2.19419298051442e-06,-5.79199953547724e-06,6.0614135253764e-06,-3.06475390768907e-06,-1.63141853413568e-06,9.44439875080323e-06,-1.62539610530802e-06,-3.14548499772436e-06,6.27687586874099e-06,-9.456935299616e-06,1.1624493914655e-05,-2.70938855357034e-06,-1.7664522684782e-06,4.09173873030267e-06,6.1550495320827e-06,-3.18196547776047e-06,1.2074047744563e-06,2.33733565335196e-06,-5.67224566462888e-07,5.09412600233312e-06,-6.78795198393791e-06,-1.63446000307422e-05,0.000131972493225394,-0.000111327233052379,-4.29460968876564e-06,1.3838679342739e-05,-8.50171305423149e-06,6.36906148277879e-06,-6.59184353844571e-06,6.41137314346593e-07,3.16743322723996e-06,-8.16479497505222e-06,1.09512666565555e-06,8.28212154111372e-06,-9.68877438852296e-06,2.01856878091663e-06,1.14085488555572e-05,-9.89137205384401e-06,3.84571151612323e-07,2.70506145693406e-06,1.03068673046538e-06,-1.02050753596123e-06,1.31916408242075e-07,-6.61596349060303e-06,6.98108429150271e-06,2.57402037963677e-06,-1.42086325644206e-05,1.12383382818068e-05,-7.5259010398227e-06,1.05946076607154e-05,-1.17133373215081e-05,4.39419064275126e-06,1.26350251102739e-05,-1.15879335380982e-05,8.61443900912888e-06,-8.83183507248837e-06,6.88088801803683e-06,-2.1245855896851e-06,1.44215118450026e-06,-4.30447966729598e-06,1.78591706145251e-06
-5.7259368243599e-06,6.42192468911306e-06,-6.84717251469784e-06,-2.16657644152395e-06,8.29842318322305e-06,-2.08498466523473e-06,6.20877770908192e-06,4.30811806830881e-06,-5.79687425051723e-06,-3.60835449230376e-06,1.07777868454328e-05,-7.08821030480894e-06,1.30150713223752e-05,-1.30981222557152e-05,1.23771265557988e-05,-2.29671465620018e-06,-2.83732868846763e-06,1.69467899444145e-07,1.34628192125311e-06,9.05711094953787e-07,6.06739093732713e-06,-4.71592424519772e-07,1.07967619907377e-06,-1.73265949627435e-06,-2.41677640717019e-05,0.000133100719203641,-0.00011958251696393,2.73793839492e-05,-7.94018009808111e-06,3.5648674347435e-06,-4.31360105214235e-06,2.3004687926839e-06,-4.45475745872328e-07,2.77403649274922e-07,1.40516444128409e-06,-9.23469260087185e-06,6.97633386890376e-06,-4.06175084404504e-06,8.01327240032653e-06,-1.78543179138677e-05,1.68041115133874e-05,-6.50702294174731e-06,-8.38517908085898e-07,9.59592501673482e-07,-2.53240447223227e-06,1.0610725192716e-05,-2.18442240354949e-06,-9.93608491597902e-07,-5.98264659871674e-06,1.12447185103345e-05,-4.84762864378998e-06,-2.08520152010007e-07,1.92523539166022e-06,3.54449292691583e-06,-1.0186365982129e-06,-5.79770716795045e-06,8.12565623833819e-06,-3.88721230060732e-06,1.49753937703019e-06,1.24077198340976e-06,1.91460867097299e-06,5.11853891328994e-07,4.01690678783833e-06,5.65378973547008e-06
1.49376959660989e-05,-1.4257376195344e-05,1.63473386406644e-05,5.07406144102624e-07,-6.01784173401336e-06,3.16022772864703e-09,5.84274942764685e-07,-4.28182689948815e-07,4.44376922686042e-06,2.43250775937098e-06,-9.34750512915807e-06,1.18716646713128e-05,-8.5753959865848e-06,1.09456997079618e-05,-7.72754772019741e-06,1.6987938937811e-06,7.3252746302824e-06,-7.46057989033884e-06,1.0627197125738e-05,2.26471130213169e-06,-1.15606583565418e-05,1.08816233522922e-05,-7.8094948326039e-07,3.00338197551027e-06,-2.55945547040939e-05,0.000134212379098474,-0.000117195319864019,1.48112166488736e-05,-5.32193792338357e-07,-3.55838980882884e-06,2.03415961643971e-06,-3.07897187313426e-06,6.12841121915136e-06,-2.94836237168194e-06,-3.02164142173052e-06,1.70788415129915e-05,-1.4677230781141e-05,2.4964671953731e-06,-6.5618269381973e-06,1.43674857937031e-05,-1.28347978361172e-05,8.49856007742368e-06,-5.79400832964276e-06,-2.7746176842979e-06,9.98230774981585e-06,-1.23122902957025e-05,2.10040744655977e-06,3.84463971068685e-06,5.50698912875408e-06,-4.60501363154794e-06,-4.21566380897116e-06,1.17531634357883e-05,-1.06840184404581e-05,3.82983776254208e-08,3.84910137456537e-06,3.7114405668467e-06,-6.02453950613956e-06,-2.04867095519111e-06,8.49097568341196e-06,-7.59674789752316e-06,3.59170193636356e-06,-4.91513780935774e-06,7.10257170976957e-06,-1.36618941618623e-05
-1.30641695554162e-05,1.4005333041602e-05,-1.39135526029372e-05,1.44441267516355e-06,5.1809030616278e-06,-1.81095633538174e-06,-7.65716219858158e-07,4.78194686969054e-06,-5.56576228483325e-06,8.39216497840051e-07,1.37289153316254e-05,-1.44399468181042e-05,1.05504593740825e-05,-4.4814920752777e-06,9.25339266595153e-07,2.59735375794817e-06,1.31450264549842e-06,5.98597367833465e-06,-4.99844118598303e-06,1.07817990941175e-06,8.6976872562573e-06,4.94048635858689e-07,-3.92710286668197e-06,4.57766968411779e-06,-2.35121105041841e-05,0.000143159170475011,-0.000136096065254002,2.06024074473647e-05,-6.32316249545139e-07,8.90507121460849e-06,-1.28640243901611e-05,1.40329088099093e-05,-2.04890011922763e-05,8.73261086309332e-06,-1.86189722095884e-06,-7.8662636341648e-06,7.74597518659529e-06,1.93472058425852e-06,8.96845639047772e-07,-4.75618289972642e-06,3.36205298441308e-06,-4.80912786983417e-06,4.8739131774649e-06,2.81250148667221e-06,-8.43244299514854e-06,7.45859748000933e-06,-1.872564998499e-06,1.81764675946557e-06,-1.29333673821304e-05,1.31637929863638e-05,2.04177248177165e-06,-8.67712527017326e-06,8.23414273077122e-06,-1.52641346912223e-06,-2.77666667984135e-06,-3.76851117429537e-06,1.32662493118566e-05,-2.86555988181597e-06,-2.89378963333845e-06,4.98610332213933e-06,-3.88309954131847e-07,6.26787081109803e-06,-1.01631668707546e-05,1.51473596282922e-05
8.85767798184866e-06,-2.33856735853448e-06,7.69692909959805e-06,-7.15122265748302e-06,4.67386428573045e-06,7.46097915770762e-06,-1.91163639928863e-06,-3.89554971270111e-06,-3.52074829169867e-07,8.14523337743436e-06,-1.36181877891647e-05,1.21733319816265e-05,-1.08772411408456e-06,-5.68450277034973e-06,2.84551311695064e-06,9.03658406277943e-06,-5.29326838480859e-06,2.90725241233433e-06,6.90349851194288e-07,-1.94898307442309e-06,4.49064412212812e-06,-3.730908685095e-06,1.18224832985395e-05,-9.18169584072566e-06,-2.22712132415618e-05,0.000129943509841802,-0.000100746099719696,-2.2677308432431e-06,9.86779541364927e-06,-1.25852123670522e-05,1.57768519527476e-05,-1.73165129735174e-05,1.54631489827198e-05,-7.55626149932845e-06,3.95030219699198e-06,-2.79151537626733e-06,-5.38188705115735e-06,-1.30931855328073e-07,-2.36228847582829e-06,7.25785749759397e-06,-5.49135334840132e-06,1.47655627412639e-06,6.68528579068113e-06,-5.88553788442328e-06,5.26872920309652e-06,-5.78604149513511e-06,5.97540756767175e-06,-6.60648225281111e-06,1.35221619327018e-05,-6.69330672959868e-06,3.07134213722982e-07,9.13052723024388e-07,1.43976722495673e-06,1.00136573181376e-07,6.77526902922737e-06,-6.69215575436644e-06,-1.42439839556949e-06,1.62734519034041e-06,4.12229215453576e-07,4.894906735366e-06,-2.4928272774688e-06,-1.36265926053413e-06,4.8091175381603e-06,-9.10536183640997e-06
-1.29634322363266e-06,6.60520829616586e-06,-1.06989462126042e-05,1.77963234277248e-05,-1.00838323903742e-05,-3.67592876683246e-06,2.89238675440916e-06,4.76051243602903e-06,3.86403502616038e-06,-6.51978011097084e-06,1.11123318418142e-05,-7.68144321357974e-06,6.35944032690712e-06,1.0738839130606e-05,-1.71135324091436e-06,-1.05154813324537e-05,9.53215275348373e-06,-1.44829985625446e-06,7.60026468775443e-07,6.17214118022411e-06,-3.4560732978163e-06,6.38603781088338e-06,-2.99423926459915e-06,2.50332913068967e-06,-2.4788294718978e-05,0.000141940759229685,-0.00013453890253074,2.84003703946582e-05,-7.55837903717446e-08,2.94020279496518e-06,-1.21503461430142e-05,5.99873950053731e-06,-5.3603488562091e-07,2.43722536555099e-07,-2.74745221451794e-06,4.95540982513341e-06,-4.88426235247436e-06,8.59172850357266e-06,-9.39436251867759e-07,-1.11339883315187e-05,1.0501815241193e-05,-1.90693501139771e-06,-8.23148864618074e-06,7.39393250619653e-06,-1.4921329391195e-06,4.96310024825513e-06,-4.9512406141341e-06,1.67144800364591e-06,3.67381207452848e-06,-8.91677409382763e-06,4.75801473716256e-07,4.15568013029115e-06,2.2367936043059e-06,-1.8534331281271e-06,-5.5805130716102e-06,1.34618303709343e-05,-9.65991663182396e-06,7.44876338051866e-06,1.5202226545823e-06,-5.90205526848384e-06,8.73999749720849e-07,4.85273381848861e-07,2.73882473155887e-06,-4.26485616153321e-07
-5.1386996833688e-06,-8.34642681813168e-06,1.41459190783816e-05,-1.18195781024744e-05,4.89660363150229e-06,3.26142119075603e-06,3.66671234282291e-06,-3.6726394029431e-06,4.29183561273698e-07,5.98990470749411e-06,-9.451544959662e-06,1.09116731849341e-05,-7.9354104557892e-06,-4.46100212289485e-07,2.30728654206506e-06,6.21042794469589e-06,-1.39795695913285e-06,-1.18379909160996e-06,1.14209080027013e-05,-8.64254388674771e-06,5.95652820599626e-06,-1.11254671202081e-06,-1.6700405145382e-06,8.67829632755672e-06,-3.10971541693664e-05,0.000148174357980676,-0.00012974746134549,1.97204576146803e-05,-1.05269356631861e-05,3.82152253681895e-06,1.69758115169096e-06,2.80891140316926e-06,-8.26323192935741e-06,-1.13043993873948e-07,4.48938769363723e-07,1.94838417246265e-07,6.62886818554122e-06,-1.3273785337208e-05,4.27479883127319e-06,8.03050849165407e-06,-8.28167271319804e-06,5.57570536971871e-06,9.43889292223607e-07,-4.82709912556602e-06,3.85186687748987e-07,-1.67385055139933e-06,4.53414138908503e-06,-9.98733015078035e-07,-2.69983474145548e-06,7.41439171585371e-06,-1.43259850945978e-06,-1.45729791186473e-06,-7.4292379670321e-06,6.02105275327057e-06,-2.33718400211339e-06,-1.48163905167397e-06,1.05750961164664e-05,-5.5375044698317e-06,1.44606029258065e-06,-4.86971229047773e-06,1.2258753835945e-05,-3.30831862450547e-06,-2.34575138194254e-06,1.0174887586532e-05
1.4544195929039e-05,-5.65222458649432e-06,7.79291590430667e-07,2.44101478118362e-06,4.27908732843047e-07,7.25934484867406e-06,-8.67632875559119e-06,3.48159625393268e-06,4.19871316024655e-06,-7.06664156805589e-06,1.23155913656893e-05,-5.04547635520519e-06,6.915057270668e-06,-6.141869888765e-06,5.19585074512873e-06,9.3047825896099e-07,4.3837426272458e-06,-3.80338104342626e-06,8.17424155748402e-07,7.91900832869726e-06,1.42145206504386e-06,8.07517837827818e-07,5.7975557966793e-06,-1.03094218143494e-05,-1.86471516976966e-05,0.000140940831866824,-0.000121261068354373,6.29609758213128e-06,1.2395620845985e-05,-5.73548633044468e-06,9.65684736071104e-07,-9.28720634853074e-06,1.25899104668717e-05,1.54633035706152e-06,3.7440286690909e-08,-4.26445771175873e-06,-5.37788114431659e-07,6.56221167176541e-06,-5.36668455148957e-06,-1.41119689331555e-06,2.88741918379052e-06,-2.59919413027134e-06,2.7870570343259e-06,1.01579925095136e-06,6.59659073105476e-06,-7.31916286519788e-06,-4.83473337664707e-06,1.01481026689233e-05,-4.79736387017958e-06,-8.95007961908335e-07,2.68209195129476e-06,2.19322998270083e-06,-3.53784979531504e-06,8.81920211475072e-06,2.8545561426091e-07,-6.24734222287991e-06,2.72639161637453e-06,-2.90805053356502e-06,-2.36705897587791e-06,1.37355797221094e-05,-1.48591531626213e-05,6.53134376948598e-06,1.85305347127839e-06,-8.46385723884455e-06
-1.38109327478653e-05,1.05986958623136e-05,2.46801949955792e-07,-2.61872197003762e-06,8.370799972512e-06,-1.22408920336701e-05,1.04628124424359e-05,-5.15033645192601e-06,3.41092607810126e-06,6.59632215990027e-06,-7.99727590024196e-06,1.71302793785471e-06,-1.07777295843686e-06,7.40400142985976e-06,-4.42001245750034e-07,6.27398107933975e-07,-6.68887058006637e-06,1.09337468707106e-05,-3.68354931867571e-06,-2.03950814674e-06,3.38603457290755e-06,2.76621520467967e-06,3.34905607554049e-06,2.84344136072117e-06,-3.05345157947628e-05,0.000147643658003805,-0.000134900823656807,2.70899681187489e-05,-1.21673340181756e-05,1.05287907782758e-05,-8.40130493364739e-06,9.61736546592205e-06,-1.40552871370302e-05,-1.28931381483647e-06,-4.11551992418143e-06,1.23379376179211e-05,-5.56114097556176e-06,-5.52244233685135e-06,7.33133345369327e-06,2.09337106084437e-06,-1.60479836663472e-06,-4.27998233845264e-06,2.1238470139165e-06,1.19400318731458e-06,-8.36601803415814e-06,9.08828590792126e-06,7.43846478071898e-07,-1.66356014025496e-06,5.75588457868819e-07,-3.91768320864844e-07,-7.64869295079454e-07,-2.72101972051921e-06,1.27640197774554e-05,-9.09999049378284e-06,1.28890433078111e-06,2.14388392623382e-06,-3.44884433815235e-06,1.00235109945471e-05,1.07310870657546e-06,-6.97683472709161e-06,7.12941343370899e-06,-4.11765712044946e-07,-1.52730625253346e-06,6.9711814391805e-06
1.26610003846521e-05,-3.99755338140939e-06,-7.38706826894697e-06,5.80466136882676e-06,1.87882982692685e-06,-1.54324345656739e-06,6.82616890002273e-06,-5.64239249658379e-06,-5.99481964736664e-07,7.73557510153297e-06,-2.0998125607612e-06,-4.93632145180262e-07,4.96562955815817e-06,-5.80312382064771e-06,6.63687596534314e-06,-5.35842083212559e-06,5.39485511801701e-06,2.27950512676047e-06,3.0163055633157e-06,9.7608330221286e-07,4.07978682721734e-06,1.17107823481205e-07,-2.26736813921925e-06,4.21731257166235e-06,-2.54834970387902e-05,0.000144719173895991,-0.000123104326385301,8.26119952798794e-06,8.27805726165665e-06,-1.08921480663971e-05,7.32536933605105e-06,-2.29947539402681e-06,2.41089333080173e-06,2.05850192938523e-06,8.29321785862988e-07,-1.28573551183547e-05,5.7811101278015e-06,5.88749315907099e-06,-5.20470147271123e-06,-5.80855561619155e-06,9.72175060485242e-06,-7.94672063099126e-06,7.66854804676853e-06,-4.40562176411842e-06,-1.17949386918458e-07,5.43292229270844e-06,-3.02719606893388e-06,2.88046933144593e-06,-2.8219268257808e-06,5.16393727691566e-06,-2.56531120536518e-06,3.98296320558093e-06,-6.34789988648574e-06,4.34681511891574e-06,6.02004351836687e-07,4.3532782634464e-06,-4.21769321307273e-07,-1.21684433954399e-05,8.59941175581163e-06,1.07571438556551e-06,2.56007533950053e-06,-5.64799138158627e-06,4.76471429580793e-06,-3.55096362875341e-06
-5.34296686514694e-06,9.24226827555007e-06,4.71406158528508e-06,5.2031349721319e-06,-1.37308254643289e-05,1.12060364482525e-05,-1.04226318224175e-05,1.48998563371654e-05,-7.77734772763269e-06,-3.15207184136913e-06,4.04882111071088e-06,8.35884989611194e-06,-3.70706080463686e-06,3.68934010309893e-06,-1.50718992859368e-06,5.69907226501539e-06,1.86885611786887e-06,-8.27941004605038e-07,-3.36362944095921e-06,3.34050313843121e-06,-2.32952380708143e-06,6.46213955292749e-06,2.26782039910331e-06,-1.3640234532268e-06,-2.79381863339424e-05,0.000155638621330143,-0.000141098422371195,2.38200286605735e-05,2.11097999010717e-06,4.71141119634422e-07,-5.07205398312832e-06,-5.33101128051578e-06,9.11709123769001e-06,-1.04399424647803e-05,9.36971581582087e-06,-4.52446629058211e-06,5.32620627470852e-06,-6.78746928854363e-06,8.95662045501182e-07,7.8494183618876e-06,-1.18465683998084e-05,8.29278997759351e-06,-1.91104842900362e-06,-2.54928134065004e-06,1.08122753413949e-05,-1.27683828524515e-05,8.26149636450964e-06,-6.97825212721237e-06,3.68270294438386e-06,-1.61745826350179e-06,5.45243320920183e-06,-3.18914477380519e-06,4.03580044411125e-06,-4.01172006273132e-06,-1.27472335711668e-06,6.06450229660966e-06,9.01579336728462e-07,6.33798389569168e-06,-6.14846232321423e-06,-2.30343366336875e-06,2.94780302382692e-06,6.45012779487661e-06,-3.64910462685053e-06,-2.76392508518748e-06
-3.10628206883623e-06,-8.88911149054886e-06,5.51818713446479e-06,-1.17821087150666e-05,1.48130860628285e-05,-3.02030661038838e-06,6.497996586891e-06,-1.06349312564838e-05,8.39734288199561e-06,1.21247210694735e-06,4.12237773278858e-06,-4.38107090194263e-06,8.19717102370621e-07,-9.14002464800989e-07,3.01012521781386e-06,3.77000012786833e-06,-3.12392542198961e-06,-5.0614577993389e-06,1.68604850170694e-05,-5.98517848236339e-06,4.83234839686526e-06,-4.17509864872319e-06,9.09230300125099e-06,-5.77811249058907e-06,-2.08244774680961e-05,0.000145969948372161,-0.000130604971397232,2.15641956613802e-05,-9.36147289284834e-06,1.78798037851753e-06,-1.08095779352602e-06,7.16980171256275e-06,-1.13129097530685e-05,6.7667928536881e-06,-3.44360847731252e-06,8.25512230343793e-07,4.5702166132315e-06,-4.05432605814884e-06,3.83698111216477e-06,-9.5954205515267e-06,7.11980244134226e-06,4.40293231245639e-06,-6.47545897026202e-06,7.02402226005895e-06,-1.15710757590896e-05,1.43302059504807e-05,-9.78557061914952e-06,5.04222318593885e-06,2.72676576533641e-06,-5.57305778024682e-06,2.07401558007607e-06,5.69597986912598e-06,-3.40527583709725e-06,4.51160310569292e-06,2.49939071386359e-06,-8.84122719408322e-06,1.78680863115915e-06,-6.18323436157956e-07,7.38001884134079e-06,1.49782124802764e-06,-5.47947094625541e-06,2.91056798675459e-07,6.08636381986941e-07,1.22457525767901e-05
1.35426597111796e-06,1.20067924665978e-05,-6.90466366220591e-06,1.21306819769139e-05,-8.21259523338184e-06,-3.59387327278393e-07,-2.05511739336728e-06,8.91278392064908e-06,2.08470417961702e-07,3.04864166294984e-07,-2.39463874948853e-06,3.20894223301616e-06,2.94768037951655e-06,8.78680377415693e-06,-9.40608987696658e-06,-4.84251870459849e-06,1.72288313610558e-05,2.43926226272422e-06,-1.18603862109534e-05,4.67885265727097e-06,6.67787273977864e-06,-6.10214536388701e-08,-8.84307837328887e-06,9.16022053049901e-06,-2.86901294176923e-05,0.00016036198497987,-0.000137574639003477,5.32269362038422e-06,1.52627392346651e-05,-6.09042942972951e-06,6.05909132348277e-06,-4.6622643644912e-06,1.14244677416249e-06,-8.1516486461526e-07,-1.84133098948301e-06,4.76470781332687e-06,-1.27085438870285e-05,8.47084354662537e-06,-1.4132655949893e-06,2.54076707593218e-06,3.13842436842321e-06,-4.05234395135701e-06,-1.00453632183813e-06,-2.40217432695273e-06,7.9674434475975e-06,-5.90086929735593e-06,8.62351315514311e-06,-6.4389826138048e-06,1.02522283243707e-06,4.75957062265461e-06,-9.57489450528997e-06,-9.79215153357365e-08,4.85669827324984e-06,-1.47719214088398e-06,-8.73051529681043e-07,6.82316052354037e-06,-8.19765137801337e-06,9.23999177881902e-06,-1.11859494287466e-05,7.98450555635215e-06,1.09016165795014e-06,1.66539498456392e-06,-3.22457547393662e-07,-6.07670219748796e-06
